{"stats":{"minecraft:custom":{"minecraft:time_since_rest":2814,"minecraft:open_chest":9,"minecraft:crouch_one_cm":4324,"minecraft:walk_one_cm":76506,"minecraft:play_time":15464,"minecraft:sprint_one_cm":24638,"minecraft:damage_taken":5379,"minecraft:deaths":2,"minecraft:sneak_time":1218,"minecraft:jump":101,"minecraft:damage_dealt":437,"minecraft:leave_game":1,"minecraft:time_since_death":2773,"minecraft:total_world_time":15464,"minecraft:interact_with_crafting_table":2,"minecraft:fly_one_cm":6722,"minecraft:fall_one_cm":3782,"minecraft:player_kills":1},"minecraft:used":{"scp:carton_artificial":1,"scp:aguadealmendras":2,"scp:tuberia_dagger":12},"minecraft:picked_up":{"minecraft:arrow":1,"the_silence:flashlightoff":1,"minecraft:rotten_flesh":3,"scp:pastillas":4,"scp:botiquin_3":1,"scp:estimulante":5,"scp:botiquin":1,"scp:carton_artificial":4,"scp:tuberia_dagger":1},"minecraft:killed_by":{"the_silence:la_cosa_real":1,"grue_remake:grue":1}},"DataVersion":3465}