{"stats":{"minecraft:custom":{"minecraft:time_since_rest":2352,"minecraft:damage_absorbed":80,"minecraft:interact_with_furnace":2,"minecraft:sprint_one_cm":140578,"minecraft:damage_taken":6133,"minecraft:walk_one_cm":225006,"minecraft:drop":1,"minecraft:damage_dealt":554,"minecraft:interact_with_crafting_table":4,"minecraft:fly_one_cm":22113,"minecraft:player_kills":1,"minecraft:open_chest":22,"minecraft:crouch_one_cm":6016,"minecraft:play_time":35511,"minecraft:deaths":3,"minecraft:sneak_time":2144,"minecraft:jump":230,"minecraft:leave_game":2,"minecraft:time_since_death":2310,"minecraft:total_world_time":35511,"minecraft:damage_resisted":60,"minecraft:fall_one_cm":7339},"minecraft:used":{"scp:carton_artificial":1,"scp:aguadealmendras":2,"scp:tuberia_dagger":14,"scp:estimulante":6,"minecraft:rotten_flesh":3,"scp:pastillas":1,"scp:picodecarton":4,"scp:vendas":1},"minecraft:dropped":{"scp:vendas":1},"minecraft:mined":{"minecraft:torch":1,"scp:carton_artificial":3},"minecraft:picked_up":{"pointblank:gunmetal_nugget":1,"scp:botiquin_3":1,"scp:pastillas":4,"minecraft:gunpowder":2,"scp:tuberia_dagger":1,"scp:cuerda":1,"minecraft:arrow":1,"the_silence:flashlightoff":1,"minecraft:rotten_flesh":5,"scp:estimulante":5,"scp:botiquin":1,"scp:carton_artificial":7},"minecraft:killed_by":{"midnightlurker:midnight_lurker_aggressive":1,"the_silence:la_cosa_real":1,"grue_remake:grue":1},"minecraft:crafted":{"scp:picodecarton":1,"scp:carnede_sabueso_cocinada":1}},"DataVersion":3465}