{"stats":{"minecraft:custom":{"minecraft:time_since_rest":14814,"minecraft:open_chest":19,"minecraft:interact_with_furnace":2,"minecraft:crouch_one_cm":5818,"minecraft:walk_one_cm":145494,"minecraft:play_time":27464,"minecraft:sprint_one_cm":71456,"minecraft:damage_taken":5668,"minecraft:deaths":2,"minecraft:sneak_time":2056,"minecraft:drop":1,"minecraft:jump":213,"minecraft:damage_dealt":554,"minecraft:leave_game":1,"minecraft:time_since_death":14773,"minecraft:damage_resisted":40,"minecraft:total_world_time":27464,"minecraft:damage_absorbed":80,"minecraft:interact_with_crafting_table":3,"minecraft:fly_one_cm":18569,"minecraft:fall_one_cm":6919,"minecraft:player_kills":1},"minecraft:used":{"scp:carton_artificial":1,"scp:aguadealmendras":2,"scp:picodecarton":1,"scp:vendas":1,"scp:tuberia_dagger":14,"scp:estimulante":4,"minecraft:rotten_flesh":1},"minecraft:dropped":{"scp:vendas":1},"minecraft:picked_up":{"scp:cuerda":1,"minecraft:arrow":1,"the_silence:flashlightoff":1,"minecraft:rotten_flesh":3,"scp:pastillas":4,"scp:botiquin_3":1,"scp:estimulante":5,"scp:botiquin":1,"scp:carton_artificial":4,"scp:tuberia_dagger":1},"minecraft:crafted":{"scp:carnede_sabueso_cocinada":1,"scp:picodecarton":1},"minecraft:killed_by":{"the_silence:la_cosa_real":1,"grue_remake:grue":1}},"DataVersion":3465}