{"stats":{"minecraft:custom":{"minecraft:time_since_rest":5716,"minecraft:damage_taken":7895,"minecraft:interact_with_furnace":9,"minecraft:sprint_one_cm":265756,"minecraft:damage_absorbed":80,"minecraft:walk_one_cm":106448,"minecraft:mob_kills":9,"minecraft:drop":2,"minecraft:damage_dealt":4434,"minecraft:interact_with_crafting_table":1,"minecraft:fly_one_cm":124895,"minecraft:player_kills":2,"minecraft:open_chest":8,"minecraft:crouch_one_cm":17,"minecraft:play_time":34731,"minecraft:deaths":10,"minecraft:sneak_time":138,"minecraft:jump":312,"minecraft:leave_game":5,"minecraft:time_since_death":4040,"minecraft:total_world_time":34731,"minecraft:fall_one_cm":19025},"minecraft:used":{"minecraft:rotten_flesh":1,"scp:pastillas":3,"scp:vendas":7,"scp:palanca_scythe":112,"scp:carnede_sabueso_cocinada":3},"minecraft:killed":{"minecraft:skeleton":3,"scp:walkingheads_amigo":4},"minecraft:dropped":{"scp:carton_artificial":1,"minecraft:bone":1},"minecraft:mined":{"minecraft:crafting_table":1},"minecraft:picked_up":{"minecraft:crafting_table":1,"scp:barrita_energetica":2,"the_silence:flashlight":1,"minecraft:torch":1,"scp:sangredesmiler":1,"pointblank:gunmetal_nugget":27,"minecraft:arrow":2,"minecraft:bone":1,"minecraft:rotten_flesh":1,"scp:carnede_sabueso":4,"scp:vendas":3,"scp:carton_artificial":1},"minecraft:crafted":{"scp:carnede_sabueso_cocinada":3,"minecraft:air":0},"minecraft:killed_by":{"doppelgangermod:dp_creeper":1,"scp:walkingheads_amigo":5,"minecraft:player":1,"grue_remake:grue":1,"minecraft:skeleton":1,"scp:dullernuevo":1}},"DataVersion":3465}