{"stats":{"minecraft:custom":{"minecraft:time_since_rest":14868,"minecraft:interact_with_furnace":1,"minecraft:sprint_one_cm":139509,"minecraft:damage_taken":412,"minecraft:walk_one_cm":69514,"minecraft:mob_kills":6,"minecraft:damage_dealt":1440,"minecraft:talked_to_villager":1,"minecraft:interact_with_crafting_table":4,"minecraft:swim_one_cm":36562,"minecraft:fly_one_cm":188687,"minecraft:open_chest":5,"minecraft:crouch_one_cm":698,"minecraft:play_time":39112,"minecraft:open_shulker_box":1,"minecraft:deaths":1,"minecraft:sneak_time":512,"minecraft:walk_under_water_one_cm":1644,"minecraft:jump":898,"minecraft:walk_on_water_one_cm":3910,"minecraft:time_since_death":14844,"minecraft:total_world_time":39112,"minecraft:fall_one_cm":22495},"minecraft:crafted":{"minecraft:crafting_table":1,"minecraft:spruce_planks":32,"minecraft:stick":4,"minecraft:wooden_pickaxe":1,"minecraft:wooden_axe":1,"minecraft:furnace":1,"minecraft:spruce_door":3},"minecraft:used":{"minecraft:wooden_axe":2,"minecraft:iron_shovel":15,"minecraft:spruce_door":3,"minecraft:iron_pickaxe":97,"minecraft:spruce_planks":4,"minecraft:wooden_pickaxe":2,"minecraft:rotten_flesh":3,"minecraft:dirt":11,"minecraft:stone_axe":36,"minecraft:cobblestone":4,"minecraft:purple_bed":1,"minecraft:crafting_table":2,"minecraft:furnace":1,"minecraft:carrot":26,"minecraft:shulker_box":1,"minecraft:spruce_log":4},"minecraft:killed_by":{"alexsmobs:grizzly_bear":1},"minecraft:mined":{"minecraft:purple_bed":2,"minecraft:spruce_log":13,"minecraft:spruce_door":1,"minecraft:pumpkin":7,"minecraft:shulker_box":1,"minecraft:crafting_table":1,"minecraft:grass":1,"minecraft:grass_block":8,"minecraft:coal_ore":27,"biomesoplenty:fir_leaves":1,"minecraft:chest":7,"minecraft:gravel":4,"minecraft:dirt":3,"minecraft:stone":71,"minecraft:sugar_cane":9,"minecraft:fern":1},"minecraft:picked_up":{"minecraft:crafting_table":1,"minecraft:pumpkin":7,"minecraft:gravel":4,"minecraft:porkchop":3,"jdcoin:tarjeta_de_credito":1,"minecraft:dirt":11,"minecraft:spruce_door":1,"minecraft:spruce_log":13,"minecraft:spider_eye":1,"minecraft:shulker_box":2,"minecraft:purple_bed":2,"minecraft:rotten_flesh":4,"minecraft:iron_ingot":4,"minecraft:mutton":6,"minecraft:chest":7,"minecraft:sugar_cane":26,"jdcoin:jd_coin":1,"minecraft:coal":27,"minecraft:white_wool":3,"minecraft:cobblestone":57},"minecraft:killed":{"minecraft:sheep":3,"minecraft:pig":2,"minecraft:iron_golem":1}},"DataVersion":3465}