{"stats":{"minecraft:custom":{"minecraft:time_since_rest":7446,"minecraft:damage_taken":8531,"minecraft:damage_absorbed":80,"minecraft:interact_with_furnace":13,"minecraft:sprint_one_cm":420547,"minecraft:walk_one_cm":182138,"minecraft:mob_kills":31,"minecraft:drop":3,"minecraft:damage_dealt":8338,"minecraft:interact_with_crafting_table":9,"minecraft:fly_one_cm":189546,"minecraft:player_kills":3,"minecraft:open_chest":17,"minecraft:crouch_one_cm":1625,"minecraft:play_time":61143,"minecraft:sneak_time":1104,"minecraft:deaths":11,"minecraft:jump":469,"minecraft:leave_game":10,"minecraft:time_since_death":7386,"minecraft:total_world_time":61143,"minecraft:fall_one_cm":31258},"minecraft:killed":{"minecraft:skeleton":4,"minecraft:zombie":10,"scp:dullernuevo":2,"scp:sabueso_2":7,"minecraft:creeper":1,"scp:walkingheads_amigo":4},"minecraft:used":{"scp:aguadealmendras":1,"scp:carnede_sabueso":1,"minecraft:rotten_flesh":1,"minecraft:torch":1,"scp:pastillas":5,"scp:picodecarton":13,"minecraft:crafting_table":2,"scp:vendas":12,"scp:palanca_scythe":239,"scp:carnede_sabueso_cocinada":8},"minecraft:dropped":{"scp:carton_artificial":1,"scp:picodecarton":1,"minecraft:bone":1},"minecraft:mined":{"minecraft:crafting_table":2,"scp:carton_artificial":13},"minecraft:picked_up":{"minecraft:crafting_table":2,"minecraft:feather":1,"scp:barrita_energetica":2,"the_silence:flashlight":1,"minecraft:torch":1,"scp:sangredesmiler":3,"pointblank:gunmetal_nugget":42,"scp:picodecarton":1,"minecraft:bone":1,"minecraft:arrow":2,"minecraft:rotten_flesh":9,"scp:carnede_sabueso":10,"scp:vendas":3,"scp:carton_artificial":11},"minecraft:crafted":{"scp:picodecarton":1,"scp:trozosdecarton":4,"scp:carnede_sabueso_cocinada":9,"minecraft:air":0},"minecraft:killed_by":{"doppelgangermod:dp_creeper":1,"scp:walkingheads_amigo":5,"midnightlurker:midnight_lurker_aggressive":1,"minecraft:player":1,"grue_remake:grue":1,"minecraft:skeleton":1,"scp:dullernuevo":1}},"DataVersion":3465}