{"stats":{"minecraft:killed_by":{"doppelgangermod:dp_creeper":1,"minecraft:skeleton":1,"grue_remake:grue":1,"scp:walkingheads_amigo":5,"minecraft:player":1},"minecraft:dropped":{"minecraft:bone":1,"scp:carton_artificial":1},"minecraft:crafted":{"scp:carnede_sabueso_cocinada":3,"minecraft:air":0},"minecraft:custom":{"minecraft:damage_taken":7555,"minecraft:time_since_rest":8605,"minecraft:open_chest":5,"minecraft:damage_absorbed":80,"minecraft:play_time":28183,"minecraft:crouch_one_cm":17,"minecraft:sprint_one_cm":214828,"minecraft:deaths":9,"minecraft:walk_one_cm":92195,"minecraft:sneak_time":138,"minecraft:mob_kills":8,"minecraft:drop":2,"minecraft:jump":256,"minecraft:damage_dealt":4234,"minecraft:leave_game":2,"minecraft:time_since_death":8581,"minecraft:total_world_time":28183,"minecraft:interact_with_furnace":8,"minecraft:interact_with_crafting_table":1,"minecraft:fall_one_cm":10590,"minecraft:fly_one_cm":88407,"minecraft:player_kills":2},"minecraft:picked_up":{"minecraft:bone":1,"the_silence:flashlight":1,"minecraft:rotten_flesh":1,"minecraft:torch":1,"scp:carnede_sabueso":4,"pointblank:gunmetal_nugget":18,"scp:carton_artificial":1},"minecraft:used":{"scp:pastillas":2,"scp:vendas":5,"scp:carnede_sabueso_cocinada":3,"scp:palanca_scythe":106,"minecraft:rotten_flesh":1},"minecraft:killed":{"minecraft:skeleton":2,"scp:walkingheads_amigo":4}},"DataVersion":3465}