{"stats":{"minecraft:dropped":{"minecraft:stick":2,"tacz:modern_kinetic_gun":1,"jdcoin:jd_coin":640,"sophisticatedbackpacks:backpack":1,"minecraft:spider_eye":1,"tacz:ammo":300},"minecraft:killed":{"alexsmobs:hummingbird":2,"alexsmobs:lobster":4,"minecraft:cave_spider":6,"minecraft:witch":1,"alexsmobs:raccoon":2,"minecraft:spider":3,"minecraft:cod":3,"minecraft:skeleton":12,"alexsmobs:centipede_head":3,"minecraft:drowned":1,"minecraft:wolf":1,"minecraft:pig":5,"alexsmobs:grizzly_bear":1,"minecraft:zombie_villager":2,"alexsmobs:skunk":1,"minecraft:salmon":2,"minecraft:iron_golem":1,"minecraft:creeper":7,"minecraft:squid":1,"minecraft:sheep":7,"minecraft:pillager":2,"alexsmobs:cockroach":2,"alexsmobs:crocodile":2,"minecraft:zombie":22,"alexsmobs:cachalot_whale":1,"alexsmobs:terrapin":1,"minecraft:enderman":2,"minecraft:cow":15},"minecraft:picked_up":{"minecraft:crafting_table":3,"refurbished_furniture:oak_crate":7,"jdcoin:tarjeta_de_credito":2,"minecraft:moss_carpet":5,"minecraft:string":47,"minecraft:raw_copper":51,"tacz:ammo":285,"minecraft:cobbled_deepslate":32,"minecraft:beef":28,"minecraft:written_book":1,"alexsmobs:raccoon_tail":2,"minecraft:sugar_cane":38,"minecraft:chest":7,"minecraft:stick":2,"minecraft:raw_iron":73,"minecraft:torch":3,"minecraft:spruce_stairs":5,"sophisticatedbackpacks:backpack":1,"minecraft:porkchop":9,"tacz:attachment":2,"minecraft:pointed_dripstone":1,"minecraft:diorite":19,"mcwdoors:metal_warning_door":3,"minecraft:redstone":471,"alexsmobs:centipede_leg":1,"alexsmobs:crocodile_scute":4,"minecraft:arrow":14,"minecraft:rotten_flesh":19,"minecraft:mutton":12,"minecraft:cobblestone":227,"minecraft:white_wool":6,"minecraft:rail":4,"minecraft:glow_ink_sac":4,"minecraft:andesite":10,"minecraft:leather":16,"minecraft:flint":1,"minecraft:tuff":1,"minecraft:oak_log":31,"minecraft:gunpowder":8,"minecraft:lapis_lazuli":77,"minecraft:dirt":35,"minecraft:white_banner":1,"minecraft:bone":18,"minecraft:bow":1,"minecraft:wheat_seeds":2,"minecraft:raw_gold":22,"alexsmobs:cockroach_wing_fragment":1,"minecraft:iron_ingot":4,"minecraft:cobweb":30,"minecraft:moss_block":3,"tacz:gun_smith_table":2,"jdcoin:jd_coin":769,"minecraft:oak_planks":4,"minecraft:sculk_catalyst":2,"minecraft:pumpkin":7,"minecraft:gravel":9,"minecraft:sand":6,"minecraft:ink_sac":1,"minecraft:spruce_log":13,"minecraft:lily_of_the_valley":1,"minecraft:spider_eye":3,"minecraft:spruce_door":5,"minecraft:shulker_box":10,"minecraft:purple_bed":2,"minecraft:diamond":9,"minecraft:granite":1,"chipped:golden_cherry_jungle_leaves":1,"minecraft:gray_wool":41,"minecraft:black_wool":1,"minecraft:coal":53},"minecraft:used":{"minecraft:stone_sword":85,"minecraft:iron_shovel":46,"minecraft:diamond_hoe":12,"tacz:gun_smith_table":3,"minecraft:chest":7,"minecraft:spruce_planks":4,"minecraft:rotten_flesh":3,"minecraft:torch":8,"minecraft:dirt":33,"minecraft:spruce_stairs":17,"minecraft:carrot":267,"minecraft:shulker_box":9,"minecraft:granite":1,"minecraft:wooden_axe":2,"minecraft:iron_axe":156,"refurbished_furniture:oak_crate":7,"minecraft:golden_carrot":2,"minecraft:furnace":1,"mcwdoors:metal_warning_door":3,"minecraft:cooked_mutton":2,"minecraft:water_bucket":158,"minecraft:diorite":16,"minecraft:spruce_door":7,"minecraft:stone_pickaxe":24,"minecraft:wooden_pickaxe":2,"minecraft:golden_apple":1,"minecraft:crafting_table":4,"minecraft:shears":41,"minecraft:spruce_log":4,"chipped:golden_cherry_jungle_leaves":1,"minecraft:bread":2,"minecraft:iron_pickaxe":622,"minecraft:gravel":1,"minecraft:stone_axe":37,"minecraft:cobblestone":13,"minecraft:purple_bed":1,"minecraft:andesite":1,"minecraft:bucket":159,"minecraft:gray_wool":35,"minecraft:cobweb":24},"minecraft:broken":{"minecraft:stone_sword":1,"minecraft:iron_boots":1,"minecraft:iron_axe":1,"minecraft:iron_pickaxe":2,"minecraft:iron_helmet":1},"minecraft:mined":{"minecraft:diamond_ore":1,"minecraft:tuff":1,"refurbished_furniture:oak_crate":7,"minecraft:deepslate_diamond_ore":8,"minecraft:shulker_box":9,"minecraft:glow_lichen":2,"minecraft:granite":1,"minecraft:grass_block":22,"minecraft:moss_block":3,"tacz:gun_smith_table":2,"minecraft:spawner":2,"minecraft:redstone_ore":12,"minecraft:iron_ore":57,"minecraft:andesite":10,"minecraft:pumpkin":7,"minecraft:deepslate_lapis_ore":11,"minecraft:sculk_shrieker":4,"minecraft:pointed_dripstone":1,"minecraft:deepslate_iron_ore":17,"biomesoplenty:webbing":3,"mcwdoors:metal_warning_door":3,"biomesoplenty:spider_egg":1,"minecraft:stone":229,"minecraft:deepslate_redstone_ore":92,"minecraft:spruce_door":5,"minecraft:crafting_table":3,"minecraft:chest":7,"minecraft:sculk_sensor":5,"minecraft:copper_ore":14,"minecraft:tall_grass":3,"minecraft:cobblestone":1,"minecraft:sculk":3,"minecraft:deepslate_gold_ore":22,"minecraft:lapis_ore":1,"minecraft:sugar_cane":14,"minecraft:oak_planks":1,"minecraft:diorite":19,"minecraft:wall_torch":2,"minecraft:spruce_stairs":5,"minecraft:gray_wool":42,"minecraft:purple_bed":2,"minecraft:spruce_log":13,"minecraft:grass":10,"minecraft:oak_log":32,"minecraft:coal_ore":53,"biomesoplenty:fir_leaves":1,"minecraft:sand":6,"minecraft:gravel":10,"minecraft:dirt":13,"minecraft:cobweb":42,"chipped:golden_cherry_jungle_leaves":1,"minecraft:oak_leaves":9,"minecraft:deepslate":31,"minecraft:fern":1},"minecraft:custom":{"minecraft:mob_kills":114,"minecraft:interact_with_crafting_table":32,"minecraft:open_barrel":20,"minecraft:open_shulker_box":9,"minecraft:leave_game":1,"minecraft:time_since_death":9091,"minecraft:climb_one_cm":1086,"minecraft:sprint_one_cm":889881,"minecraft:walk_one_cm":451123,"minecraft:drop":20,"minecraft:damage_dealt_absorbed":40,"minecraft:talked_to_villager":1,"minecraft:play_time":265585,"minecraft:deaths":13,"minecraft:sneak_time":7935,"minecraft:walk_under_water_one_cm":60973,"minecraft:boat_one_cm":967618,"minecraft:jump":6313,"minecraft:walk_on_water_one_cm":103364,"minecraft:total_world_time":265585,"minecraft:interact_with_furnace":26,"minecraft:sleep_in_bed":2,"minecraft:time_since_rest":9116,"minecraft:damage_taken":8125,"minecraft:damage_absorbed":39,"minecraft:damage_dealt":11815,"minecraft:swim_one_cm":153569,"minecraft:fly_one_cm":1222527,"minecraft:open_chest":57,"minecraft:crouch_one_cm":20436,"minecraft:fall_one_cm":204527},"minecraft:killed_by":{"minecraft:player":3,"minecraft:enderman":1,"minecraft:warden":2,"alexsmobs:crocodile":1,"minecraft:skeleton":3,"minecraft:zombie":2,"alexsmobs:grizzly_bear":1},"minecraft:crafted":{"minecraft:oak_planks":8,"minecraft:furnace":1,"minecraft:cooked_mutton":6,"minecraft:glass":3,"minecraft:spruce_stairs":16,"minecraft:diamond_helmet":1,"minecraft:iron_axe":1,"minecraft:stone_pickaxe":1,"minecraft:diamond_boots":1,"minecraft:chest":1,"minecraft:iron_door":3,"sophisticatedbackpacks:iron_backpack":1,"sophisticatedbackpacks:backpack":1,"minecraft:diamond_axe":1,"minecraft:crafting_table":2,"minecraft:spruce_planks":56,"minecraft:wooden_pickaxe":1,"minecraft:spruce_door":3,"tacz:gun_smith_table":1,"minecraft:copper_ingot":16,"sophisticatedbackpacks:gold_backpack":1,"minecraft:bucket":1,"minecraft:air":0,"securitycraft:door_indestructible_iron_item":2,"minecraft:diamond_pickaxe":1,"minecraft:stick":20,"minecraft:iron_pickaxe":2,"minecraft:iron_ingot":64,"minecraft:wooden_axe":1,"minecraft:iron_block":1,"minecraft:gold_ingot":12,"minecraft:torch":8,"minecraft:shears":1,"minecraft:diamond_chestplate":1}},"DataVersion":3465}