{"stats":{"minecraft:crafted":{"minecraft:oak_planks":4,"minecraft:hopper":1,"quark:acacia_chest":24,"minecraft:chest":1,"biomesoplenty:palm_slab":264,"sophisticatedbackpacks:iron_backpack":1,"minecraft:crafting_table":1,"dramaticdoors:tall_bop_palm_door":4,"sophisticatedbackpacks:gold_backpack":1,"minecraft:jungle_planks":4,"biomesoplenty:palm_door":9,"sophisticatedbackpacks:diamond_backpack":1,"minecraft:acacia_planks":160,"biomesoplenty:palm_planks":204},"minecraft:picked_up":{"radiation_zone:radioactive_flame":3,"biomesoplenty:stripped_palm_log":3,"radiation_zone:radiation_smithing_template":1,"radiation_zone:decaying_waste_liquid_bucket":1,"minecraft:gold_block":3,"minecraft:enchanted_book":9,"biomesoplenty:huge_lily_pad":5,"minecraft:amethyst_block":10,"minecraft:string":1,"minecraft:iron_axe":1,"minecraft:flint_and_steel":1,"radiation_zone:desolate_nugget":4,"minecraft:cobbled_deepslate":74,"radiation_zone:desolate_armor_boots":1,"minecraft:beef":1,"minecraft:rose_bush":4,"minecraft:poppy":1,"minecraft:light_gray_wool":1,"minecraft:sugar_cane":1,"minecraft:chest":3,"minecraft:egg":3,"minecraft:stick":4,"minecraft:raw_iron":2,"minecraft:acacia_log":38,"sophisticatedbackpacks:backpack":1,"minecraft:porkchop":7,"minecraft:fire_charge":2,"minecraft:carrot":17,"alexsmobs:tendon_whip":1,"minecraft:redstone":10,"radiation_zone:natural_uranium_crystals":4,"luckytntmod:deepslate_uranium_ore":16,"sophisticatedbackpacks:pickup_upgrade":1,"minecraft:arrow":4,"biomesoplenty:palm_slab":34,"alexsmobs:flying_fish_boots":1,"biomesoplenty:orange_sandstone":258,"alexsmobs:emu_egg":1,"radiation_zone:desolate_armor_helmet":1,"minecraft:gold_ingot":68,"minecraft:mutton":5,"biomesoplenty:orange_sand":6,"minecraft:white_wool":2,"minecraft:cobblestone":26,"minecraft:cooked_beef":68,"minecraft:feather":19,"minecraft:andesite":7,"minecraft:water_bucket":1,"minecraft:jungle_log":6,"minecraft:leather":3,"biomesoplenty:palm_planks":6,"minecraft:lily_pad":1,"alexsmobs:cooked_kangaroo_meat":4,"minecraft:gunpowder":96,"radiation_zone:phosphor":3,"radiation_zone:natural_uranium":64,"minecraft:cooked_mutton":128,"minecraft:wheat_seeds":4,"minecraft:iron_ingot":15,"minecraft:cooked_chicken":2,"dramaticdoors:tall_bop_palm_door":2,"biomesoplenty:palm_sapling":1,"radiation_zone:irradiated_eggplant":2,"radiation_zone:totem_horns":1,"sophisticatedbackpacks:diamond_backpack":2,"biomesoplenty:waterlily":1,"minecraft:gravel":4,"minecraft:sand":5,"radiation_zone:desolate_sword":1,"sophisticatedbackpacks:iron_backpack":3,"radiation_zone:decaying_uranium_stone":64,"quark:jasper":7,"alexsmobs:centipede_leggings":1,"alexsmobs:kangaroo_hide":3,"radiation_zone:desolate_armor_leggings":1,"minecraft:diamond":24,"biomesoplenty:palm_door":1,"minecraft:crossbow":2,"radiation_zone:desolate_armor_chestplate":1,"minecraft:golden_apple":1,"sophisticatedbackpacks:feeding_upgrade":1,"minecraft:emerald":24,"minecraft:baked_potato":1,"minecraft:hopper":1,"minecraft:ender_pearl":7,"minecraft:diamond_pickaxe":1},"minecraft:killed_by":{"minecraft:player":1,"alexsmobs:cachalot_whale":1,"minecraft:skeleton":1,"minecraft:witch":1},"minecraft:mined":{"minecraft:tuff":12,"biomesoplenty:watergrass":23,"minecraft:deepslate_diamond_ore":37,"biomesoplenty:desert_grass":4,"luckytntmod:deepslate_gunpowder_ore":61,"biomesoplenty:stripped_palm_log":3,"minecraft:granite":9,"biomesoplenty:bush":1,"minecraft:acacia_log":52,"minecraft:stone_brick_wall":1,"minecraft:grass_block":3,"minecraft:jungle_log":8,"biomesoplenty:orange_sandstone":323,"minecraft:hopper":2,"biomesoplenty:palm_door":1,"minecraft:sandstone":1,"biomesoplenty:dune_grass":22,"quark:jasper":7,"minecraft:spawner":3,"biomesoplenty:palm_log":58,"minecraft:large_fern":1,"biomesoplenty:palm_leaves":13,"minecraft:cobbled_deepslate":2,"minecraft:fire":1,"minecraft:suspicious_sand":1,"minecraft:andesite":33,"biomesoplenty:palm_slab":23,"minecraft:peony":1,"minecraft:azure_bluet":1,"minecraft:vine":2,"minecraft:bamboo":1,"minecraft:white_tulip":2,"minecraft:stone":146,"minecraft:deepslate_redstone_ore":2,"dramaticdoors:tall_bop_palm_door":2,"minecraft:acacia_leaves":2,"minecraft:crafting_table":1,"minecraft:melon":8,"minecraft:chest":1,"minecraft:rose_bush":13,"minecraft:dead_bush":11,"biomesoplenty:palm_planks":6,"minecraft:copper_ore":2,"minecraft:tall_grass":8,"biomesoplenty:sprout":6,"minecraft:lily_pad":1,"minecraft:sugar_cane":1,"minecraft:diorite":20,"minecraft:seagrass":1,"biomesoplenty:huge_lily_pad":5,"sophisticatedbackpacks:diamond_backpack":2,"kiwis_brine:azurtite":16,"minecraft:lilac":1,"biomesoplenty:waterlily":1,"minecraft:grass":47,"minecraft:oak_log":2,"minecraft:coal_ore":3,"minecraft:gravel":5,"minecraft:sand":19,"minecraft:dirt":3,"minecraft:cobweb":5,"minecraft:cracked_stone_bricks":1,"minecraft:deepslate":152,"minecraft:fern":27,"luckytntmod:gunpowder_ore":1},"minecraft:killed":{"alexsmobs:lobster":4,"minecraft:cave_spider":6,"minecraft:witch":4,"slasher:slasher":6,"minecraft:spider":14,"alexsmobs:murmur":1,"quark:toretoise":1,"minecraft:cod":2,"alexsmobs:seagull":7,"alexsmobs:rattlesnake":1,"minecraft:pufferfish":1,"quark:forgotten":3,"minecraft:skeleton":26,"slasher:slasher_particle":1,"alexsmobs:leafcutter_ant":1,"minecraft:chicken":5,"alexsmobs:centipede_head":3,"minecraft:tropical_fish":3,"alexsmobs:kangaroo":3,"minecraft:husk":10,"alexsmobs:guster":1,"minecraft:pig":4,"quark:stoneling":11,"minecraft:iron_golem":1,"minecraft:bat":6,"alexsmobs:mantis_shrimp":1,"minecraft:creeper":13,"minecraft:squid":1,"alexsmobs:emu":1,"minecraft:sheep":4,"minecraft:zombie":85,"alexsmobs:cockroach":1,"alexsmobs:roadrunner":1,"alexsmobs:fly":4,"minecraft:cow":3},"minecraft:dropped":{"sophisticatedbackpacks:iron_backpack":3,"minecraft:bread":1,"minecraft:wheat_seeds":1,"minecraft:cooked_beef":1,"minecraft:cobblestone":26,"minecraft:stick":4,"minecraft:gold_block":2,"biomesoplenty:orange_sand":6,"minecraft:rose_bush":4,"minecraft:sand":4,"quark:jasper":7,"minecraft:string":1,"minecraft:white_wool":2,"minecraft:redstone":10,"minecraft:gravel":4,"alexsmobs:animal_dictionary":1,"minecraft:light_gray_wool":1,"alexsmobs:kangaroo_hide":3,"minecraft:andesite":7,"minecraft:jungle_log":6,"minecraft:beef":1},"minecraft:custom":{"minecraft:interact_with_anvil":3,"minecraft:mob_kills":253,"minecraft:inspect_hopper":2,"minecraft:interact_with_crafting_table":24,"minecraft:damage_dealt_resisted":32,"minecraft:leave_game":3,"minecraft:time_since_death":90231,"minecraft:climb_one_cm":4221,"minecraft:sprint_one_cm":662891,"minecraft:walk_one_cm":538774,"minecraft:drop":35,"minecraft:damage_dealt_absorbed":80,"minecraft:talked_to_villager":2,"minecraft:play_time":254926,"minecraft:sneak_time":9980,"minecraft:deaths":6,"minecraft:walk_under_water_one_cm":85680,"minecraft:jump":5394,"minecraft:walk_on_water_one_cm":229848,"minecraft:total_world_time":254926,"minecraft:time_since_rest":90265,"minecraft:damage_absorbed":40,"minecraft:damage_taken":10674,"minecraft:damage_dealt":31212,"minecraft:swim_one_cm":173223,"minecraft:fly_one_cm":1386625,"minecraft:open_chest":31,"minecraft:crouch_one_cm":38001,"minecraft:fall_one_cm":195106},"minecraft:used":{"alexsmobs:emu_egg":1,"minecraft:chest":1,"minecraft:cooked_chicken":2,"minecraft:rotten_flesh":2,"minecraft:hopper":2,"radiation_zone:desolate_armor_chestplate":1,"alexsmobs:cooked_kangaroo_meat":4,"minecraft:carrot":9,"radiation_zone:desolate_sword":507,"minecraft:granite":1,"biomesoplenty:palm_log":7,"minecraft:axolotl_bucket":1,"biomesoplenty:palm_sapling":1,"sophisticatedbackpacks:diamond_backpack":2,"alexsmobs:maggot":2,"minecraft:iron_axe":187,"radiation_zone:desolate_armor_helmet":3,"radiation_zone:desolate_armor_leggings":37,"biomesoplenty:orange_sandstone":316,"minecraft:cooked_beef":13,"minecraft:potato":1,"minecraft:cobbled_deepslate":74,"minecraft:cooked_mutton":103,"minecraft:water_bucket":172,"minecraft:baked_potato":1,"minecraft:ender_pearl":1,"quark:forgotten_hat":2,"alexsmobs:flying_fish_boots":38,"radiation_zone:desolate_armor_boots":39,"minecraft:golden_apple":1,"minecraft:sand":3,"minecraft:crafting_table":1,"quark:acacia_chest":22,"minecraft:spider_eye":2,"biomesoplenty:palm_door":1,"minecraft:diamond_pickaxe":841,"biomesoplenty:palm_slab":214,"minecraft:bread":7,"minecraft:melon_slice":38,"biomesoplenty:palm_planks":56,"alexsmobs:tendon_whip":78,"minecraft:bucket":173,"alexsmobs:centipede_leggings":36,"alexsmobs:animal_dictionary":2,"dramaticdoors:tall_bop_palm_door":4}},"DataVersion":3465}