{"stats":{"minecraft:killed_by":{"minecraft:player":1,"minecraft:skeleton":2,"minecraft:zombie":1,"alexsmobs:grizzly_bear":1},"minecraft:killed":{"minecraft:cave_spider":3,"minecraft:witch":1,"alexsmobs:raccoon":1,"minecraft:spider":1,"minecraft:skeleton":3,"minecraft:drowned":1,"minecraft:pig":5,"alexsmobs:grizzly_bear":1,"minecraft:zombie_villager":1,"minecraft:iron_golem":1,"minecraft:sheep":7,"alexsmobs:cockroach":2,"minecraft:zombie":9,"minecraft:cow":14},"minecraft:dropped":{"sophisticatedbackpacks:backpack":1},"minecraft:broken":{"minecraft:iron_pickaxe":1},"minecraft:picked_up":{"minecraft:crafting_table":2,"refurbished_furniture:oak_crate":7,"jdcoin:tarjeta_de_credito":1,"minecraft:string":45,"minecraft:cobbled_deepslate":6,"minecraft:beef":25,"alexsmobs:raccoon_tail":1,"minecraft:sugar_cane":38,"minecraft:chest":7,"minecraft:raw_iron":25,"minecraft:torch":2,"minecraft:spruce_stairs":5,"sophisticatedbackpacks:backpack":1,"minecraft:porkchop":9,"tacz:attachment":1,"minecraft:pointed_dripstone":1,"minecraft:diorite":14,"minecraft:redstone":63,"mcwdoors:metal_warning_door":3,"minecraft:arrow":3,"minecraft:rotten_flesh":12,"minecraft:mutton":12,"minecraft:cobblestone":179,"minecraft:rail":2,"minecraft:white_wool":6,"minecraft:glow_ink_sac":4,"minecraft:leather":16,"minecraft:oak_log":7,"minecraft:lapis_lazuli":19,"minecraft:dirt":25,"minecraft:bone":5,"minecraft:bow":1,"minecraft:wheat_seeds":1,"alexsmobs:cockroach_wing_fragment":1,"minecraft:iron_ingot":4,"minecraft:cobweb":30,"jdcoin:jd_coin":1,"minecraft:oak_planks":4,"minecraft:pumpkin":7,"minecraft:gravel":4,"minecraft:spruce_log":13,"minecraft:lily_of_the_valley":1,"minecraft:shulker_box":9,"minecraft:spider_eye":2,"minecraft:spruce_door":5,"minecraft:purple_bed":2,"minecraft:diamond":1,"minecraft:granite":1,"chipped:golden_cherry_jungle_leaves":1,"minecraft:black_wool":1,"minecraft:coal":29},"minecraft:crafted":{"minecraft:oak_planks":8,"minecraft:furnace":1,"minecraft:cooked_mutton":6,"minecraft:spruce_stairs":16,"minecraft:iron_axe":1,"minecraft:stone_pickaxe":1,"minecraft:chest":1,"sophisticatedbackpacks:iron_backpack":1,"sophisticatedbackpacks:backpack":1,"minecraft:crafting_table":2,"minecraft:spruce_planks":56,"minecraft:wooden_pickaxe":1,"minecraft:spruce_door":3,"minecraft:bucket":1,"minecraft:stick":12,"minecraft:iron_ingot":19,"minecraft:iron_pickaxe":1,"minecraft:wooden_axe":1,"minecraft:torch":8},"minecraft:mined":{"minecraft:diamond_ore":1,"refurbished_furniture:oak_crate":7,"minecraft:shulker_box":8,"minecraft:glow_lichen":1,"minecraft:granite":1,"minecraft:grass_block":17,"minecraft:spawner":2,"minecraft:iron_ore":24,"minecraft:pumpkin":7,"minecraft:deepslate_lapis_ore":2,"minecraft:pointed_dripstone":1,"minecraft:deepslate_iron_ore":2,"mcwdoors:metal_warning_door":3,"minecraft:stone":181,"minecraft:deepslate_redstone_ore":14,"minecraft:spruce_door":5,"minecraft:crafting_table":2,"minecraft:chest":7,"minecraft:tall_grass":3,"minecraft:cobblestone":1,"minecraft:lapis_ore":1,"minecraft:sugar_cane":14,"minecraft:oak_planks":1,"minecraft:diorite":14,"minecraft:wall_torch":1,"minecraft:spruce_stairs":5,"minecraft:purple_bed":2,"minecraft:spruce_log":13,"minecraft:grass":9,"minecraft:coal_ore":29,"minecraft:oak_log":8,"biomesoplenty:fir_leaves":1,"minecraft:gravel":4,"minecraft:dirt":8,"minecraft:cobweb":41,"chipped:golden_cherry_jungle_leaves":1,"minecraft:oak_leaves":5,"minecraft:deepslate":6,"minecraft:fern":1},"minecraft:custom":{"minecraft:mob_kills":50,"minecraft:interact_with_crafting_table":17,"minecraft:open_barrel":20,"minecraft:open_shulker_box":8,"minecraft:time_since_death":18606,"minecraft:sprint_one_cm":503364,"minecraft:walk_one_cm":243387,"minecraft:drop":1,"minecraft:damage_dealt_absorbed":40,"minecraft:talked_to_villager":1,"minecraft:play_time":137409,"minecraft:deaths":5,"minecraft:sneak_time":1727,"minecraft:walk_under_water_one_cm":25618,"minecraft:boat_one_cm":15882,"minecraft:jump":3617,"minecraft:walk_on_water_one_cm":41308,"minecraft:total_world_time":137409,"minecraft:interact_with_furnace":8,"minecraft:sleep_in_bed":2,"minecraft:time_since_rest":18628,"minecraft:damage_taken":3683,"minecraft:damage_absorbed":39,"minecraft:damage_dealt":8995,"minecraft:fly_one_cm":770596,"minecraft:swim_one_cm":87953,"minecraft:open_chest":24,"minecraft:crouch_one_cm":2638,"minecraft:fall_one_cm":110904},"minecraft:used":{"minecraft:stone_sword":78,"minecraft:iron_shovel":26,"minecraft:spruce_planks":4,"minecraft:chest":7,"minecraft:rotten_flesh":3,"minecraft:torch":8,"minecraft:dirt":25,"minecraft:spruce_stairs":17,"minecraft:carrot":138,"minecraft:shulker_box":8,"minecraft:granite":1,"minecraft:wooden_axe":2,"minecraft:iron_axe":120,"refurbished_furniture:oak_crate":7,"minecraft:golden_carrot":2,"minecraft:furnace":1,"mcwdoors:metal_warning_door":3,"minecraft:cooked_mutton":2,"minecraft:water_bucket":101,"minecraft:diorite":14,"minecraft:spruce_door":7,"minecraft:stone_pickaxe":24,"minecraft:wooden_pickaxe":2,"minecraft:golden_apple":1,"minecraft:crafting_table":3,"minecraft:spruce_log":4,"chipped:golden_cherry_jungle_leaves":1,"minecraft:bread":2,"minecraft:iron_pickaxe":266,"minecraft:gravel":1,"minecraft:stone_axe":37,"minecraft:cobblestone":13,"minecraft:purple_bed":1,"minecraft:bucket":102,"minecraft:cobweb":24}},"DataVersion":3465}