{"stats":{"minecraft:custom":{"minecraft:open_chest":3,"minecraft:time_since_rest":15112,"minecraft:crouch_one_cm":255,"minecraft:play_time":15112,"minecraft:sprint_one_cm":52393,"minecraft:damage_taken":95,"minecraft:walk_one_cm":35378,"minecraft:sneak_time":213,"minecraft:walk_under_water_one_cm":88,"minecraft:jump":186,"minecraft:time_since_death":15112,"minecraft:walk_on_water_one_cm":173,"minecraft:total_world_time":15112,"minecraft:swim_one_cm":3900,"minecraft:fall_one_cm":4154,"minecraft:fly_one_cm":46519},"minecraft:used":{"minecraft:rotten_flesh":3},"minecraft:mined":{"minecraft:chest":1,"minecraft:spruce_log":6,"minecraft:sugar_cane":9},"minecraft:picked_up":{"minecraft:rotten_flesh":4,"jdcoin:tarjeta_de_credito":1,"minecraft:spruce_log":6,"jdcoin:jd_coin":1,"minecraft:sugar_cane":26,"minecraft:chest":1}},"DataVersion":3465}