{"stats":{"minecraft:killed_by":{"minecraft:player":1,"minecraft:skeleton":2,"minecraft:zombie":1,"alexsmobs:grizzly_bear":1},"minecraft:killed":{"minecraft:cave_spider":3,"minecraft:pig":5,"minecraft:witch":1,"alexsmobs:grizzly_bear":1,"minecraft:zombie_villager":1,"alexsmobs:raccoon":1,"minecraft:spider":1,"minecraft:iron_golem":1,"minecraft:sheep":7,"minecraft:skeleton":3,"minecraft:zombie":9,"alexsmobs:cockroach":2,"minecraft:drowned":1,"minecraft:cow":14},"minecraft:dropped":{"sophisticatedbackpacks:backpack":1},"minecraft:broken":{"minecraft:iron_pickaxe":1},"minecraft:picked_up":{"minecraft:crafting_table":2,"minecraft:glow_ink_sac":4,"minecraft:leather":16,"jdcoin:tarjeta_de_credito":1,"minecraft:oak_log":7,"minecraft:lapis_lazuli":19,"minecraft:dirt":25,"minecraft:string":37,"minecraft:bone":3,"minecraft:bow":1,"minecraft:wheat_seeds":1,"minecraft:cobbled_deepslate":6,"alexsmobs:cockroach_wing_fragment":1,"minecraft:iron_ingot":4,"minecraft:beef":25,"alexsmobs:raccoon_tail":1,"jdcoin:jd_coin":1,"minecraft:sugar_cane":38,"minecraft:chest":7,"minecraft:oak_planks":4,"minecraft:raw_iron":25,"minecraft:pumpkin":7,"minecraft:torch":2,"sophisticatedbackpacks:backpack":1,"minecraft:spruce_stairs":5,"minecraft:gravel":4,"minecraft:porkchop":9,"minecraft:pointed_dripstone":1,"minecraft:diorite":14,"minecraft:spruce_log":13,"minecraft:lily_of_the_valley":1,"minecraft:redstone":63,"minecraft:spruce_door":5,"minecraft:spider_eye":2,"minecraft:shulker_box":9,"minecraft:arrow":2,"minecraft:rotten_flesh":12,"minecraft:purple_bed":2,"minecraft:diamond":1,"chipped:golden_cherry_jungle_leaves":1,"minecraft:granite":1,"minecraft:black_wool":1,"minecraft:mutton":12,"minecraft:white_wool":6,"minecraft:coal":29,"minecraft:rail":2,"minecraft:cobblestone":179},"minecraft:crafted":{"minecraft:oak_planks":8,"sophisticatedbackpacks:backpack":1,"minecraft:crafting_table":2,"minecraft:spruce_planks":56,"minecraft:wooden_pickaxe":1,"minecraft:spruce_door":3,"minecraft:furnace":1,"minecraft:bucket":1,"minecraft:cooked_mutton":6,"minecraft:spruce_stairs":16,"minecraft:iron_pickaxe":1,"minecraft:iron_axe":1,"minecraft:stick":12,"minecraft:iron_ingot":19,"minecraft:stone_pickaxe":1,"minecraft:wooden_axe":1,"minecraft:chest":1,"minecraft:torch":8,"sophisticatedbackpacks:iron_backpack":1},"minecraft:mined":{"minecraft:deepslate_redstone_ore":14,"minecraft:diamond_ore":1,"minecraft:spruce_door":5,"minecraft:shulker_box":8,"minecraft:crafting_table":2,"minecraft:glow_lichen":1,"minecraft:granite":1,"minecraft:grass_block":17,"minecraft:chest":7,"minecraft:cobblestone":1,"minecraft:tall_grass":3,"minecraft:lapis_ore":1,"minecraft:oak_planks":1,"minecraft:sugar_cane":14,"minecraft:wall_torch":1,"minecraft:diorite":14,"minecraft:spawner":2,"minecraft:spruce_stairs":5,"minecraft:purple_bed":2,"minecraft:iron_ore":24,"minecraft:spruce_log":13,"minecraft:pumpkin":7,"minecraft:deepslate_lapis_ore":2,"minecraft:grass":9,"minecraft:pointed_dripstone":1,"minecraft:oak_log":8,"minecraft:coal_ore":29,"minecraft:deepslate_iron_ore":2,"biomesoplenty:fir_leaves":1,"minecraft:gravel":4,"minecraft:dirt":8,"minecraft:cobweb":33,"chipped:golden_cherry_jungle_leaves":1,"minecraft:stone":181,"minecraft:oak_leaves":5,"minecraft:deepslate":6,"minecraft:fern":1},"minecraft:custom":{"minecraft:interact_with_furnace":8,"minecraft:mob_kills":50,"minecraft:interact_with_crafting_table":17,"minecraft:open_shulker_box":8,"minecraft:time_since_death":6606,"minecraft:sleep_in_bed":2,"minecraft:time_since_rest":6628,"minecraft:sprint_one_cm":459394,"minecraft:damage_absorbed":39,"minecraft:damage_taken":3593,"minecraft:walk_one_cm":213566,"minecraft:drop":1,"minecraft:damage_dealt":8995,"minecraft:damage_dealt_absorbed":40,"minecraft:swim_one_cm":87811,"minecraft:talked_to_villager":1,"minecraft:fly_one_cm":737561,"minecraft:open_chest":24,"minecraft:play_time":125409,"minecraft:crouch_one_cm":2175,"minecraft:sneak_time":1528,"minecraft:deaths":5,"minecraft:walk_under_water_one_cm":24577,"minecraft:boat_one_cm":13697,"minecraft:jump":3480,"minecraft:walk_on_water_one_cm":40473,"minecraft:total_world_time":125409,"minecraft:fall_one_cm":107549},"minecraft:used":{"minecraft:cooked_mutton":2,"minecraft:water_bucket":92,"minecraft:diorite":14,"minecraft:stone_sword":70,"minecraft:iron_shovel":26,"minecraft:spruce_door":7,"minecraft:stone_pickaxe":24,"minecraft:chest":7,"minecraft:spruce_planks":4,"minecraft:wooden_pickaxe":2,"minecraft:rotten_flesh":3,"minecraft:golden_apple":1,"minecraft:torch":8,"minecraft:dirt":25,"minecraft:crafting_table":3,"minecraft:spruce_stairs":17,"minecraft:carrot":134,"minecraft:shulker_box":8,"minecraft:spruce_log":4,"minecraft:granite":1,"minecraft:wooden_axe":2,"chipped:golden_cherry_jungle_leaves":1,"minecraft:iron_axe":113,"minecraft:bread":2,"minecraft:iron_pickaxe":263,"minecraft:gravel":1,"minecraft:stone_axe":37,"minecraft:cobblestone":13,"minecraft:golden_carrot":2,"minecraft:purple_bed":1,"minecraft:furnace":1,"minecraft:bucket":93}},"DataVersion":3465}