{"stats":{"minecraft:custom":{"minecraft:play_time":30313,"minecraft:open_chest":5,"minecraft:time_since_rest":1298,"minecraft:walk_one_cm":94698,"minecraft:crouch_one_cm":17,"minecraft:interact_with_furnace":8,"minecraft:sprint_one_cm":235824,"minecraft:deaths":10,"minecraft:sneak_time":138,"minecraft:mob_kills":8,"minecraft:drop":2,"minecraft:jump":257,"minecraft:damage_dealt":4234,"minecraft:leave_game":5,"minecraft:time_since_death":0,"minecraft:total_world_time":30313,"minecraft:interact_with_crafting_table":1,"minecraft:fly_one_cm":88908,"minecraft:fall_one_cm":10590,"minecraft:player_kills":2,"minecraft:damage_taken":7735,"minecraft:damage_absorbed":80},"minecraft:used":{"scp:pastillas":2,"scp:vendas":5,"scp:carnede_sabueso_cocinada":3,"minecraft:rotten_flesh":1,"scp:palanca_scythe":106},"minecraft:killed":{"minecraft:skeleton":2,"scp:walkingheads_amigo":4},"minecraft:dropped":{"scp:carton_artificial":1,"minecraft:bone":1},"minecraft:picked_up":{"minecraft:bone":1,"the_silence:flashlight":1,"minecraft:rotten_flesh":1,"minecraft:torch":1,"scp:sangredesmiler":1,"scp:carnede_sabueso":4,"pointblank:gunmetal_nugget":22,"scp:carton_artificial":1},"minecraft:crafted":{"scp:carnede_sabueso_cocinada":3,"minecraft:air":0},"minecraft:killed_by":{"doppelgangermod:dp_creeper":1,"minecraft:skeleton":1,"grue_remake:grue":1,"scp:walkingheads_amigo":5,"minecraft:player":1,"scp:dullernuevo":1}},"DataVersion":3465}