{"stats":{"minecraft:killed_by":{"doppelgangermod:dp_creeper":1,"grue_remake:grue":1,"scp:walkingheads_amigo":5,"minecraft:player":1},"minecraft:dropped":{"minecraft:bone":1},"minecraft:custom":{"minecraft:time_since_rest":2161,"minecraft:open_chest":5,"minecraft:damage_absorbed":80,"minecraft:damage_taken":7285,"minecraft:crouch_one_cm":17,"minecraft:sprint_one_cm":143343,"minecraft:play_time":19226,"minecraft:deaths":8,"minecraft:walk_one_cm":74108,"minecraft:sneak_time":138,"minecraft:mob_kills":4,"minecraft:drop":1,"minecraft:jump":186,"minecraft:damage_dealt":3712,"minecraft:leave_game":1,"minecraft:time_since_death":2137,"minecraft:total_world_time":19226,"minecraft:fall_one_cm":7135,"minecraft:fly_one_cm":59060,"minecraft:player_kills":2},"minecraft:picked_up":{"minecraft:bone":1,"the_silence:flashlight":1,"minecraft:rotten_flesh":1,"scp:carnede_sabueso":2,"pointblank:gunmetal_nugget":10},"minecraft:killed":{"minecraft:skeleton":1,"scp:walkingheads_amigo":2},"minecraft:used":{"minecraft:rotten_flesh":1,"scp:pastillas":1,"scp:vendas":5,"scp:palanca_scythe":91}},"DataVersion":3465}