{"stats":{"minecraft:killed_by":{"scp:walkingheads_amigo":2,"grue_remake:grue":1,"minecraft:player":1},"minecraft:dropped":{"minecraft:bone":1},"minecraft:custom":{"minecraft:time_since_rest":1757,"minecraft:open_chest":5,"minecraft:crouch_one_cm":10,"minecraft:walk_one_cm":42240,"minecraft:play_time":10048,"minecraft:sprint_one_cm":53685,"minecraft:damage_taken":6075,"minecraft:deaths":4,"minecraft:damage_absorbed":80,"minecraft:sneak_time":97,"minecraft:mob_kills":3,"minecraft:drop":1,"minecraft:jump":84,"minecraft:damage_dealt":1466,"minecraft:time_since_death":1736,"minecraft:total_world_time":10048,"minecraft:fly_one_cm":22838,"minecraft:fall_one_cm":2704,"minecraft:player_kills":2},"minecraft:picked_up":{"minecraft:bone":1,"the_silence:flashlight":1,"pointblank:gunmetal_nugget":3},"minecraft:used":{"scp:pastillas":1,"scp:vendas":3,"scp:palanca_scythe":36},"minecraft:killed":{"minecraft:skeleton":1,"scp:walkingheads_amigo":1}},"DataVersion":3465}