{"stats":{"minecraft:custom":{"minecraft:interact_with_furnace":7,"minecraft:mob_kills":32,"minecraft:interact_with_crafting_table":14,"minecraft:open_shulker_box":5,"minecraft:sleep_in_bed":2,"minecraft:time_since_death":6460,"minecraft:time_since_rest":4971,"minecraft:sprint_one_cm":333550,"minecraft:damage_absorbed":39,"minecraft:damage_taken":2364,"minecraft:walk_one_cm":159051,"minecraft:damage_dealt":6463,"minecraft:damage_dealt_absorbed":40,"minecraft:fly_one_cm":471483,"minecraft:swim_one_cm":62023,"minecraft:talked_to_villager":1,"minecraft:open_chest":15,"minecraft:crouch_one_cm":1829,"minecraft:play_time":93112,"minecraft:deaths":3,"minecraft:sneak_time":1095,"minecraft:walk_under_water_one_cm":17541,"minecraft:jump":2400,"minecraft:walk_on_water_one_cm":32010,"minecraft:total_world_time":93112,"minecraft:fall_one_cm":80900},"minecraft:crafted":{"minecraft:oak_planks":8,"sophisticatedbackpacks:backpack":1,"minecraft:crafting_table":2,"minecraft:spruce_planks":56,"minecraft:wooden_pickaxe":1,"minecraft:spruce_door":3,"minecraft:furnace":1,"minecraft:bucket":1,"minecraft:cooked_mutton":6,"minecraft:spruce_stairs":16,"minecraft:iron_axe":1,"minecraft:stick":12,"minecraft:iron_ingot":11,"minecraft:stone_pickaxe":1,"minecraft:wooden_axe":1,"minecraft:chest":1,"minecraft:torch":8,"sophisticatedbackpacks:iron_backpack":1},"minecraft:used":{"minecraft:cooked_mutton":2,"minecraft:water_bucket":76,"minecraft:diorite":14,"minecraft:stone_sword":60,"minecraft:iron_shovel":26,"minecraft:spruce_door":7,"minecraft:stone_pickaxe":22,"minecraft:spruce_planks":4,"minecraft:chest":7,"minecraft:wooden_pickaxe":2,"minecraft:rotten_flesh":3,"minecraft:golden_apple":1,"minecraft:torch":8,"minecraft:dirt":25,"minecraft:crafting_table":3,"minecraft:spruce_stairs":17,"minecraft:carrot":83,"minecraft:shulker_box":5,"minecraft:granite":1,"minecraft:spruce_log":4,"minecraft:wooden_axe":2,"minecraft:iron_axe":81,"minecraft:bread":2,"minecraft:iron_pickaxe":250,"minecraft:gravel":1,"minecraft:stone_axe":37,"minecraft:golden_carrot":2,"minecraft:cobblestone":7,"minecraft:purple_bed":1,"minecraft:furnace":1,"minecraft:bucket":77},"minecraft:broken":{"minecraft:iron_pickaxe":1},"minecraft:killed_by":{"minecraft:skeleton":2,"alexsmobs:grizzly_bear":1},"minecraft:mined":{"minecraft:deepslate_redstone_ore":14,"minecraft:diamond_ore":1,"minecraft:spruce_door":5,"minecraft:shulker_box":5,"minecraft:crafting_table":2,"minecraft:glow_lichen":1,"minecraft:granite":1,"minecraft:grass_block":17,"minecraft:chest":7,"minecraft:tall_grass":3,"minecraft:lapis_ore":1,"minecraft:oak_planks":1,"minecraft:diorite":14,"minecraft:sugar_cane":14,"minecraft:wall_torch":1,"minecraft:spawner":2,"minecraft:spruce_stairs":5,"minecraft:purple_bed":2,"minecraft:iron_ore":18,"minecraft:spruce_log":13,"minecraft:deepslate_lapis_ore":2,"minecraft:pumpkin":7,"minecraft:grass":7,"minecraft:oak_log":8,"minecraft:pointed_dripstone":1,"minecraft:coal_ore":29,"minecraft:deepslate_iron_ore":2,"biomesoplenty:fir_leaves":1,"minecraft:gravel":4,"minecraft:dirt":8,"minecraft:cobweb":33,"minecraft:stone":178,"minecraft:deepslate":6,"minecraft:fern":1},"minecraft:killed":{"minecraft:cave_spider":3,"minecraft:pig":2,"minecraft:witch":1,"minecraft:zombie_villager":1,"alexsmobs:raccoon":1,"minecraft:spider":1,"minecraft:iron_golem":1,"minecraft:sheep":5,"minecraft:skeleton":3,"alexsmobs:cockroach":2,"minecraft:zombie":9,"minecraft:cow":3},"minecraft:picked_up":{"minecraft:crafting_table":2,"minecraft:glow_ink_sac":4,"minecraft:leather":5,"jdcoin:tarjeta_de_credito":1,"minecraft:oak_log":7,"minecraft:lapis_lazuli":19,"minecraft:string":37,"minecraft:dirt":25,"minecraft:bone":3,"minecraft:bow":1,"minecraft:cobbled_deepslate":6,"alexsmobs:cockroach_wing_fragment":1,"minecraft:beef":6,"minecraft:iron_ingot":4,"minecraft:oak_planks":4,"alexsmobs:raccoon_tail":1,"jdcoin:jd_coin":1,"minecraft:sugar_cane":38,"minecraft:chest":7,"minecraft:raw_iron":19,"minecraft:pumpkin":7,"minecraft:torch":2,"minecraft:spruce_stairs":5,"minecraft:gravel":4,"minecraft:porkchop":3,"minecraft:pointed_dripstone":1,"minecraft:diorite":14,"minecraft:spruce_log":13,"minecraft:redstone":63,"minecraft:spider_eye":2,"minecraft:spruce_door":5,"minecraft:shulker_box":6,"minecraft:arrow":2,"minecraft:rotten_flesh":12,"minecraft:purple_bed":2,"minecraft:diamond":1,"minecraft:granite":1,"minecraft:rail":2,"minecraft:mutton":9,"minecraft:coal":29,"minecraft:white_wool":5,"minecraft:cobblestone":175}},"DataVersion":3465}