{"stats":{"minecraft:killed_by":{"doppelgangermod:dp_creeper":1,"minecraft:skeleton":1,"grue_remake:grue":1,"scp:walkingheads_amigo":5,"minecraft:player":1,"scp:dullernuevo":1},"minecraft:dropped":{"minecraft:bone":1,"scp:carton_artificial":1},"minecraft:crafted":{"scp:carnede_sabueso_cocinada":3,"minecraft:air":0},"minecraft:custom":{"minecraft:damage_taken":7735,"minecraft:time_since_rest":437,"minecraft:open_chest":5,"minecraft:damage_absorbed":80,"minecraft:play_time":29452,"minecraft:crouch_one_cm":17,"minecraft:sprint_one_cm":235824,"minecraft:deaths":10,"minecraft:walk_one_cm":94698,"minecraft:sneak_time":138,"minecraft:mob_kills":8,"minecraft:drop":2,"minecraft:jump":257,"minecraft:damage_dealt":4234,"minecraft:leave_game":3,"minecraft:time_since_death":0,"minecraft:total_world_time":29452,"minecraft:interact_with_furnace":8,"minecraft:interact_with_crafting_table":1,"minecraft:fall_one_cm":10590,"minecraft:fly_one_cm":88908,"minecraft:player_kills":2},"minecraft:picked_up":{"minecraft:bone":1,"the_silence:flashlight":1,"minecraft:rotten_flesh":1,"minecraft:torch":1,"scp:sangredesmiler":1,"scp:carnede_sabueso":4,"pointblank:gunmetal_nugget":22,"scp:carton_artificial":1},"minecraft:used":{"scp:pastillas":2,"scp:vendas":5,"scp:carnede_sabueso_cocinada":3,"scp:palanca_scythe":106,"minecraft:rotten_flesh":1},"minecraft:killed":{"minecraft:skeleton":2,"scp:walkingheads_amigo":4}},"DataVersion":3465}