{"stats":{"minecraft:custom":{"minecraft:interact_with_furnace":4,"minecraft:mob_kills":10,"minecraft:interact_with_crafting_table":11,"minecraft:open_shulker_box":1,"minecraft:time_since_death":26844,"minecraft:time_since_rest":26868,"minecraft:sprint_one_cm":171561,"minecraft:damage_taken":621,"minecraft:walk_one_cm":93100,"minecraft:damage_dealt":2221,"minecraft:fly_one_cm":224989,"minecraft:swim_one_cm":36562,"minecraft:talked_to_villager":1,"minecraft:open_chest":14,"minecraft:crouch_one_cm":1067,"minecraft:play_time":51112,"minecraft:deaths":1,"minecraft:sneak_time":635,"minecraft:walk_under_water_one_cm":2297,"minecraft:jump":1086,"minecraft:walk_on_water_one_cm":6158,"minecraft:total_world_time":51112,"minecraft:fall_one_cm":30585},"minecraft:crafted":{"minecraft:crafting_table":1,"minecraft:spruce_planks":56,"minecraft:wooden_pickaxe":1,"minecraft:spruce_door":3,"minecraft:furnace":1,"minecraft:bucket":1,"minecraft:cooked_mutton":6,"minecraft:spruce_stairs":16,"minecraft:iron_axe":1,"minecraft:stick":8,"minecraft:iron_ingot":4,"minecraft:wooden_axe":1},"minecraft:used":{"minecraft:cooked_mutton":2,"minecraft:water_bucket":1,"minecraft:iron_shovel":26,"minecraft:spruce_door":7,"minecraft:spruce_planks":4,"minecraft:chest":7,"minecraft:wooden_pickaxe":2,"minecraft:rotten_flesh":3,"minecraft:dirt":25,"minecraft:crafting_table":2,"minecraft:spruce_stairs":15,"minecraft:carrot":27,"minecraft:shulker_box":1,"minecraft:spruce_log":4,"minecraft:wooden_axe":2,"minecraft:iron_axe":18,"minecraft:iron_pickaxe":175,"minecraft:gravel":1,"minecraft:stone_axe":37,"minecraft:cobblestone":5,"minecraft:purple_bed":1,"minecraft:furnace":1,"minecraft:bucket":2},"minecraft:killed_by":{"alexsmobs:grizzly_bear":1},"minecraft:mined":{"minecraft:spruce_door":5,"minecraft:shulker_box":1,"minecraft:crafting_table":1,"minecraft:grass_block":17,"minecraft:chest":7,"minecraft:sugar_cane":9,"minecraft:spruce_stairs":5,"minecraft:purple_bed":2,"minecraft:iron_ore":4,"minecraft:spruce_log":13,"minecraft:pumpkin":7,"minecraft:grass":3,"minecraft:coal_ore":29,"biomesoplenty:fir_leaves":1,"minecraft:gravel":4,"minecraft:dirt":8,"minecraft:stone":143,"minecraft:fern":1},"minecraft:killed":{"minecraft:pig":2,"minecraft:iron_golem":1,"minecraft:sheep":3,"minecraft:skeleton":1,"minecraft:zombie":3},"minecraft:picked_up":{"minecraft:crafting_table":1,"jdcoin:tarjeta_de_credito":1,"minecraft:dirt":25,"minecraft:bone":2,"minecraft:iron_ingot":4,"jdcoin:jd_coin":1,"minecraft:sugar_cane":26,"minecraft:chest":7,"minecraft:raw_iron":4,"minecraft:pumpkin":7,"minecraft:spruce_stairs":5,"minecraft:gravel":4,"minecraft:porkchop":3,"minecraft:spruce_log":13,"minecraft:spider_eye":1,"minecraft:spruce_door":5,"minecraft:shulker_box":2,"minecraft:rotten_flesh":7,"minecraft:purple_bed":2,"minecraft:mutton":6,"minecraft:coal":29,"minecraft:white_wool":3,"minecraft:cobblestone":139}},"DataVersion":3465}