{"stats":{"minecraft:custom":{"minecraft:time_since_rest":19622,"minecraft:damage_taken":8006,"minecraft:interact_with_furnace":9,"minecraft:sprint_one_cm":318601,"minecraft:damage_absorbed":80,"minecraft:walk_one_cm":131676,"minecraft:mob_kills":11,"minecraft:drop":3,"minecraft:damage_dealt":4686,"minecraft:interact_with_crafting_table":5,"minecraft:fly_one_cm":162140,"minecraft:player_kills":3,"minecraft:open_chest":11,"minecraft:crouch_one_cm":911,"minecraft:play_time":48637,"minecraft:deaths":10,"minecraft:sneak_time":894,"minecraft:jump":398,"minecraft:leave_game":6,"minecraft:time_since_death":17946,"minecraft:total_world_time":48637,"minecraft:fall_one_cm":24137},"minecraft:killed":{"minecraft:skeleton":4,"minecraft:zombie":1,"scp:walkingheads_amigo":4},"minecraft:used":{"scp:aguadealmendras":1,"minecraft:rotten_flesh":1,"scp:pastillas":3,"scp:picodecarton":13,"minecraft:crafting_table":2,"scp:vendas":9,"scp:palanca_scythe":122,"scp:carnede_sabueso_cocinada":3},"minecraft:dropped":{"scp:carton_artificial":1,"scp:picodecarton":1,"minecraft:bone":1},"minecraft:mined":{"minecraft:crafting_table":2,"scp:carton_artificial":13},"minecraft:picked_up":{"minecraft:crafting_table":2,"scp:barrita_energetica":2,"the_silence:flashlight":1,"minecraft:torch":1,"scp:sangredesmiler":1,"pointblank:gunmetal_nugget":27,"scp:picodecarton":1,"minecraft:arrow":2,"minecraft:bone":1,"minecraft:rotten_flesh":3,"scp:carnede_sabueso":4,"scp:vendas":3,"scp:carton_artificial":11},"minecraft:crafted":{"scp:trozosdecarton":4,"scp:carnede_sabueso_cocinada":3,"minecraft:air":0},"minecraft:killed_by":{"doppelgangermod:dp_creeper":1,"scp:walkingheads_amigo":5,"minecraft:player":1,"grue_remake:grue":1,"minecraft:skeleton":1,"scp:dullernuevo":1}},"DataVersion":3465}