{"stats":{"minecraft:killed_by":{"grue_remake:grue":1,"minecraft:zombie":2},"minecraft:dropped":{"scp:carton_artificial":64,"minecraft:iron_ingot":20,"scp:suelobackroom_0":1,"minecraft:cooked_beef":6,"minecraft:torch":4,"pointblank:doom_gausscannon":1,"minecraft:birch_log":3,"pointblank:doom_bfg9000":1},"minecraft:custom":{"minecraft:time_since_rest":26062,"minecraft:interact_with_furnace":1,"minecraft:sprint_one_cm":191181,"minecraft:damage_taken":5925,"minecraft:walk_one_cm":237750,"minecraft:mob_kills":23,"minecraft:drop":37,"minecraft:damage_dealt":752,"minecraft:interact_with_crafting_table":1,"minecraft:fly_one_cm":1281047,"minecraft:player_kills":7,"minecraft:crouch_one_cm":429,"minecraft:play_time":226093,"minecraft:deaths":4,"minecraft:sneak_time":2292,"minecraft:walk_under_water_one_cm":1833,"minecraft:jump":1541,"minecraft:leave_game":26,"minecraft:walk_on_water_one_cm":541,"minecraft:time_since_death":25922,"minecraft:climb_one_cm":247,"minecraft:sleep_in_bed":3,"minecraft:total_world_time":226093,"minecraft:fall_one_cm":12293},"minecraft:picked_up":{"minecraft:birch_log":2,"minecraft:stick":2,"minecraft:torch":2,"minecraft:light_gray_terracotta":1,"minecraft:bone":1,"minecraft:rotten_flesh":6,"scp:suelobackroom_0":1,"minecraft:terracotta":1},"minecraft:mined":{"minecraft:birch_leaves":3,"minecraft:torch":1,"minecraft:grass":1,"minecraft:oak_leaves":3},"minecraft:used":{"scp:techodelasbackrooms":3,"minecraft:grass_block":1,"minecraft:pig_spawn_egg":2,"minecraft:chicken_spawn_egg":6,"jeg:atlantean_spear":11,"minecraft:oak_leaves":5,"scp:suelobackroom_0":50,"minecraft:torch":8,"minecraft:sand":15,"minecraft:terracotta":14,"grue_remake:grue_spawn_egg":1,"jeg:typhoonee":7,"scp:espadadecarton_sword":1,"minecraft:birch_log":1,"minecraft:white_bed":8,"scp:paredbackrooms_0normal":18,"minecraft:orange_terracotta":14},"minecraft:killed":{"minecraft:skeleton":1,"midnightlurker:invisible_lurker_footsteps":1,"minecraft:zombie":5,"doppelgangermod:dp_creeper":1,"minecraft:spider":1,"minecraft:bat":1,"minecraft:tropical_fish":5,"minecraft:creeper":2,"scp:walkingheads_amigo":1}},"DataVersion":3465}