{"stats":{"minecraft:dropped":{"minecraft:diamond":39,"minecraft:lime_shulker_box":2,"minecraft:warped_fungus_on_a_stick":1,"minecraft:saddle":1,"minecraft:carrot_on_a_stick":1,"jdcoin:reliquia_de_jd_coin":576,"jdcoin:tarjeta_de_credito":7,"refurbished_furniture:warped_desk":1,"minecraft:writable_book":2,"minecraft:cauldron":1,"minecraft:strider_spawn_egg":1,"tacz:attachment":1,"minecraft:enchanted_book":12,"minecraft:iron_ingot":4,"minecraft:bread":11,"minecraft:wheat_seeds":1,"minecraft:golden_helmet":1,"minecraft:diamond_leggings":1,"biomesoplenty:chiseled_brimstone_bricks":1,"minecraft:lead":1,"minecraft:lava_bucket":1,"immersive_aircraft:heavy_crossbow":1,"minecraft:torch":64,"minecraft:diamond_helmet":1,"sophisticatedbackpacks:advanced_tool_swapper_upgrade":1,"tacz:modern_kinetic_gun":11,"jdcoin:jd_coin":1442,"minecraft:oak_trapdoor":1,"jdcoin:vip":2,"minecraft:raw_iron":13,"securitycraft:keypad_door_item":6,"minecraft:oak_sign":2,"minecraft:shulker_box":1,"minecraft:diamond_chestplate":1,"minecraft:purple_bed":1,"minecraft:diamond_boots":2,"minecraft:raw_gold":60,"minecraft:light_blue_shulker_box":1},"minecraft:killed":{"minecraft:zombified_piglin":1,"minecraft:spider":3,"alexsmobs:shoebill":1,"minecraft:skeleton":7,"alexsmobs:orca":1,"alexsmobs:banana_slug":1,"alexsmobs:seal":1,"minecraft:strider":1,"minecraft:creeper":10,"alexsmobs:crimson_mosquito":2,"minecraft:sheep":2,"minecraft:trader_llama":1,"minecraft:zombie":11,"alexsmobs:roadrunner":1,"minecraft:blaze":2,"alexsmobs:seagull":1,"minecraft:phantom":2,"alexsmobs:comb_jelly":1,"minecraft:drowned":1,"minecraft:wandering_trader":1,"alexsmobs:catfish":1,"alexsmobs:cockroach":2,"alexsmobs:caiman":1,"minecraft:wither_skeleton":7,"minecraft:enderman":1},"minecraft:picked_up":{"minecraft:wooden_axe":1,"minecraft:iron_chestplate":1,"framedblocks:framed_door":1,"minecraft:diamond_sword":1,"minecraft:enchanted_book":9,"minecraft:potion":1,"minecraft:nether_brick":11,"minecraft:amethyst_block":29,"minecraft:raw_copper":14,"minecraft:iron_leggings":1,"minecraft:oak_sign":4,"immersive_aircraft:heavy_crossbow":1,"minecraft:diamond_leggings":1,"alexsmobs:blood_sac":14,"minecraft:cobbled_deepslate":4,"minecraft:rose_bush":2,"alexsmobs:raccoon_tail":1,"minecraft:iron_boots":1,"minecraft:golden_helmet":1,"minecraft:stick":3,"minecraft:torch":10,"minecraft:porkchop":96,"tacz:attachment":1,"minecraft:diorite":21,"minecraft:golden_chestplate":1,"alexsmobs:centipede_leg":2,"minecraft:rotten_flesh":7,"minecraft:iron_block":2,"sophisticatedbackpacks:advanced_tool_swapper_upgrade":1,"minecraft:obsidian":5,"alexsmobs:lobster_tail":1,"minecraft:cobblestone":507,"minecraft:lilac":1,"minecraft:andesite":12,"minecraft:tuff":2,"minecraft:wither_skeleton_skull":1,"minecraft:dirt":322,"minecraft:name_tag":2,"minecraft:bone":15,"minecraft:wheat_seeds":260,"minecraft:raw_gold":2,"biomesoplenty:palm_sapling":1,"minecraft:diamond_helmet":1,"minecraft:glowstone_dust":2,"refurbished_furniture:warped_desk":1,"jdcoin:jd_coin":2886,"minecraft:spectral_arrow":47,"minecraft:shulker_box":1,"minecraft:diamond":3,"minecraft:lever":1,"minecraft:writable_book":1,"minecraft:granite":21,"minecraft:golden_apple":4,"minecraft:golden_horse_armor":1,"alexsmobs:banana_slug_slime":2,"minecraft:oak_sapling":1,"minecraft:crimson_roots":6,"minecraft:diamond_pickaxe":1,"jdcoin:tarjeta_de_credito":5,"minecraft:oak_trapdoor":1,"alexsmobs:pigshoes":2,"minecraft:compass":1,"minecraft:blackstone":29,"minecraft:netherite_sword":1,"minecraft:beef":133,"minecraft:poppy":4,"minecraft:chest":1,"minecraft:lime_shulker_box":2,"minecraft:raw_iron":9,"minecraft:stone":2,"biomesoplenty:chiseled_brimstone_bricks":1,"minecraft:fire_charge":2,"minecraft:carrot":39,"man_of_many_planes:scarlet_biplane":1,"minecraft:arrow":8,"minecraft:diamond_chestplate":1,"minecraft:diamond_boots":2,"minecraft:saddle":2,"minecraft:gold_ingot":24,"minecraft:mutton":2,"securitycraft:keypad_door_item":1,"minecraft:white_wool":1,"minecraft:rail":1,"minecraft:leather":125,"minecraft:carrot_on_a_stick":1,"minecraft:gunpowder":7,"alexsmobs:cockroach_wing_fragment":2,"minecraft:iron_ingot":35,"immersive_aircraft:airship":1,"minecraft:soul_sand":20,"immersive_aircraft:cargo_airship":1,"minecraft:quartz":35,"minecraft:dandelion":4,"minecraft:gravel":20,"minecraft:crying_obsidian":1,"minecraft:purple_bed":1,"minecraft:slime_ball":1728,"tacz:modern_kinetic_gun":14,"minecraft:iron_helmet":1,"alexsmobs:rainbow_jelly":2,"minecraft:diamond_axe":1,"minecraft:painting":5,"jdcoin:reliquia_de_jd_coin":256,"minecraft:coal":1,"minecraft:ender_pearl":4,"minecraft:sunflower":11},"minecraft:used":{"minecraft:moss_block":4,"minecraft:moss_carpet":20,"chisel_chipped_integration:laboratory_dark_medium_tiles":53,"minecraft:writable_book":3,"chipped:big_soul_lantern":5,"alexsmobs:spawn_egg_banana_slug":1,"minecraft:spruce_slab":35,"biomesoplenty:brimstone_cluster":13,"chipped:eroded_blue_ice":10,"minecraft:oak_sign":6,"biomesoplenty:mahogany_leaves":1,"minecraft:chest":1,"minecraft:stone":159,"biomesoplenty:white_sand":85,"chipped:blue_tube_soul_lantern":1,"chipped:wide_soul_lantern":2,"chipped:donut_soul_lantern":6,"mcwdoors:garage_white_door":10,"jdcoin:don_martilloo_spawn_egg":1,"minecraft:nether_bricks":48,"minecraft:deepslate_brick_slab":262,"chipped:curly_blue_ice_pillar":64,"chipped:apple_dark_oak_leaves":14,"biomesoplenty:chiseled_brimstone_bricks":759,"minecraft:obsidian":1,"minecraft:glass":3,"biomesoplenty:palm_trapdoor":90,"automobility:steep_slope":6,"alexsmobs:spawn_egg_platypus":2,"minecraft:honeycomb":8,"minecraft:lava_bucket":10,"automobility:dash_panel":58,"minecraft:lime_banner":1,"alexsmobs:spawn_egg_gorilla":2,"minecraft:grass_block":290,"minecraft:polished_andesite_stairs":1,"cfm:stripped_oak_chair":16,"minecraft:netherite_hoe":1,"chipped:big_lantern":4,"alexsmobs:spawn_egg_cachalot_whale":1,"minecraft:stone_bricks":45,"framedblocks:framed_pressure_plate":1,"alexsmobs:spawn_egg_emu":1,"chipped:tiny_layered_calcite_slabs":9,"chipped:crimson_redstone_torch":2,"minecraft:gold_block":39,"immersive_aircraft:biplane":1,"minecraft:pearlescent_froglight":3,"minecraft:cow_spawn_egg":13,"minecraft:warped_fungus_on_a_stick":7,"cfm:oak_park_bench":139,"framedblocks:framed_door":4,"minecraft:gray_carpet":133,"minecraft:oak_planks":31,"framedblocks:framed_corner_slope":2,"biomesoplenty:flowering_oak_sapling":1,"framedblocks:framed_wall":6,"minecraft:oak_leaves":33,"minecraft:white_wool":23,"minecraft:sand":20,"minecraft:black_banner":27,"chipped:tall_lantern":21,"minecraft:yellow_concrete":387,"framedblocks:framed_centered_panel":2,"minecraft:gray_concrete":135,"minecraft:stone_brick_wall":83,"framedblocks:framed_slope_panel":1,"mcwdoors:garage_black_door":9,"minecraft:lever":7,"jdcoin:donmartillo_block":4,"minecraft:black_concrete":354,"mcwdoors:birch_bark_glass_door":2,"minecraft:firework_rocket":47,"minecraft:stripped_bamboo_block":54,"framedblocks:framed_wall_board":134,"alexsmobs:spawn_egg_alligator_snapping_turtle":1,"minecraft:barrier":47,"minecraft:verdant_froglight":3,"minecraft:iron_door":9,"minecraft:polished_andesite_slab":654,"biomesoplenty:dried_salt":33,"alexsmobs:spawn_egg_caiman":1,"framedblocks:framed_bars":436,"chisel_chipped_integration:metal_platinum_thermal":2,"chisel_chipped_integration:laboratory_medium_tiles":8,"minecraft:andesite":477,"refurbished_furniture:blue_trampoline":10,"minecraft:smooth_stone_slab":43,"chisel_chipped_integration:wool_llama_light_blue":2,"minecraft:white_concrete":823,"minecraft:bone_meal":1018,"minecraft:oak_fence":50,"minecraft:oak_trapdoor":163,"minecraft:netherite_sword":15,"biomesoplenty:brimstone":135,"minecraft:iron_bars":24,"minecraft:flint_and_steel":1,"framedblocks:framed_slab":1003,"mcwdoors:metal_reinforced_door":5,"smallships:dark_oak_brigg":2,"framedblocks:framed_stairs":25,"tacz:gun_smith_table":1,"securitycraft:keypad_door_item":1,"biomesoplenty:mossy_black_sand":58,"alexsmobs:spawn_egg_cockroach":2,"minecraft:orange_bed":1,"minecraft:torch":1,"minecraft:dirt":1,"minecraft:anvil":7,"alexsmobs:spawn_egg_flying_fish":2,"minecraft:cobblestone_wall":5,"minecraft:shulker_box":1,"minecraft:spruce_fence":12,"biomesoplenty:jacaranda_slab":160,"minecraft:oak_fence_gate":4,"minecraft:polished_diorite":4,"biomesoplenty:black_sandstone":542,"biomesoplenty:magic_trapdoor":4,"biomesoplenty:brimstone_bud":1,"minecraft:andesite_wall":37,"minecraft:stone_brick_slab":16,"minecraft:wooden_axe":5,"minecraft:dark_oak_planks":2,"refurbished_furniture:black_stool":2,"minecraft:iron_block":345,"mcwdoors:dark_oak_western_door":1,"minecraft:spawner":3,"chipped:donut_lantern":1,"biomesoplenty:smooth_white_sandstone":7,"chipped:blue_ice_pillar":20,"minecraft:yellow_concrete_powder":25,"chipped:dark_blue_paper_lantern":3,"mcwdoors:oak_stable_door":1,"minecraft:glowstone":311,"minecraft:lime_concrete":273,"minecraft:tall_grass":11,"minecraft:lime_stained_glass":2,"minecraft:podzol":17,"alexsmobs:spawn_egg_shoebill":1,"alexsmobs:spawn_egg_roadrunner":1,"minecraft:water_bucket":152,"chipped:secret_bamboo_door":1,"chisel_chipped_integration:metal_iron_thermal":7,"framedblocks:framed_inner_corner_slope":5,"minecraft:birch_planks":7,"framedblocks:framed_slope":353,"minecraft:polished_andesite":169,"biomesoplenty:palm_leaves":1224,"minecraft:andesite_slab":54,"minecraft:copper_block":5,"alexsmobs:spawn_egg_comb_jelly":1,"framedblocks:framed_floor_board":360,"minecraft:cauldron":3,"securitycraft:scanner_door_item":1,"refurbished_furniture:black_toilet":2,"minecraft:diamond_block":25,"chipped:tall_soul_lantern":2,"minecraft:oak_slab":44,"minecraft:strider_spawn_egg":1,"alexsmobs:spawn_egg_crocodile":1,"minecraft:bamboo_block":113,"chipped:white_paper_lantern":1,"refurbished_furniture:black_sofa":10,"minecraft:lime_shulker_box":2,"chipped:blue_ice_bricks":78,"minecraft:spruce_log":30,"alexsmobs:spawn_egg_lobster":4,"minecraft:oak_log":115,"refurbished_furniture:dark_electricity_generator":1,"minecraft:netherite_block":5,"minecraft:black_wool":27,"chipped:golden_cherry_jungle_leaves":43,"framedblocks:framed_threeway_corner":1,"man_of_many_planes:scarlet_biplane":4,"biomesoplenty:smooth_black_sandstone":1,"minecraft:pig_spawn_egg":13,"minecraft:netherite_axe":2,"chipped:square_cyan_stained_glass":8,"minecraft:spruce_trapdoor":603,"framedblocks:framed_gate":1,"securitycraft:bucket_f_water":1,"minecraft:chiseled_stone_bricks":29,"minecraft:cobblestone":557,"cfm:spruce_park_bench":8,"minecraft:purple_bed":1,"minecraft:white_banner":27,"securitycraft:admin_tool":1,"alexsmobs:animal_dictionary":1,"minecraft:brush":3,"minecraft:stripped_oak_log":10,"refurbished_furniture:oak_chair":7},"minecraft:mined":{"minecraft:spruce_leaves":1,"minecraft:large_fern":20,"minecraft:fern":4},"minecraft:custom":{"minecraft:open_shulker_box":42,"minecraft:leave_game":10,"minecraft:time_since_death":41143,"minecraft:sprint_one_cm":563751,"minecraft:drop":330,"minecraft:play_time":1267748,"minecraft:deaths":2,"minecraft:jump":2625,"minecraft:walk_on_water_one_cm":26705,"minecraft:interact_with_furnace":1,"minecraft:sleep_in_bed":1,"minecraft:damage_dealt":1875,"minecraft:player_kills":15,"minecraft:crouch_one_cm":7018,"minecraft:interact_with_smithing_table":1,"minecraft:interact_with_anvil":9,"minecraft:mob_kills":63,"minecraft:walk_one_cm":1417685,"minecraft:damage_dealt_absorbed":80,"minecraft:strider_one_cm":78,"minecraft:sneak_time":24629,"minecraft:walk_under_water_one_cm":31788,"minecraft:boat_one_cm":160511,"minecraft:total_world_time":1267748,"minecraft:time_since_rest":41172,"minecraft:damage_taken":180,"minecraft:fly_one_cm":13730962,"minecraft:open_chest":45,"minecraft:fall_one_cm":1744}},"DataVersion":3465}