{"stats":{"minecraft:killed_by":{"grue_remake:grue":2,"minecraft:zombie":2},"minecraft:dropped":{"scp:carton_artificial":64,"minecraft:iron_ingot":20,"scp:suelobackroom_0":1,"scp:barrita_energetica":2,"scp:botiquin_3":1,"scp:cuchillo_sword":1,"minecraft:cooked_beef":6,"minecraft:torch":4,"scp:pastillas":4,"pointblank:doom_gausscannon":1,"minecraft:birch_log":3,"pointblank:doom_bfg9000":1,"scp:vendas":3,"scp:botiquin":1,"scp:estimulante":6},"minecraft:custom":{"minecraft:time_since_rest":3421,"minecraft:interact_with_furnace":1,"minecraft:sprint_one_cm":191687,"minecraft:damage_taken":11086,"minecraft:walk_one_cm":263328,"minecraft:mob_kills":23,"minecraft:drop":44,"minecraft:damage_dealt":890,"minecraft:interact_with_crafting_table":1,"minecraft:fly_one_cm":1284382,"minecraft:player_kills":9,"minecraft:crouch_one_cm":429,"minecraft:play_time":239976,"minecraft:deaths":7,"minecraft:sneak_time":2292,"minecraft:walk_under_water_one_cm":1833,"minecraft:jump":1553,"minecraft:leave_game":27,"minecraft:walk_on_water_one_cm":541,"minecraft:time_since_death":3378,"minecraft:climb_one_cm":247,"minecraft:sleep_in_bed":3,"minecraft:total_world_time":239976,"minecraft:fall_one_cm":12293},"minecraft:picked_up":{"minecraft:feather":6,"minecraft:birch_log":2,"minecraft:stick":2,"minecraft:torch":3,"minecraft:gravel":2,"pointblank:gunmetal_nugget":20,"minecraft:gunpowder":1,"minecraft:spider_eye":1,"minecraft:string":2,"minecraft:stone_sword":1,"minecraft:light_gray_terracotta":3,"minecraft:bone":1,"minecraft:rotten_flesh":10,"minecraft:stone_axe":1,"minecraft:stone_pickaxe":1,"scp:suelobackroom_0":1,"minecraft:terracotta":13,"minecraft:cobblestone":1},"minecraft:mined":{"minecraft:birch_leaves":3,"minecraft:torch":1,"minecraft:grass":1,"minecraft:oak_leaves":3},"minecraft:killed":{"minecraft:skeleton":1,"midnightlurker:invisible_lurker_footsteps":1,"minecraft:zombie":5,"doppelgangermod:dp_creeper":1,"minecraft:spider":1,"minecraft:bat":1,"minecraft:tropical_fish":5,"minecraft:creeper":2,"scp:walkingheads_amigo":1},"minecraft:used":{"scp:carton_artificial":18,"scp:techodelasbackrooms":3,"minecraft:grass_block":1,"minecraft:pig_spawn_egg":2,"minecraft:chicken_spawn_egg":6,"jeg:atlantean_spear":11,"minecraft:oak_leaves":5,"scp:suelobackroom_0":50,"minecraft:torch":15,"minecraft:sand":15,"minecraft:terracotta":14,"grue_remake:grue_spawn_egg":1,"jeg:typhoonee":7,"jeg:semi_auto_rifle":47,"scp:espadadecarton_sword":4,"minecraft:birch_log":1,"minecraft:white_bed":8,"scp:paredbackrooms_0normal":18,"minecraft:orange_terracotta":14}},"DataVersion":3465}