{"stats":{"minecraft:killed_by":{"grue_remake:grue":2,"minecraft:zombie":2},"minecraft:dropped":{"minecraft:iron_ingot":20,"scp:suelobackroom_0":1,"scp:estimulante":8,"scp:barrita_energetica":2,"scp:botiquin_3":1,"the_silence:flashlightoff":2,"minecraft:cooked_beef":6,"scp:cuchillo_sword":1,"the_silence:flashlight":1,"scp:stopde_carton":2,"scp:vendas":3,"scp:botiquin":1,"scp:carton_artificial":64,"minecraft:torch":4,"scp:pastillas":4,"pointblank:doom_gausscannon":1,"minecraft:birch_log":3,"pointblank:doom_bfg9000":1},"minecraft:custom":{"minecraft:interact_with_furnace":2,"minecraft:mob_kills":25,"minecraft:interact_with_crafting_table":1,"minecraft:leave_game":27,"minecraft:time_since_death":31461,"minecraft:sleep_in_bed":3,"minecraft:climb_one_cm":247,"minecraft:damage_resisted":39,"minecraft:time_since_rest":31504,"minecraft:sprint_one_cm":210640,"minecraft:damage_taken":11323,"minecraft:walk_one_cm":327341,"minecraft:drop":51,"minecraft:damage_dealt":2883,"minecraft:fly_one_cm":1417506,"minecraft:player_kills":10,"minecraft:open_chest":10,"minecraft:crouch_one_cm":565,"minecraft:play_time":268059,"minecraft:deaths":7,"minecraft:sneak_time":2419,"minecraft:walk_under_water_one_cm":1833,"minecraft:jump":1602,"minecraft:walk_on_water_one_cm":541,"minecraft:total_world_time":268059,"minecraft:fall_one_cm":12293},"minecraft:picked_up":{"minecraft:birch_log":2,"minecraft:feather":6,"minecraft:gunpowder":1,"minecraft:string":2,"minecraft:bone":1,"scp:suelobackroom_0":1,"minecraft:stone_pickaxe":1,"minecraft:stick":2,"scp:sangre":1,"minecraft:torch":4,"minecraft:gravel":2,"pointblank:gunmetal_nugget":22,"minecraft:spider_eye":1,"minecraft:light_gray_terracotta":3,"minecraft:stone_sword":1,"minecraft:rotten_flesh":10,"minecraft:stone_axe":1,"scp:carnede_sabueso":2,"minecraft:terracotta":13,"minecraft:cobblestone":1},"minecraft:mined":{"minecraft:torch":1,"minecraft:birch_leaves":3,"minecraft:grass":1,"minecraft:oak_leaves":3},"minecraft:killed":{"doppelgangermod:dp_creeper":1,"minecraft:spider":1,"minecraft:bat":1,"minecraft:creeper":2,"minecraft:skeleton":1,"minecraft:zombie":5,"midnightlurker:invisible_lurker_footsteps":1,"minecraft:tropical_fish":5,"scp:walkingheads_amigo":3},"minecraft:used":{"scp:techodelasbackrooms":3,"minecraft:stone_sword":20,"scp:katana_nkatana":13,"minecraft:chest":2,"jeg:atlantean_spear":11,"minecraft:oak_leaves":5,"scp:suelobackroom_0":50,"minecraft:torch":18,"minecraft:sand":15,"minecraft:terracotta":14,"scp:agua":1,"jeg:typhoonee":7,"minecraft:white_bed":8,"scp:red_entitynueva_spawn_egg":3,"scp:carton_artificial":27,"minecraft:grass_block":1,"minecraft:pig_spawn_egg":2,"minecraft:chicken_spawn_egg":6,"doppelgangermod:dp_straw_man_spawn_egg":1,"scp:estimulante":2,"midnightlurker:midnight_lurker_runaway_spawn_egg":4,"grue_remake:grue_spawn_egg":1,"scp:sabueso_2_spawn_egg":6,"scp:espadadecarton_sword":4,"minecraft:birch_log":1,"jeg:semi_auto_rifle":47,"scp:paredbackrooms_0normal":18,"scp:insano_spawn_egg":2,"minecraft:orange_terracotta":14,"scp:dullernuevo_spawn_egg":2}},"DataVersion":3465}