{"stats":{"minecraft:mined":{"minecraft:spruce_leaves":1,"minecraft:large_fern":20,"minecraft:fern":4},"minecraft:custom":{"minecraft:mob_kills":10,"minecraft:leave_game":4,"minecraft:time_since_death":230938,"minecraft:time_since_rest":230938,"minecraft:sprint_one_cm":92628,"minecraft:walk_one_cm":263223,"minecraft:drop":11,"minecraft:damage_dealt":600,"minecraft:fly_one_cm":1252375,"minecraft:crouch_one_cm":354,"minecraft:play_time":230938,"minecraft:sneak_time":2507,"minecraft:walk_under_water_one_cm":11468,"minecraft:jump":419,"minecraft:walk_on_water_one_cm":6053,"minecraft:total_world_time":230938,"minecraft:fall_one_cm":209},"minecraft:used":{"minecraft:oak_trapdoor":63,"minecraft:moss_carpet":20,"minecraft:netherite_sword":2,"biomesoplenty:brimstone":13,"alexsmobs:spawn_egg_banana_slug":1,"framedblocks:framed_slab":182,"minecraft:gray_carpet":28,"biomesoplenty:brimstone_cluster":7,"mcwdoors:metal_reinforced_door":3,"biomesoplenty:palm_leaves":5,"biomesoplenty:mahogany_leaves":1,"alexsmobs:spawn_egg_comb_jelly":1,"minecraft:stone":41,"framedblocks:framed_floor_board":47,"biomesoplenty:mossy_black_sand":19,"biomesoplenty:white_sand":85,"minecraft:oak_leaves":33,"mcwdoors:garage_white_door":10,"refurbished_furniture:black_sofa":10,"minecraft:yellow_concrete":61,"minecraft:deepslate_brick_slab":261,"framedblocks:framed_centered_panel":2,"minecraft:gray_concrete":17,"minecraft:stone_brick_wall":9,"biomesoplenty:chiseled_brimstone_bricks":290,"biomesoplenty:jacaranda_slab":48,"minecraft:spruce_log":13,"minecraft:polished_diorite":1,"biomesoplenty:black_sandstone":60,"biomesoplenty:brimstone_bud":1,"minecraft:wooden_axe":2,"biomesoplenty:palm_trapdoor":88,"alexsmobs:spawn_egg_gorilla":1,"framedblocks:framed_wall_board":42,"minecraft:grass_block":92,"man_of_many_planes:scarlet_biplane":1,"minecraft:iron_block":258,"alexsmobs:spawn_egg_alligator_snapping_turtle":1,"biomesoplenty:smooth_black_sandstone":1,"minecraft:netherite_axe":2,"cfm:stripped_oak_chair":11,"framedblocks:framed_gate":1,"minecraft:iron_door":4,"biomesoplenty:smooth_white_sandstone":7,"alexsmobs:spawn_egg_cachalot_whale":1,"minecraft:stone_bricks":21,"minecraft:polished_andesite_slab":147,"minecraft:yellow_concrete_powder":24,"biomesoplenty:dried_salt":33,"minecraft:chiseled_stone_bricks":4,"minecraft:glowstone":6,"framedblocks:framed_pressure_plate":1,"minecraft:lime_concrete":273,"minecraft:cobblestone":150,"minecraft:tall_grass":1,"minecraft:lime_stained_glass":2,"minecraft:andesite":113,"minecraft:smooth_stone_slab":9,"alexsmobs:animal_dictionary":1,"immersive_aircraft:biplane":1,"minecraft:white_concrete":155,"minecraft:bone_meal":133},"minecraft:dropped":{"minecraft:wheat_seeds":1,"biomesoplenty:chiseled_brimstone_bricks":1,"immersive_aircraft:heavy_crossbow":1,"sophisticatedbackpacks:advanced_tool_swapper_upgrade":1,"tacz:modern_kinetic_gun":7},"minecraft:killed":{"minecraft:spider":1,"minecraft:creeper":4,"minecraft:sheep":2,"minecraft:skeleton":1,"alexsmobs:banana_slug":1,"alexsmobs:comb_jelly":1},"minecraft:picked_up":{"minecraft:lilac":1,"minecraft:gunpowder":1,"minecraft:bone":1,"immersive_aircraft:heavy_crossbow":1,"minecraft:wheat_seeds":238,"alexsmobs:raccoon_tail":1,"biomesoplenty:chiseled_brimstone_bricks":1,"tacz:modern_kinetic_gun":7,"alexsmobs:rainbow_jelly":2,"sophisticatedbackpacks:advanced_tool_swapper_upgrade":1,"alexsmobs:banana_slug_slime":2,"minecraft:mutton":2,"minecraft:white_wool":1}},"DataVersion":3465}