{"stats":{"minecraft:mined":{"minecraft:grass":1,"minecraft:birch_leaves":3,"minecraft:oak_leaves":3},"minecraft:killed_by":{"minecraft:zombie":2},"minecraft:used":{"minecraft:oak_leaves":2,"minecraft:grass_block":1},"minecraft:custom":{"minecraft:jump":448,"minecraft:time_since_rest":37052,"minecraft:damage_dealt":396,"minecraft:damage_taken":855,"minecraft:leave_game":21,"minecraft:play_time":70721,"minecraft:sprint_one_cm":58937,"minecraft:time_since_death":28999,"minecraft:walk_one_cm":36996,"minecraft:deaths":3,"minecraft:sneak_time":67,"minecraft:total_world_time":70721,"minecraft:fall_one_cm":8511,"minecraft:fly_one_cm":141863}},"DataVersion":3465}