{"stats":{"minecraft:picked_up":{"minecraft:cocoa_beans":8,"minecraft:wooden_pickaxe":2,"minecraft:gold_block":2,"minecraft:shield":1,"alexsmobs:banana":63,"alexsmobs:elastic_tendon":1,"minecraft:rose_bush":1,"minecraft:azalea":1,"minecraft:stick":7,"minecraft:porkchop":1,"minecraft:iron_horse_armor":1,"minecraft:stone_sword":1,"minecraft:arrow":1,"minecraft:rotten_flesh":3,"minecraft:cobblestone":5,"minecraft:gunpowder":4,"minecraft:dirt":2,"minecraft:bone":1,"minecraft:wheat_seeds":7,"minecraft:orange_tulip":1,"minecraft:stone_pickaxe":1,"dramaticdoors:tall_bop_palm_door":2,"minecraft:dandelion":1,"minecraft:sand":6,"minecraft:jungle_planks":17,"minecraft:grass_block":1,"alexsmobs:animal_dictionary":2,"minecraft:spider_eye":2,"biomesoplenty:mahogany_log":2,"alexsmobs:mimicream":1,"minecraft:nether_star":1,"minecraft:ender_pearl":1,"minecraft:diamond_pickaxe":1},"minecraft:killed_by":{"minecraft:player":1,"slasher:slasher":1},"minecraft:mined":{"minecraft:flowering_azalea_leaves":1,"minecraft:azalea_leaves":5,"minecraft:grass":2},"minecraft:killed":{"alexsmobs:mimicube":1,"minecraft:cave_spider":1,"minecraft:witch":1,"alexsmobs:murmur":1,"minecraft:skeleton":1,"minecraft:creeper":4,"minecraft:zombie":8,"minecraft:enderman":1},"minecraft:dropped":{"minecraft:iron_ingot":69,"minecraft:enchanted_book":8,"minecraft:water_bucket":2,"biomesoplenty:mahogany_log":1,"minecraft:bread":3,"radiation_zone:desolate_sword":1,"radiation_zone:desolate_armor_chestplate":1,"minecraft:porkchop":1,"minecraft:wheat_seeds":129,"minecraft:diamond_axe":1,"minecraft:cooked_beef":128,"minecraft:diamond":71,"minecraft:crafting_table":2,"radiation_zone:natural_uranium_crystals":4,"minecraft:diamond_leggings":2,"minecraft:crossbow":2,"luckytntmod:uranium_ingot":15,"kiwis_brine:brine_rod":2,"minecraft:feather":6,"minecraft:cobblestone":4,"radiation_zone:decaying_waste_liquid_bucket":1,"minecraft:amethyst_block":52,"minecraft:jungle_planks":15,"alexsmobs:flying_fish_boots":1,"minecraft:golden_apple":1,"radiation_zone:decay_charge":1,"minecraft:stick":7,"minecraft:gold_block":3,"minecraft:emerald":26,"radiation_zone:radioactive_flame":3,"minecraft:dirt":1,"biomesoplenty:orange_sand":1,"radiation_zone:irradiated_eggplant":47,"radiation_zone:desolate_armor_boots":1,"minecraft:melon_slice":9,"minecraft:diamond_helmet":2,"radiation_zone:desolate_armor_helmet":1,"radiation_zone:desolate_armor_leggings":1,"minecraft:iron_leggings":1,"alexsmobs:centipede_leggings":3,"alexsmobs:emu_feather":2,"minecraft:white_banner":1,"minecraft:iron_axe":1,"minecraft:sand":4,"alexsmobs:tendon_whip":1,"minecraft:iron_pickaxe":1,"sophisticatedbackpacks:pickup_upgrade":1,"minecraft:gold_ingot":68,"minecraft:armor_stand":1,"minecraft:redstone":64,"minecraft:furnace":3,"sophisticatedbackpacks:feeding_upgrade":1,"alexsmobs:shield_of_the_deep":1,"minecraft:stone_sword":2,"minecraft:cocoa_beans":4,"minecraft:raw_iron":64,"alexsmobs:rocky_chestplate":1,"minecraft:iron_boots":1,"sophisticatedbackpacks:backpack":1,"minecraft:name_tag":1,"minecraft:cooked_mutton":192,"radiation_zone:desolate_nugget":4,"minecraft:white_bed":1,"minecraft:shears":1,"radiation_zone:phosphor":3,"minecraft:carrot":110,"minecraft:flint_and_steel":2,"minecraft:potato":64,"minecraft:stone":64,"minecraft:shield":2,"radiation_zone:decaying_uranium_stone":64,"luckytntmod:deepslate_uranium_ore":16,"minecraft:diamond_chestplate":2,"radiation_zone:totem_horns":1,"minecraft:iron_chestplate":1,"minecraft:diamond_pickaxe":4,"minecraft:chest":20,"radiation_zone:radiation_smithing_template":1,"minecraft:diamond_boots":2,"kiwis_brine:dagger":1,"radiation_zone:natural_uranium":71,"minecraft:bow":2,"minecraft:arrow":2,"radiation_zone:desolate_axe":1,"minecraft:stone_pickaxe":1,"minecraft:wooden_pickaxe":2,"minecraft:raw_gold":54,"alexsmobs:banana":66,"radiation_zone:decay_hand_cannon":1,"alexsmobs:sombrero":1},"minecraft:custom":{"minecraft:mob_kills":19,"minecraft:interact_with_anvil":9,"minecraft:damage_dealt_resisted":272,"minecraft:leave_game":2,"minecraft:time_since_death":107426,"minecraft:climb_one_cm":5864,"minecraft:sprint_one_cm":187831,"minecraft:walk_one_cm":349871,"minecraft:damage_blocked_by_shield":215,"minecraft:drop":145,"minecraft:play_time":380932,"minecraft:deaths":6,"minecraft:sneak_time":8385,"minecraft:walk_under_water_one_cm":222476,"minecraft:jump":1270,"minecraft:walk_on_water_one_cm":76157,"minecraft:total_world_time":380932,"minecraft:interact_with_furnace":3,"minecraft:interact_with_loom":1,"minecraft:time_since_rest":107460,"minecraft:damage_taken":1213,"minecraft:damage_dealt":4916,"minecraft:swim_one_cm":2227,"minecraft:fly_one_cm":3683121,"minecraft:player_kills":3,"minecraft:open_chest":12,"minecraft:crouch_one_cm":656,"minecraft:fall_one_cm":13765},"minecraft:used":{"minecraft:azalea":1,"minecraft:trident":15,"minecraft:netherite_sword":53,"alexsmobs:transmutation_table":1,"alexsmobs:rainbow_glass":22,"minecraft:flint_and_steel":2,"quark:bamboo_ladder":8,"minecraft:spruce_slab":172,"quark:cobblestone_bricks_slab":12,"biomesoplenty:watergrass":2,"minecraft:shield":1,"minecraft:iron_sword":10,"minecraft:stone":294,"alexsmobs:shield_of_the_deep":5,"quark:red_crystal_lamp":7,"minecraft:torch":12,"quark:chiseled_andesite_bricks":27,"slasher:slasher_spawn_egg":4,"minecraft:dirt":27,"minecraft:anvil":5,"minecraft:skeleton_spawn_egg":1,"minecraft:spruce_stairs":110,"quark:vertical_spruce_planks":15,"minecraft:obsidian":23,"alexsmobs:spawn_egg_terrapin":1,"quark:cobblestone_bricks_vertical_slab":11,"minecraft:lava_bucket":1,"hamsters:hamster_spawn_egg":16,"quark:waxed_blue_corundum":6,"minecraft:grass_block":431,"minecraft:iron_axe":13,"minecraft:oak_stairs":8,"minecraft:jungle_log":19,"quark:diorite_pillar":191,"minecraft:tall_grass":1,"quark:andesite_bricks":20,"quark:white_crystal_lamp":22,"minecraft:oak_sapling":6,"quark:blossom_planks":5,"hamsters:hamster":2,"minecraft:cooked_beef":5,"minecraft:pearlescent_froglight":13,"minecraft:light_gray_bed":3,"minecraft:pumpkin":4,"minecraft:bamboo_planks":954,"quark:sandstone_bricks":38,"luckytntmod:aether_tnt":1,"quark:rusty_iron_plate_slab":35,"minecraft:water_bucket":1,"quark:azalea_planks_stairs":4,"quark:ancient_trapdoor":27,"quark:cobblestone_bricks":5,"quark:framed_glass_pane":8,"minecraft:oak_planks":125,"quark:abacus":10,"quark:hollow_birch_log":8,"quark:ancient_fence":154,"minecraft:sandstone":3,"minecraft:cut_sandstone":20,"quark:glow_shroom_block":8,"quark:black_framed_glass_pane":10,"minecraft:bamboo_stairs":5,"alexsmobs:spawn_egg_capuchin_monkey":20,"minecraft:sand":307,"alexsmobs:spawn_egg_mimicube":2,"minecraft:oak_slab":7,"minecraft:crafting_table":2,"minecraft:bamboo_block":187,"minecraft:ochre_froglight":91,"quark:vertical_oak_planks":92,"minecraft:spruce_log":51,"quark:cobblestone_bricks_wall":22,"alexsmobs:spawn_egg_murmur":2,"quark:pickarang":17,"quark:azalea_log":9,"quark:white_shingles_slab":5,"quark:ancient_planks_slab":35,"quark:oak_hedge":10,"minecraft:verdant_froglight":12,"quark:iron_plate":12,"quark:cobblestone_bricks_stairs":15,"luckytntmod:floating_island":1,"minecraft:spruce_trapdoor":4,"quark:flamerang":4,"quark:azalea_fence":87,"biomesoplenty:willow_trapdoor":104,"biomesoplenty:fir_door":1,"dramaticdoors:tall_bop_fir_door":4,"minecraft:andesite":4,"quark:white_corundum":6,"minecraft:smooth_stone_slab":96,"dramaticdoors:tall_bop_palm_door":8,"quark:waxed_red_corundum":28,"minecraft:bone_meal":180,"quark:azalea_planks_slab":382}},"DataVersion":3465}