{"stats":{"minecraft:mined":{"minecraft:spruce_leaves":1,"minecraft:large_fern":20,"minecraft:fern":4},"minecraft:custom":{"minecraft:mob_kills":21,"minecraft:interact_with_anvil":1,"minecraft:open_shulker_box":1,"minecraft:leave_game":7,"minecraft:time_since_death":702796,"minecraft:sprint_one_cm":330364,"minecraft:walk_one_cm":949079,"minecraft:drop":119,"minecraft:damage_dealt_absorbed":40,"minecraft:play_time":702796,"minecraft:sneak_time":10721,"minecraft:walk_under_water_one_cm":19467,"minecraft:boat_one_cm":11403,"minecraft:jump":1586,"minecraft:walk_on_water_one_cm":14200,"minecraft:total_world_time":702796,"minecraft:sleep_in_bed":1,"minecraft:time_since_rest":150675,"minecraft:damage_taken":70,"minecraft:damage_dealt":1036,"minecraft:fly_one_cm":6954139,"minecraft:player_kills":7,"minecraft:open_chest":19,"minecraft:crouch_one_cm":3044,"minecraft:fall_one_cm":209},"minecraft:dropped":{"minecraft:wheat_seeds":1,"minecraft:lime_shulker_box":2,"biomesoplenty:chiseled_brimstone_bricks":1,"immersive_aircraft:heavy_crossbow":1,"refurbished_furniture:warped_desk":1,"minecraft:torch":64,"sophisticatedbackpacks:advanced_tool_swapper_upgrade":1,"minecraft:writable_book":2,"tacz:modern_kinetic_gun":9,"jdcoin:jd_coin":786,"minecraft:oak_trapdoor":1,"securitycraft:keypad_door_item":2,"minecraft:oak_sign":2,"minecraft:shulker_box":1,"minecraft:light_blue_shulker_box":1},"minecraft:killed":{"minecraft:spider":2,"minecraft:phantom":2,"minecraft:skeleton":3,"alexsmobs:banana_slug":1,"alexsmobs:comb_jelly":1,"minecraft:creeper":6,"minecraft:sheep":2,"minecraft:zombie":3,"minecraft:enderman":1},"minecraft:picked_up":{"framedblocks:framed_door":1,"minecraft:oak_trapdoor":1,"minecraft:raw_copper":9,"immersive_aircraft:heavy_crossbow":1,"minecraft:oak_sign":4,"minecraft:beef":133,"minecraft:rose_bush":2,"minecraft:poppy":4,"alexsmobs:raccoon_tail":1,"minecraft:chest":1,"minecraft:stick":3,"minecraft:stone":2,"biomesoplenty:chiseled_brimstone_bricks":1,"minecraft:porkchop":96,"minecraft:carrot":38,"man_of_many_planes:scarlet_biplane":1,"minecraft:rotten_flesh":1,"minecraft:arrow":4,"minecraft:iron_block":2,"sophisticatedbackpacks:advanced_tool_swapper_upgrade":1,"minecraft:mutton":2,"minecraft:white_wool":1,"minecraft:cobblestone":124,"minecraft:lilac":1,"minecraft:leather":115,"minecraft:gunpowder":3,"minecraft:dirt":150,"minecraft:bone":7,"minecraft:wheat_seeds":246,"biomesoplenty:palm_sapling":1,"immersive_aircraft:airship":1,"minecraft:glowstone_dust":2,"refurbished_furniture:warped_desk":1,"jdcoin:jd_coin":1289,"immersive_aircraft:cargo_airship":1,"minecraft:dandelion":4,"minecraft:slime_ball":1280,"tacz:modern_kinetic_gun":10,"minecraft:lever":1,"minecraft:writable_book":1,"alexsmobs:rainbow_jelly":2,"minecraft:painting":5,"alexsmobs:banana_slug_slime":2,"minecraft:oak_sapling":1,"minecraft:sunflower":10},"minecraft:used":{"minecraft:oak_fence":50,"minecraft:moss_block":4,"minecraft:oak_trapdoor":163,"minecraft:moss_carpet":20,"chisel_chipped_integration:laboratory_dark_medium_tiles":53,"minecraft:netherite_sword":2,"chipped:big_soul_lantern":4,"minecraft:writable_book":3,"biomesoplenty:brimstone":135,"alexsmobs:spawn_egg_banana_slug":1,"minecraft:flint_and_steel":1,"framedblocks:framed_slab":533,"minecraft:spruce_slab":35,"mcwdoors:metal_reinforced_door":5,"biomesoplenty:brimstone_cluster":13,"chipped:eroded_blue_ice":10,"smallships:dark_oak_brigg":2,"minecraft:oak_sign":4,"framedblocks:framed_stairs":25,"biomesoplenty:mahogany_leaves":1,"minecraft:chest":1,"minecraft:stone":132,"biomesoplenty:mossy_black_sand":58,"biomesoplenty:white_sand":85,"chipped:blue_tube_soul_lantern":1,"minecraft:orange_bed":1,"chipped:donut_soul_lantern":6,"mcwdoors:garage_white_door":10,"minecraft:cobblestone_wall":5,"minecraft:deepslate_brick_slab":262,"chipped:curly_blue_ice_pillar":64,"chipped:apple_dark_oak_leaves":14,"biomesoplenty:chiseled_brimstone_bricks":758,"biomesoplenty:jacaranda_slab":160,"minecraft:oak_fence_gate":3,"biomesoplenty:magic_trapdoor":4,"minecraft:polished_diorite":1,"biomesoplenty:black_sandstone":487,"biomesoplenty:brimstone_bud":1,"minecraft:andesite_wall":37,"minecraft:glass":3,"minecraft:dark_oak_planks":2,"minecraft:wooden_axe":5,"automobility:steep_slope":6,"minecraft:honeycomb":8,"refurbished_furniture:black_stool":2,"biomesoplenty:palm_trapdoor":90,"automobility:dash_panel":57,"minecraft:lime_banner":1,"alexsmobs:spawn_egg_gorilla":1,"minecraft:iron_block":327,"minecraft:grass_block":232,"minecraft:spawner":3,"cfm:stripped_oak_chair":15,"minecraft:netherite_hoe":1,"biomesoplenty:smooth_white_sandstone":7,"alexsmobs:spawn_egg_cachalot_whale":1,"chipped:blue_ice_pillar":20,"minecraft:stone_bricks":21,"minecraft:yellow_concrete_powder":25,"chipped:dark_blue_paper_lantern":3,"minecraft:glowstone":297,"framedblocks:framed_pressure_plate":1,"minecraft:lime_concrete":273,"minecraft:tall_grass":9,"minecraft:lime_stained_glass":2,"chipped:tiny_layered_calcite_slabs":9,"minecraft:podzol":17,"minecraft:gold_block":39,"immersive_aircraft:biplane":1,"minecraft:pearlescent_froglight":3,"minecraft:water_bucket":116,"chisel_chipped_integration:metal_iron_thermal":7,"minecraft:cow_spawn_egg":13,"framedblocks:framed_inner_corner_slope":5,"minecraft:birch_planks":7,"cfm:oak_park_bench":139,"framedblocks:framed_slope":300,"framedblocks:framed_door":1,"minecraft:gray_carpet":133,"minecraft:polished_andesite":62,"biomesoplenty:palm_leaves":952,"minecraft:oak_planks":31,"minecraft:andesite_slab":54,"minecraft:copper_block":5,"framedblocks:framed_corner_slope":2,"alexsmobs:spawn_egg_comb_jelly":1,"framedblocks:framed_floor_board":360,"biomesoplenty:flowering_oak_sapling":1,"framedblocks:framed_wall":6,"minecraft:oak_leaves":33,"minecraft:white_wool":23,"minecraft:diamond_block":25,"minecraft:oak_slab":44,"chipped:tall_lantern":7,"minecraft:black_banner":27,"minecraft:bamboo_block":113,"minecraft:yellow_concrete":387,"refurbished_furniture:black_sofa":10,"framedblocks:framed_centered_panel":2,"minecraft:stone_brick_wall":83,"minecraft:gray_concrete":67,"chipped:blue_ice_bricks":78,"framedblocks:framed_slope_panel":1,"minecraft:spruce_log":30,"minecraft:oak_log":105,"refurbished_furniture:dark_electricity_generator":1,"mcwdoors:garage_black_door":9,"minecraft:netherite_block":5,"minecraft:lever":4,"minecraft:black_concrete":354,"minecraft:black_wool":27,"minecraft:firework_rocket":36,"chipped:golden_cherry_jungle_leaves":43,"framedblocks:framed_wall_board":134,"minecraft:stripped_bamboo_block":54,"framedblocks:framed_threeway_corner":1,"man_of_many_planes:scarlet_biplane":1,"alexsmobs:spawn_egg_alligator_snapping_turtle":1,"minecraft:barrier":22,"chipped:square_cyan_stained_glass":8,"biomesoplenty:smooth_black_sandstone":1,"minecraft:pig_spawn_egg":13,"minecraft:verdant_froglight":3,"minecraft:netherite_axe":2,"minecraft:spruce_trapdoor":432,"framedblocks:framed_gate":1,"minecraft:iron_door":5,"minecraft:polished_andesite_slab":654,"biomesoplenty:dried_salt":33,"minecraft:chiseled_stone_bricks":29,"chisel_chipped_integration:metal_platinum_thermal":2,"minecraft:cobblestone":557,"cfm:spruce_park_bench":8,"minecraft:white_banner":27,"securitycraft:admin_tool":1,"chisel_chipped_integration:laboratory_medium_tiles":8,"minecraft:andesite":476,"refurbished_furniture:blue_trampoline":10,"minecraft:smooth_stone_slab":43,"chisel_chipped_integration:wool_llama_light_blue":2,"alexsmobs:animal_dictionary":1,"minecraft:stripped_oak_log":10,"minecraft:brush":3,"minecraft:white_concrete":674,"minecraft:bone_meal":747,"refurbished_furniture:oak_chair":7}},"DataVersion":3465}