{"stats":{"minecraft:used":{"minecraft:oak_fence":50,"minecraft:moss_block":4,"minecraft:oak_trapdoor":163,"minecraft:moss_carpet":20,"minecraft:netherite_sword":2,"chisel_chipped_integration:laboratory_dark_medium_tiles":53,"chipped:big_soul_lantern":5,"minecraft:iron_bars":15,"minecraft:writable_book":3,"biomesoplenty:brimstone":135,"alexsmobs:spawn_egg_banana_slug":1,"minecraft:flint_and_steel":1,"framedblocks:framed_slab":1000,"biomesoplenty:brimstone_cluster":13,"minecraft:spruce_slab":35,"mcwdoors:metal_reinforced_door":5,"chipped:eroded_blue_ice":10,"smallships:dark_oak_brigg":2,"minecraft:oak_sign":4,"framedblocks:framed_stairs":25,"biomesoplenty:mahogany_leaves":1,"minecraft:chest":1,"minecraft:stone":141,"biomesoplenty:mossy_black_sand":58,"biomesoplenty:white_sand":85,"alexsmobs:spawn_egg_cockroach":2,"chipped:blue_tube_soul_lantern":1,"minecraft:orange_bed":1,"minecraft:torch":1,"chipped:wide_soul_lantern":2,"chipped:donut_soul_lantern":6,"minecraft:anvil":1,"mcwdoors:garage_white_door":10,"alexsmobs:spawn_egg_flying_fish":1,"minecraft:cobblestone_wall":5,"minecraft:deepslate_brick_slab":262,"alexsmobs:spawn_egg_platypus":1,"chipped:curly_blue_ice_pillar":64,"chipped:apple_dark_oak_leaves":14,"biomesoplenty:chiseled_brimstone_bricks":758,"minecraft:lava_bucket":8,"minecraft:spruce_fence":12,"biomesoplenty:jacaranda_slab":160,"minecraft:obsidian":1,"minecraft:oak_fence_gate":3,"minecraft:polished_diorite":1,"biomesoplenty:black_sandstone":542,"biomesoplenty:magic_trapdoor":4,"biomesoplenty:brimstone_bud":1,"minecraft:andesite_wall":37,"minecraft:dark_oak_planks":2,"minecraft:glass":3,"minecraft:stone_brick_slab":16,"minecraft:wooden_axe":5,"automobility:steep_slope":6,"minecraft:honeycomb":8,"refurbished_furniture:black_stool":2,"biomesoplenty:palm_trapdoor":90,"automobility:dash_panel":58,"minecraft:lime_banner":1,"alexsmobs:spawn_egg_gorilla":1,"minecraft:iron_block":342,"minecraft:grass_block":287,"mcwdoors:dark_oak_western_door":1,"minecraft:polished_andesite_stairs":1,"minecraft:spawner":3,"chipped:donut_lantern":1,"cfm:stripped_oak_chair":15,"minecraft:netherite_hoe":1,"chipped:big_lantern":4,"biomesoplenty:smooth_white_sandstone":7,"alexsmobs:spawn_egg_cachalot_whale":1,"chipped:blue_ice_pillar":20,"minecraft:stone_bricks":45,"mcwdoors:oak_stable_door":1,"minecraft:yellow_concrete_powder":25,"chipped:dark_blue_paper_lantern":3,"minecraft:glowstone":311,"framedblocks:framed_pressure_plate":1,"minecraft:lime_concrete":273,"minecraft:tall_grass":11,"alexsmobs:spawn_egg_emu":1,"minecraft:lime_stained_glass":2,"chipped:tiny_layered_calcite_slabs":9,"minecraft:podzol":17,"chipped:crimson_redstone_torch":2,"minecraft:gold_block":39,"alexsmobs:spawn_egg_roadrunner":1,"immersive_aircraft:biplane":1,"minecraft:pearlescent_froglight":3,"minecraft:water_bucket":152,"chipped:secret_bamboo_door":1,"chisel_chipped_integration:metal_iron_thermal":7,"minecraft:cow_spawn_egg":13,"minecraft:warped_fungus_on_a_stick":7,"framedblocks:framed_inner_corner_slope":5,"minecraft:birch_planks":7,"cfm:oak_park_bench":139,"framedblocks:framed_slope":353,"framedblocks:framed_door":4,"minecraft:gray_carpet":133,"minecraft:polished_andesite":169,"biomesoplenty:palm_leaves":1224,"minecraft:oak_planks":31,"minecraft:copper_block":5,"minecraft:andesite_slab":54,"framedblocks:framed_corner_slope":2,"alexsmobs:spawn_egg_comb_jelly":1,"framedblocks:framed_floor_board":360,"biomesoplenty:flowering_oak_sapling":1,"securitycraft:scanner_door_item":1,"framedblocks:framed_wall":6,"minecraft:oak_leaves":33,"minecraft:white_wool":23,"minecraft:diamond_block":25,"minecraft:sand":20,"chipped:tall_soul_lantern":2,"minecraft:oak_slab":44,"minecraft:strider_spawn_egg":1,"chipped:tall_lantern":21,"minecraft:black_banner":27,"minecraft:bamboo_block":113,"chipped:white_paper_lantern":1,"minecraft:yellow_concrete":387,"refurbished_furniture:black_sofa":10,"framedblocks:framed_centered_panel":2,"minecraft:stone_brick_wall":83,"minecraft:gray_concrete":134,"chipped:blue_ice_bricks":78,"framedblocks:framed_slope_panel":1,"minecraft:spruce_log":30,"alexsmobs:spawn_egg_lobster":4,"minecraft:oak_log":115,"refurbished_furniture:dark_electricity_generator":1,"mcwdoors:garage_black_door":9,"minecraft:netherite_block":5,"minecraft:lever":6,"minecraft:black_concrete":354,"minecraft:black_wool":27,"mcwdoors:birch_bark_glass_door":2,"minecraft:firework_rocket":36,"chipped:golden_cherry_jungle_leaves":43,"framedblocks:framed_wall_board":134,"minecraft:stripped_bamboo_block":54,"framedblocks:framed_threeway_corner":1,"man_of_many_planes:scarlet_biplane":4,"alexsmobs:spawn_egg_alligator_snapping_turtle":1,"chipped:square_cyan_stained_glass":8,"minecraft:barrier":47,"biomesoplenty:smooth_black_sandstone":1,"minecraft:pig_spawn_egg":13,"minecraft:verdant_froglight":3,"minecraft:netherite_axe":2,"minecraft:spruce_trapdoor":578,"framedblocks:framed_gate":1,"minecraft:iron_door":6,"minecraft:polished_andesite_slab":654,"biomesoplenty:dried_salt":33,"minecraft:chiseled_stone_bricks":29,"framedblocks:framed_bars":436,"chisel_chipped_integration:metal_platinum_thermal":2,"minecraft:cobblestone":557,"minecraft:purple_bed":1,"cfm:spruce_park_bench":8,"minecraft:white_banner":27,"securitycraft:admin_tool":1,"chisel_chipped_integration:laboratory_medium_tiles":8,"minecraft:andesite":477,"refurbished_furniture:blue_trampoline":10,"minecraft:smooth_stone_slab":43,"alexsmobs:animal_dictionary":1,"chisel_chipped_integration:wool_llama_light_blue":2,"minecraft:stripped_oak_log":10,"minecraft:brush":3,"minecraft:white_concrete":823,"minecraft:bone_meal":1011,"refurbished_furniture:oak_chair":7},"minecraft:killed":{"minecraft:spider":2,"minecraft:phantom":2,"minecraft:skeleton":5,"alexsmobs:orca":1,"alexsmobs:banana_slug":1,"alexsmobs:comb_jelly":1,"minecraft:strider":1,"minecraft:creeper":9,"minecraft:sheep":2,"alexsmobs:cockroach":2,"minecraft:zombie":11,"alexsmobs:roadrunner":1,"minecraft:enderman":1},"minecraft:picked_up":{"minecraft:iron_chestplate":1,"framedblocks:framed_door":1,"minecraft:potion":1,"minecraft:nether_brick":11,"minecraft:amethyst_block":15,"minecraft:oak_trapdoor":1,"minecraft:raw_copper":9,"alexsmobs:pigshoes":2,"minecraft:compass":1,"minecraft:iron_leggings":1,"minecraft:blackstone":29,"minecraft:oak_sign":4,"immersive_aircraft:heavy_crossbow":1,"alexsmobs:blood_sac":14,"minecraft:beef":133,"minecraft:rose_bush":2,"minecraft:poppy":4,"alexsmobs:raccoon_tail":1,"minecraft:raw_iron":9,"minecraft:chest":1,"minecraft:iron_boots":1,"minecraft:golden_helmet":1,"minecraft:stick":3,"minecraft:stone":2,"biomesoplenty:chiseled_brimstone_bricks":1,"minecraft:fire_charge":2,"minecraft:porkchop":96,"minecraft:carrot":38,"man_of_many_planes:scarlet_biplane":1,"minecraft:rotten_flesh":7,"minecraft:arrow":6,"minecraft:diamond_boots":1,"minecraft:iron_block":2,"minecraft:gold_ingot":21,"sophisticatedbackpacks:advanced_tool_swapper_upgrade":1,"minecraft:obsidian":5,"minecraft:mutton":2,"minecraft:white_wool":1,"minecraft:cobblestone":225,"minecraft:lilac":1,"minecraft:leather":125,"minecraft:carrot_on_a_stick":1,"minecraft:gunpowder":5,"minecraft:dirt":152,"minecraft:name_tag":2,"minecraft:bone":12,"minecraft:wheat_seeds":246,"alexsmobs:cockroach_wing_fragment":2,"minecraft:raw_gold":2,"minecraft:iron_ingot":24,"biomesoplenty:palm_sapling":1,"immersive_aircraft:airship":1,"minecraft:glowstone_dust":2,"refurbished_furniture:warped_desk":1,"jdcoin:jd_coin":1560,"minecraft:soul_sand":20,"immersive_aircraft:cargo_airship":1,"minecraft:quartz":35,"minecraft:dandelion":4,"minecraft:gravel":20,"minecraft:crying_obsidian":1,"minecraft:spectral_arrow":47,"minecraft:purple_bed":1,"minecraft:slime_ball":1280,"minecraft:diamond":3,"tacz:modern_kinetic_gun":14,"minecraft:lever":1,"minecraft:writable_book":1,"minecraft:iron_helmet":1,"alexsmobs:rainbow_jelly":2,"minecraft:painting":5,"minecraft:golden_apple":2,"alexsmobs:banana_slug_slime":2,"minecraft:oak_sapling":1,"minecraft:crimson_roots":1,"minecraft:coal":1,"minecraft:ender_pearl":4,"minecraft:sunflower":10},"minecraft:custom":{"minecraft:interact_with_smithing_table":1,"minecraft:interact_with_anvil":2,"minecraft:mob_kills":39,"minecraft:open_shulker_box":13,"minecraft:leave_game":8,"minecraft:time_since_death":921613,"minecraft:sprint_one_cm":369178,"minecraft:walk_one_cm":1142561,"minecraft:drop":267,"minecraft:damage_dealt_absorbed":80,"minecraft:play_time":921613,"minecraft:sneak_time":16394,"minecraft:walk_under_water_one_cm":24579,"minecraft:boat_one_cm":11403,"minecraft:jump":1886,"minecraft:walk_on_water_one_cm":20305,"minecraft:total_world_time":921613,"minecraft:sleep_in_bed":1,"minecraft:time_since_rest":369492,"minecraft:damage_taken":70,"minecraft:damage_dealt":1050,"minecraft:fly_one_cm":9667634,"minecraft:player_kills":8,"minecraft:open_chest":24,"minecraft:crouch_one_cm":5704,"minecraft:fall_one_cm":209},"minecraft:mined":{"minecraft:spruce_leaves":1,"minecraft:large_fern":20,"minecraft:fern":4},"minecraft:dropped":{"minecraft:enchanted_book":4,"minecraft:wheat_seeds":1,"minecraft:golden_helmet":1,"minecraft:diamond":30,"minecraft:lime_shulker_box":2,"minecraft:warped_fungus_on_a_stick":1,"biomesoplenty:chiseled_brimstone_bricks":1,"minecraft:saddle":1,"minecraft:carrot_on_a_stick":1,"immersive_aircraft:heavy_crossbow":1,"refurbished_furniture:warped_desk":1,"minecraft:torch":64,"sophisticatedbackpacks:advanced_tool_swapper_upgrade":1,"minecraft:writable_book":2,"tacz:modern_kinetic_gun":11,"jdcoin:jd_coin":863,"minecraft:oak_trapdoor":1,"minecraft:raw_iron":9,"securitycraft:keypad_door_item":3,"minecraft:oak_sign":2,"minecraft:shulker_box":1,"minecraft:purple_bed":1,"minecraft:diamond_boots":1,"minecraft:strider_spawn_egg":1,"minecraft:raw_gold":57,"minecraft:light_blue_shulker_box":1}},"DataVersion":3465}