{"stats":{"minecraft:killed":{"minecraft:sheep":2,"alexsmobs:banana_slug":1,"alexsmobs:comb_jelly":1,"minecraft:spider":1,"minecraft:creeper":3},"minecraft:mined":{"minecraft:large_fern":20,"minecraft:spruce_leaves":1,"minecraft:fern":4},"minecraft:used":{"biomesoplenty:brimstone_bud":1,"minecraft:oak_trapdoor":51,"minecraft:netherite_sword":2,"minecraft:moss_carpet":20,"biomesoplenty:palm_trapdoor":56,"biomesoplenty:brimstone":13,"alexsmobs:spawn_egg_banana_slug":1,"framedblocks:framed_wall_board":42,"man_of_many_planes:scarlet_biplane":1,"framedblocks:framed_slab":11,"minecraft:grass_block":53,"biomesoplenty:brimstone_cluster":7,"biomesoplenty:smooth_black_sandstone":1,"biomesoplenty:palm_leaves":5,"biomesoplenty:mahogany_leaves":1,"alexsmobs:spawn_egg_comb_jelly":1,"minecraft:stone":41,"framedblocks:framed_floor_board":37,"biomesoplenty:mossy_black_sand":19,"framedblocks:framed_gate":1,"minecraft:iron_door":4,"biomesoplenty:white_sand":85,"biomesoplenty:smooth_white_sandstone":7,"biomesoplenty:dried_salt":33,"minecraft:polished_andesite_slab":147,"minecraft:stone_bricks":21,"minecraft:chiseled_stone_bricks":4,"minecraft:oak_leaves":33,"minecraft:yellow_concrete_powder":24,"framedblocks:framed_pressure_plate":1,"minecraft:glowstone":6,"minecraft:lime_concrete":117,"minecraft:cobblestone":150,"minecraft:tall_grass":1,"minecraft:lime_stained_glass":2,"minecraft:deepslate_brick_slab":140,"minecraft:gray_concrete":17,"framedblocks:framed_centered_panel":2,"minecraft:white_concrete":55,"minecraft:yellow_concrete":53,"minecraft:andesite":113,"alexsmobs:animal_dictionary":1,"minecraft:smooth_stone_slab":9,"biomesoplenty:chiseled_brimstone_bricks":139,"minecraft:stone_brick_wall":9,"minecraft:spruce_log":12,"biomesoplenty:jacaranda_slab":48,"minecraft:bone_meal":110,"minecraft:polished_diorite":1,"biomesoplenty:black_sandstone":52},"minecraft:picked_up":{"minecraft:lilac":1,"biomesoplenty:chiseled_brimstone_bricks":1,"minecraft:gunpowder":1,"immersive_aircraft:heavy_crossbow":1,"minecraft:wheat_seeds":238,"tacz:modern_kinetic_gun":6,"alexsmobs:rainbow_jelly":2,"sophisticatedbackpacks:advanced_tool_swapper_upgrade":1,"alexsmobs:raccoon_tail":1,"alexsmobs:banana_slug_slime":2,"minecraft:mutton":2,"minecraft:white_wool":1},"minecraft:custom":{"minecraft:time_since_rest":166880,"minecraft:sprint_one_cm":75110,"minecraft:walk_one_cm":182324,"minecraft:mob_kills":8,"minecraft:drop":10,"minecraft:damage_dealt":200,"minecraft:fly_one_cm":897200,"minecraft:crouch_one_cm":338,"minecraft:play_time":166880,"minecraft:sneak_time":1529,"minecraft:walk_under_water_one_cm":93,"minecraft:jump":328,"minecraft:leave_game":1,"minecraft:walk_on_water_one_cm":207,"minecraft:time_since_death":166880,"minecraft:total_world_time":166880,"minecraft:fall_one_cm":209},"minecraft:dropped":{"immersive_aircraft:heavy_crossbow":1,"minecraft:wheat_seeds":1,"biomesoplenty:chiseled_brimstone_bricks":1,"sophisticatedbackpacks:advanced_tool_swapper_upgrade":1,"tacz:modern_kinetic_gun":6}},"DataVersion":3465}