{"stats":{"minecraft:killed":{"minecraft:sheep":2,"alexsmobs:banana_slug":1,"alexsmobs:comb_jelly":1,"minecraft:spider":1,"minecraft:creeper":2},"minecraft:mined":{"minecraft:large_fern":20,"minecraft:spruce_leaves":1,"minecraft:fern":4},"minecraft:used":{"biomesoplenty:brimstone_bud":1,"minecraft:oak_trapdoor":47,"biomesoplenty:palm_trapdoor":9,"biomesoplenty:brimstone":13,"alexsmobs:spawn_egg_banana_slug":1,"man_of_many_planes:scarlet_biplane":1,"framedblocks:framed_slab":11,"minecraft:grass_block":44,"biomesoplenty:brimstone_cluster":7,"biomesoplenty:smooth_black_sandstone":1,"biomesoplenty:palm_leaves":5,"biomesoplenty:mahogany_leaves":1,"alexsmobs:spawn_egg_comb_jelly":1,"minecraft:stone":25,"biomesoplenty:mossy_black_sand":19,"biomesoplenty:white_sand":85,"biomesoplenty:smooth_white_sandstone":7,"biomesoplenty:dried_salt":33,"minecraft:polished_andesite_slab":47,"minecraft:stone_bricks":21,"minecraft:chiseled_stone_bricks":4,"minecraft:oak_leaves":33,"minecraft:yellow_concrete_powder":20,"minecraft:glowstone":6,"minecraft:lime_concrete":114,"minecraft:cobblestone":12,"minecraft:yellow_concrete":45,"minecraft:andesite":35,"alexsmobs:animal_dictionary":1,"minecraft:smooth_stone_slab":9,"biomesoplenty:chiseled_brimstone_bricks":24,"minecraft:stone_brick_wall":9,"minecraft:spruce_log":12,"biomesoplenty:jacaranda_slab":48,"minecraft:bone_meal":20,"minecraft:polished_diorite":1,"biomesoplenty:black_sandstone":26},"minecraft:picked_up":{"minecraft:lilac":1,"biomesoplenty:chiseled_brimstone_bricks":1,"immersive_aircraft:heavy_crossbow":1,"minecraft:wheat_seeds":238,"tacz:modern_kinetic_gun":6,"alexsmobs:rainbow_jelly":2,"sophisticatedbackpacks:advanced_tool_swapper_upgrade":1,"alexsmobs:raccoon_tail":1,"alexsmobs:banana_slug_slime":2,"minecraft:mutton":2,"minecraft:white_wool":1},"minecraft:custom":{"minecraft:time_since_rest":106880,"minecraft:sprint_one_cm":60756,"minecraft:walk_one_cm":107225,"minecraft:mob_kills":7,"minecraft:drop":10,"minecraft:fly_one_cm":502794,"minecraft:crouch_one_cm":182,"minecraft:play_time":106880,"minecraft:sneak_time":704,"minecraft:walk_under_water_one_cm":93,"minecraft:jump":204,"minecraft:leave_game":1,"minecraft:walk_on_water_one_cm":207,"minecraft:time_since_death":106880,"minecraft:total_world_time":106880,"minecraft:fall_one_cm":209},"minecraft:dropped":{"immersive_aircraft:heavy_crossbow":1,"minecraft:wheat_seeds":1,"biomesoplenty:chiseled_brimstone_bricks":1,"sophisticatedbackpacks:advanced_tool_swapper_upgrade":1,"tacz:modern_kinetic_gun":6}},"DataVersion":3465}