{"stats":{"minecraft:killed_by":{"minecraft:zombie":2},"minecraft:dropped":{"minecraft:iron_ingot":20,"minecraft:cooked_beef":6,"minecraft:torch":2,"pointblank:doom_gausscannon":1,"minecraft:birch_log":3,"pointblank:doom_bfg9000":1},"minecraft:custom":{"minecraft:time_since_rest":40211,"minecraft:interact_with_furnace":1,"minecraft:sprint_one_cm":183681,"minecraft:damage_taken":915,"minecraft:walk_one_cm":205314,"minecraft:mob_kills":23,"minecraft:drop":33,"minecraft:damage_dealt":648,"minecraft:interact_with_crafting_table":1,"minecraft:fly_one_cm":1085846,"minecraft:player_kills":7,"minecraft:crouch_one_cm":340,"minecraft:play_time":179680,"minecraft:deaths":3,"minecraft:sneak_time":1909,"minecraft:walk_under_water_one_cm":1833,"minecraft:jump":1502,"minecraft:leave_game":25,"minecraft:walk_on_water_one_cm":541,"minecraft:time_since_death":137958,"minecraft:climb_one_cm":247,"minecraft:sleep_in_bed":3,"minecraft:total_world_time":179680,"minecraft:fall_one_cm":12293},"minecraft:picked_up":{"minecraft:birch_log":2,"minecraft:stick":2,"minecraft:light_gray_terracotta":1,"minecraft:bone":1,"minecraft:rotten_flesh":4,"minecraft:terracotta":1},"minecraft:mined":{"minecraft:birch_leaves":3,"minecraft:grass":1,"minecraft:oak_leaves":3},"minecraft:used":{"minecraft:grass_block":1,"minecraft:pig_spawn_egg":2,"minecraft:chicken_spawn_egg":6,"jeg:atlantean_spear":11,"scp:suelobackroom_0":38,"minecraft:oak_leaves":5,"minecraft:torch":1,"minecraft:sand":14,"minecraft:terracotta":14,"grue_remake:grue_spawn_egg":1,"jeg:typhoonee":7,"minecraft:birch_log":1,"scp:paredbackrooms_0normal":4,"minecraft:white_bed":8,"minecraft:orange_terracotta":14},"minecraft:killed":{"minecraft:skeleton":1,"midnightlurker:invisible_lurker_footsteps":1,"minecraft:zombie":5,"doppelgangermod:dp_creeper":1,"minecraft:spider":1,"minecraft:bat":1,"minecraft:tropical_fish":5,"minecraft:creeper":2,"scp:walkingheads_amigo":1}},"DataVersion":3465}