{"stats":{"minecraft:mined":{"minecraft:grass":1,"minecraft:birch_leaves":3,"minecraft:oak_leaves":3},"minecraft:killed_by":{"minecraft:zombie":2},"minecraft:used":{"minecraft:oak_leaves":2,"minecraft:grass_block":1},"minecraft:custom":{"minecraft:jump":536,"minecraft:time_since_rest":49052,"minecraft:damage_dealt":396,"minecraft:damage_taken":855,"minecraft:leave_game":21,"minecraft:play_time":82721,"minecraft:sprint_one_cm":74238,"minecraft:time_since_death":40999,"minecraft:walk_one_cm":39262,"minecraft:deaths":3,"minecraft:sneak_time":82,"minecraft:total_world_time":82721,"minecraft:fall_one_cm":8511,"minecraft:fly_one_cm":166817}},"DataVersion":3465}