{"stats":{"minecraft:used":{"minecraft:oak_leaves":2},"minecraft:killed_by":{"minecraft:zombie":2},"minecraft:custom":{"minecraft:jump":324,"minecraft:time_since_rest":20924,"minecraft:damage_dealt":396,"minecraft:damage_taken":855,"minecraft:leave_game":8,"minecraft:play_time":54593,"minecraft:sprint_one_cm":42529,"minecraft:time_since_death":12871,"minecraft:walk_one_cm":29962,"minecraft:deaths":3,"minecraft:sneak_time":64,"minecraft:total_world_time":54593,"minecraft:fall_one_cm":7826,"minecraft:fly_one_cm":66259},"minecraft:mined":{"minecraft:grass":1,"minecraft:birch_leaves":3,"minecraft:oak_leaves":3}},"DataVersion":3465}