{"stats":{"minecraft:killed_by":{"grue_remake:grue":2,"minecraft:zombie":2},"minecraft:picked_up":{"minecraft:birch_log":2,"minecraft:feather":6,"scp:sangredesmiler":1,"minecraft:gunpowder":1,"minecraft:string":2,"the_silence:flashlightoff":2,"minecraft:bone":2,"scp:suelobackroom_0":1,"minecraft:stone_pickaxe":1,"minecraft:stick":4,"scp:sangre":1,"minecraft:torch":4,"minecraft:gravel":2,"pointblank:gunmetal_nugget":37,"scp:pastillas":1,"chiselsandbits:chisel_iron":1,"minecraft:spider_eye":1,"minecraft:light_gray_terracotta":3,"minecraft:stone_sword":1,"minecraft:arrow":1,"minecraft:rotten_flesh":11,"minecraft:stone_axe":1,"scp:carnede_sabueso":2,"minecraft:terracotta":13,"scp:vendas":1,"minecraft:cobblestone":1},"minecraft:mined":{"minecraft:torch":1,"minecraft:birch_leaves":3,"minecraft:grass":1,"minecraft:oak_leaves":3},"minecraft:used":{"scp:techodelasbackrooms":23,"minecraft:stone_sword":20,"scp:luznivel_4variacion":5,"scp:katana_nkatana":13,"minecraft:chest":11,"minecraft:sandstone":2,"jeg:atlantean_spear":11,"minecraft:oak_leaves":5,"scp:concreto_de_arena":34,"scp:suelobackroom_0":62,"minecraft:torch":18,"minecraft:sand":15,"minecraft:terracotta":14,"scp:agua":1,"jeg:typhoonee":7,"minecraft:white_bed":8,"scp:red_entitynueva_spawn_egg":8,"scp:carton_artificial":88,"minecraft:grass_block":1,"scp:luzamarillo":4,"minecraft:pig_spawn_egg":2,"minecraft:spawner":5,"minecraft:chicken_spawn_egg":6,"the_silence:la_cosa_real_spawn_egg":4,"doppelgangermod:dp_straw_man_spawn_egg":1,"scp:estimulante":2,"scp:luzazul_1":1,"midnightlurker:midnight_lurker_runaway_spawn_egg":6,"grue_remake:grue_spawn_egg":2,"scp:sabueso_2_spawn_egg":26,"scp:espadadecarton_sword":4,"midnightlurker:midnight_lurker_aggressive_spawn_egg":13,"minecraft:birch_log":1,"scp:paredbackrooms_0normal":86,"jeg:semi_auto_rifle":47,"scp:luzverde_1":4,"scp:insano_spawn_egg":3,"minecraft:orange_terracotta":14,"scp:dullernuevo_spawn_egg":13,"scp:sangre_de_entidades":39},"minecraft:dropped":{"minecraft:iron_ingot":21,"scp:suelobackroom_0":1,"scp:estimulante":18,"scp:barrita_energetica":4,"scp:botiquin_3":3,"the_silence:flashlightoff":6,"minecraft:cooked_beef":6,"scp:cuchillo_sword":1,"the_silence:flashlight":1,"scp:stopde_carton":2,"scp:vendas":9,"minecraft:stick":1,"scp:botiquin":3,"scp:carton_artificial":64,"scp:cuerda":1,"minecraft:torch":4,"scp:pastillas":13,"pointblank:doom_gausscannon":1,"scp:sarten_dagger":1,"minecraft:birch_log":3,"pointblank:doom_bfg9000":1,"scp:tuberia_dagger":1},"minecraft:custom":{"minecraft:interact_with_furnace":6,"minecraft:mob_kills":27,"minecraft:interact_with_crafting_table":1,"minecraft:leave_game":34,"minecraft:time_since_death":182767,"minecraft:sleep_in_bed":3,"minecraft:climb_one_cm":247,"minecraft:damage_resisted":39,"minecraft:time_since_rest":182810,"minecraft:sprint_one_cm":253579,"minecraft:damage_taken":11573,"minecraft:walk_one_cm":428447,"minecraft:drop":74,"minecraft:damage_dealt":3018,"minecraft:fly_one_cm":2839816,"minecraft:player_kills":11,"minecraft:open_chest":29,"minecraft:crouch_one_cm":1334,"minecraft:play_time":419365,"minecraft:deaths":7,"minecraft:sneak_time":3762,"minecraft:walk_under_water_one_cm":1833,"minecraft:jump":1827,"minecraft:walk_on_water_one_cm":541,"minecraft:total_world_time":419365,"minecraft:fall_one_cm":12293},"minecraft:killed":{"doppelgangermod:dp_creeper":1,"minecraft:spider":1,"minecraft:bat":1,"minecraft:creeper":2,"minecraft:skeleton":2,"minecraft:zombie":5,"midnightlurker:invisible_lurker_footsteps":1,"doppelgangermod:dp_creeper_mutation":1,"minecraft:tropical_fish":5,"scp:walkingheads_amigo":3}},"DataVersion":3465}