{"stats":{"minecraft:dropped":{"minecraft:iron_ingot":20,"minecraft:cooked_beef":6,"minecraft:birch_log":3},"minecraft:picked_up":{"minecraft:birch_log":2,"minecraft:stick":1},"minecraft:mined":{"minecraft:grass":1,"minecraft:birch_leaves":3,"minecraft:oak_leaves":3},"minecraft:killed_by":{"minecraft:zombie":2},"minecraft:used":{"minecraft:oak_leaves":5,"minecraft:torch":1,"minecraft:grass_block":1,"minecraft:birch_log":1},"minecraft:custom":{"minecraft:time_since_rest":74254,"minecraft:crouch_one_cm":128,"minecraft:sprint_one_cm":106791,"minecraft:play_time":107923,"minecraft:deaths":3,"minecraft:damage_taken":915,"minecraft:walk_one_cm":80346,"minecraft:sneak_time":516,"minecraft:drop":29,"minecraft:jump":756,"minecraft:damage_dealt":490,"minecraft:leave_game":22,"minecraft:time_since_death":66201,"minecraft:total_world_time":107923,"minecraft:climb_one_cm":16,"minecraft:interact_with_crafting_table":1,"minecraft:fall_one_cm":11039,"minecraft:fly_one_cm":330483}},"DataVersion":3465}