{"stats":{"minecraft:dropped":{"minecraft:wheat_seeds":1,"biomesoplenty:chiseled_brimstone_bricks":1,"minecraft:torch":64,"minecraft:oak_sign":2,"immersive_aircraft:heavy_crossbow":1,"refurbished_furniture:warped_desk":1,"sophisticatedbackpacks:advanced_tool_swapper_upgrade":1,"tacz:modern_kinetic_gun":9,"jdcoin:jd_coin":10},"minecraft:used":{"minecraft:moss_block":4,"minecraft:oak_fence":48,"minecraft:oak_trapdoor":103,"minecraft:water_bucket":111,"minecraft:moss_carpet":20,"minecraft:netherite_sword":2,"minecraft:cow_spawn_egg":13,"biomesoplenty:brimstone":133,"alexsmobs:spawn_egg_banana_slug":1,"framedblocks:framed_inner_corner_slope":5,"framedblocks:framed_door":1,"minecraft:spruce_slab":35,"minecraft:birch_planks":7,"minecraft:gray_carpet":133,"cfm:oak_park_bench":120,"framedblocks:framed_slope":295,"framedblocks:framed_slab":388,"minecraft:polished_andesite":29,"mcwdoors:metal_reinforced_door":3,"biomesoplenty:brimstone_cluster":13,"biomesoplenty:palm_leaves":589,"minecraft:oak_planks":31,"smallships:dark_oak_brigg":2,"minecraft:oak_sign":2,"minecraft:andesite_slab":54,"framedblocks:framed_stairs":25,"framedblocks:framed_corner_slope":2,"biomesoplenty:mahogany_leaves":1,"alexsmobs:spawn_egg_comb_jelly":1,"minecraft:stone":105,"framedblocks:framed_floor_board":360,"biomesoplenty:mossy_black_sand":58,"biomesoplenty:white_sand":85,"minecraft:oak_leaves":33,"minecraft:white_wool":23,"minecraft:diamond_block":25,"minecraft:oak_slab":44,"mcwdoors:garage_white_door":10,"minecraft:bamboo_block":113,"minecraft:black_banner":27,"minecraft:cobblestone_wall":5,"minecraft:deepslate_brick_slab":262,"refurbished_furniture:black_sofa":10,"minecraft:yellow_concrete":387,"framedblocks:framed_centered_panel":2,"minecraft:stone_brick_wall":57,"minecraft:gray_concrete":66,"biomesoplenty:chiseled_brimstone_bricks":484,"minecraft:lever":4,"framedblocks:framed_slope_panel":1,"biomesoplenty:jacaranda_slab":143,"minecraft:spruce_log":30,"refurbished_furniture:dark_electricity_generator":1,"minecraft:oak_fence_gate":2,"minecraft:glass":3,"minecraft:polished_diorite":1,"biomesoplenty:black_sandstone":261,"biomesoplenty:brimstone_bud":1,"minecraft:andesite_wall":37,"minecraft:oak_log":72,"minecraft:netherite_block":5,"minecraft:wooden_axe":5,"refurbished_furniture:black_stool":2,"automobility:steep_slope":6,"minecraft:black_wool":26,"minecraft:black_concrete":354,"biomesoplenty:palm_trapdoor":90,"automobility:dash_panel":31,"minecraft:lime_banner":1,"minecraft:stripped_bamboo_block":54,"man_of_many_planes:scarlet_biplane":1,"framedblocks:framed_wall_board":134,"framedblocks:framed_threeway_corner":1,"alexsmobs:spawn_egg_gorilla":1,"minecraft:iron_block":321,"minecraft:grass_block":150,"alexsmobs:spawn_egg_alligator_snapping_turtle":1,"minecraft:pig_spawn_egg":13,"biomesoplenty:smooth_black_sandstone":1,"minecraft:spawner":3,"minecraft:verdant_froglight":3,"minecraft:netherite_axe":2,"cfm:stripped_oak_chair":11,"minecraft:spruce_trapdoor":341,"framedblocks:framed_gate":1,"minecraft:iron_door":4,"biomesoplenty:smooth_white_sandstone":7,"alexsmobs:spawn_egg_cachalot_whale":1,"minecraft:stone_bricks":21,"minecraft:polished_andesite_slab":544,"biomesoplenty:dried_salt":33,"minecraft:yellow_concrete_powder":25,"minecraft:chiseled_stone_bricks":17,"minecraft:glowstone":217,"framedblocks:framed_pressure_plate":1,"minecraft:lime_concrete":273,"minecraft:cobblestone":401,"minecraft:tall_grass":9,"minecraft:white_banner":27,"minecraft:lime_stained_glass":2,"minecraft:andesite":334,"minecraft:stripped_oak_log":10,"refurbished_furniture:blue_trampoline":10,"minecraft:gold_block":39,"minecraft:smooth_stone_slab":9,"alexsmobs:animal_dictionary":1,"minecraft:pearlescent_froglight":3,"immersive_aircraft:biplane":1,"minecraft:white_concrete":659,"minecraft:bone_meal":600,"refurbished_furniture:oak_chair":4},"minecraft:killed":{"minecraft:spider":1,"minecraft:creeper":4,"minecraft:phantom":2,"minecraft:sheep":2,"minecraft:skeleton":2,"minecraft:zombie":1,"alexsmobs:banana_slug":1,"alexsmobs:comb_jelly":1},"minecraft:custom":{"minecraft:mob_kills":14,"minecraft:leave_game":5,"minecraft:time_since_death":516934,"minecraft:time_since_rest":516934,"minecraft:sprint_one_cm":235558,"minecraft:damage_taken":70,"minecraft:walk_one_cm":683084,"minecraft:drop":27,"minecraft:damage_dealt":856,"minecraft:fly_one_cm":4931716,"minecraft:player_kills":4,"minecraft:crouch_one_cm":1798,"minecraft:play_time":516934,"minecraft:sneak_time":7080,"minecraft:walk_under_water_one_cm":18507,"minecraft:jump":1179,"minecraft:walk_on_water_one_cm":13543,"minecraft:total_world_time":516934,"minecraft:fall_one_cm":209},"minecraft:picked_up":{"minecraft:lilac":1,"minecraft:leather":43,"minecraft:gunpowder":1,"minecraft:dirt":147,"minecraft:raw_copper":9,"minecraft:bone":5,"immersive_aircraft:heavy_crossbow":1,"minecraft:oak_sign":4,"minecraft:wheat_seeds":239,"minecraft:dandelion":2,"minecraft:beef":25,"biomesoplenty:palm_sapling":1,"minecraft:rose_bush":2,"jdcoin:jd_coin":8,"alexsmobs:raccoon_tail":1,"refurbished_furniture:warped_desk":1,"minecraft:stick":3,"minecraft:porkchop":68,"biomesoplenty:chiseled_brimstone_bricks":1,"minecraft:carrot":38,"minecraft:rotten_flesh":1,"minecraft:arrow":3,"tacz:modern_kinetic_gun":9,"minecraft:lever":1,"alexsmobs:rainbow_jelly":2,"alexsmobs:banana_slug_slime":2,"sophisticatedbackpacks:advanced_tool_swapper_upgrade":1,"minecraft:oak_sapling":1,"minecraft:mutton":2,"minecraft:white_wool":1,"minecraft:cobblestone":113,"minecraft:sunflower":10},"minecraft:mined":{"minecraft:spruce_leaves":1,"minecraft:large_fern":20,"minecraft:fern":4}},"DataVersion":3465}