{"stats":{"minecraft:mined":{"minecraft:grass":1,"minecraft:birch_leaves":3,"minecraft:oak_leaves":3},"minecraft:killed_by":{"minecraft:zombie":2},"minecraft:used":{"minecraft:oak_leaves":5,"minecraft:grass_block":1},"minecraft:custom":{"minecraft:jump":615,"minecraft:time_since_rest":62254,"minecraft:damage_dealt":416,"minecraft:damage_taken":855,"minecraft:leave_game":22,"minecraft:play_time":95923,"minecraft:sprint_one_cm":83582,"minecraft:time_since_death":54201,"minecraft:walk_one_cm":43973,"minecraft:deaths":3,"minecraft:sneak_time":137,"minecraft:total_world_time":95923,"minecraft:fall_one_cm":8511,"minecraft:fly_one_cm":204700}},"DataVersion":3465}