{"stats":{"minecraft:dropped":{"minecraft:iron_ingot":20,"minecraft:cooked_beef":6,"minecraft:torch":2,"minecraft:birch_log":3},"minecraft:picked_up":{"minecraft:birch_log":2,"minecraft:stick":2,"minecraft:rotten_flesh":2},"minecraft:killed":{"minecraft:spider":1,"minecraft:zombie":3,"minecraft:creeper":1,"scp:walkingheads_amigo":1,"doppelgangermod:dp_creeper":1},"minecraft:mined":{"minecraft:grass":1,"minecraft:birch_leaves":3,"minecraft:oak_leaves":3},"minecraft:killed_by":{"minecraft:zombie":2},"minecraft:used":{"minecraft:oak_leaves":5,"minecraft:torch":1,"grue_remake:grue_spawn_egg":1,"jeg:typhoonee":7,"minecraft:grass_block":1,"minecraft:pig_spawn_egg":2,"minecraft:birch_log":1,"minecraft:chicken_spawn_egg":6,"jeg:atlantean_spear":3},"minecraft:custom":{"minecraft:time_since_rest":98254,"minecraft:crouch_one_cm":316,"minecraft:sprint_one_cm":137545,"minecraft:play_time":131923,"minecraft:deaths":3,"minecraft:damage_taken":915,"minecraft:walk_one_cm":126599,"minecraft:sneak_time":1015,"minecraft:walk_under_water_one_cm":1151,"minecraft:mob_kills":11,"minecraft:drop":31,"minecraft:jump":986,"minecraft:damage_dealt":567,"minecraft:walk_on_water_one_cm":134,"minecraft:leave_game":22,"minecraft:time_since_death":90201,"minecraft:total_world_time":131923,"minecraft:climb_one_cm":247,"minecraft:interact_with_crafting_table":1,"minecraft:fall_one_cm":12293,"minecraft:fly_one_cm":547695,"minecraft:player_kills":4}},"DataVersion":3465}