{"stats":{"minecraft:dropped":{"minecraft:oak_slab":1,"minecraft:wheat_seeds":6,"minecraft:golden_helmet":1,"minecraft:lilac":2,"minecraft:cobblestone":45,"minecraft:granite":5,"minecraft:dirt":61,"minecraft:melon_slice":6,"minecraft:sand":3,"minecraft:red_dye":12,"minecraft:string":1,"minecraft:dandelion":2,"minecraft:bone":1,"minecraft:stone_axe":1,"alexsmobs:maggot":1,"minecraft:stone_sword":1,"alexsmobs:animal_dictionary":2,"minecraft:cobbled_deepslate":4,"minecraft:raw_copper":18,"minecraft:stone_shovel":1,"minecraft:rotten_flesh":5,"minecraft:azure_bluet":1,"minecraft:lily_of_the_valley":1,"minecraft:andesite":19,"biomesoplenty:mahogany_sapling":7,"minecraft:arrow":2,"minecraft:glass":9,"minecraft:stone_pickaxe":1,"minecraft:wooden_pickaxe":2,"alexsmobs:banana":63},"minecraft:used":{"biomesoplenty:mahogany_planks":55,"minecraft:stone_sword":97,"minecraft:iron_shovel":275,"minecraft:stone_shovel":263,"minecraft:shield":3,"minecraft:stone_hoe":132,"minecraft:iron_chestplate":1,"minecraft:dirt":79,"minecraft:iron_hoe":57,"minecraft:jungle_sapling":1,"biomesoplenty:orange_sand":1,"minecraft:iron_helmet":1,"minecraft:iron_boots":1,"minecraft:oak_sapling":1,"minecraft:furnace":6,"minecraft:egg":1,"minecraft:cooked_beef":13,"minecraft:cobbled_deepslate":6,"minecraft:iron_leggings":1,"minecraft:wheat_seeds":249,"minecraft:water_bucket":5,"minecraft:diorite":10,"minecraft:oak_planks":3,"minecraft:stone_pickaxe":215,"quark:ancient_fence":1,"minecraft:wooden_pickaxe":11,"quark:thatch":1,"minecraft:sand":7,"minecraft:crafting_table":8,"minecraft:red_bed":2,"minecraft:diamond_shovel":788,"minecraft:bread":4,"minecraft:melon_slice":6,"minecraft:iron_pickaxe":914,"minecraft:stone_axe":182,"minecraft:diamond_sword":90,"minecraft:cobblestone":21,"minecraft:bucket":5,"minecraft:andesite":23,"quark:oak_chest":15,"alexsmobs:leafcutter_ant_chamber":13},"minecraft:killed_by":{"minecraft:player":1,"minecraft:spider":1,"minecraft:skeleton":1,"slasher:slasher":1},"minecraft:broken":{"minecraft:iron_shovel":1,"minecraft:stone_hoe":1,"minecraft:stone_pickaxe":1,"minecraft:stone_axe":1,"minecraft:iron_pickaxe":3,"minecraft:stone_shovel":2},"minecraft:custom":{"minecraft:mob_kills":17,"minecraft:interact_with_crafting_table":60,"minecraft:leave_game":3,"minecraft:time_since_death":32950,"minecraft:climb_one_cm":5345,"minecraft:sprint_one_cm":319751,"minecraft:walk_one_cm":517307,"minecraft:damage_blocked_by_shield":173,"minecraft:drop":51,"minecraft:play_time":183903,"minecraft:deaths":6,"minecraft:sneak_time":3976,"minecraft:walk_under_water_one_cm":73408,"minecraft:jump":1568,"minecraft:walk_on_water_one_cm":43904,"minecraft:total_world_time":183903,"minecraft:interact_with_furnace":44,"minecraft:time_since_rest":32977,"minecraft:damage_taken":3343,"minecraft:damage_dealt":2682,"minecraft:swim_one_cm":54092,"minecraft:fly_one_cm":219581,"minecraft:open_chest":38,"minecraft:crouch_one_cm":8937,"minecraft:fall_one_cm":36627},"minecraft:killed":{"minecraft:spider":1,"minecraft:skeleton":1,"alexsmobs:capuchin_monkey":1,"minecraft:drowned":1,"hamsters:hamster":4,"minecraft:zombie":7,"alexsmobs:fly":1},"minecraft:picked_up":{"minecraft:wheat":53,"minecraft:crafting_table":5,"minecraft:azure_bluet":1,"minecraft:wooden_pickaxe":2,"minecraft:string":1,"minecraft:red_bed":1,"minecraft:raw_copper":18,"alexsmobs:banana":66,"minecraft:cobbled_deepslate":319,"minecraft:red_dye":8,"minecraft:oak_boat":4,"minecraft:jungle_sapling":1,"minecraft:poppy":5,"minecraft:melon_slice":145,"alexsmobs:leafcutter_ant_chamber":13,"minecraft:egg":1,"minecraft:furnace":3,"minecraft:raw_iron":62,"minecraft:stick":4,"minecraft:sandstone":31,"minecraft:diorite":63,"minecraft:light_gray_bed":1,"minecraft:rotten_flesh":5,"minecraft:stone_sword":1,"minecraft:arrow":2,"minecraft:stone_shovel":1,"biomesoplenty:mahogany_sapling":8,"quark:thatch":1,"biomesoplenty:orange_sand":1,"minecraft:cobblestone":467,"minecraft:lilac":2,"minecraft:cooked_beef":64,"minecraft:andesite":57,"minecraft:tuff":8,"minecraft:oak_log":32,"minecraft:dirt":716,"minecraft:name_tag":1,"minecraft:glass":3,"minecraft:bone":1,"minecraft:wheat_seeds":261,"minecraft:iron_ingot":1,"minecraft:oak_planks":3,"biomesoplenty:mahogany_planks":26,"minecraft:oak_slab":1,"quark:ancient_fence":1,"minecraft:dandelion":2,"minecraft:sand":609,"minecraft:lily_of_the_valley":1,"quark:oak_chest":5,"alexsmobs:animal_dictionary":1,"biomesoplenty:mahogany_log":85,"minecraft:diamond":68,"minecraft:stone_axe":1,"minecraft:granite":11,"alexsmobs:maggot":1,"minecraft:oak_sapling":1,"minecraft:coal":39},"minecraft:crafted":{"minecraft:oak_planks":128,"minecraft:stone_shovel":2,"biomesoplenty:mahogany_planks":340,"minecraft:furnace":4,"minecraft:diamond_shovel":1,"minecraft:glass":6,"minecraft:iron_boots":1,"minecraft:iron_axe":1,"minecraft:iron_hoe":1,"minecraft:stone_pickaxe":2,"quark:thatch":4,"minecraft:stone_hoe":1,"minecraft:wheat":4,"minecraft:red_dye":5,"minecraft:diamond_sword":1,"minecraft:crafting_table":3,"minecraft:iron_helmet":1,"minecraft:iron_sword":1,"minecraft:red_bed":1,"minecraft:stone_axe":2,"minecraft:bread":19,"minecraft:air":0,"minecraft:oak_boat":6,"minecraft:iron_chestplate":1,"minecraft:diamond_pickaxe":1,"minecraft:shield":1,"minecraft:stick":52,"quark:oak_chest":10,"minecraft:iron_ingot":62,"minecraft:iron_pickaxe":5,"minecraft:stone_sword":1,"minecraft:iron_shovel":2,"minecraft:iron_leggings":1},"minecraft:mined":{"quark:thatch":1,"minecraft:diamond_ore":1,"minecraft:tuff":9,"biomesoplenty:watergrass":11,"minecraft:farmland":6,"minecraft:deepslate_diamond_ore":67,"minecraft:jungle_leaves":6,"minecraft:granite":11,"minecraft:grass_block":375,"minecraft:light_gray_bed":1,"alexsmobs:leafcutter_ant_chamber":5,"minecraft:sandstone":31,"minecraft:large_fern":1,"minecraft:furnace":3,"minecraft:iron_ore":58,"minecraft:andesite":59,"minecraft:azure_bluet":1,"minecraft:vine":7,"biomesoplenty:mahogany_leaves":4,"minecraft:azalea_leaves":2,"minecraft:stone":467,"minecraft:oak_slab":1,"minecraft:red_bed":1,"quark:oak_chest":5,"minecraft:lily_of_the_valley":1,"minecraft:dandelion":1,"minecraft:crafting_table":5,"minecraft:poppy":5,"biomesoplenty:mahogany_planks":26,"minecraft:melon":27,"minecraft:tall_grass":2,"minecraft:copper_ore":5,"minecraft:oak_planks":3,"minecraft:diorite":63,"biomesoplenty:mahogany_log":85,"minecraft:wheat":77,"minecraft:lilac":2,"minecraft:grass":25,"minecraft:oak_log":32,"minecraft:coal_ore":22,"minecraft:dirt":354,"minecraft:sand":608,"quark:ancient_fence":2,"minecraft:oak_leaves":7,"minecraft:deepslate":321,"minecraft:fern":80}},"DataVersion":3465}