{"stats":{"minecraft:custom":{"minecraft:interact_with_smithing_table":7,"minecraft:mob_kills":59,"minecraft:interact_with_anvil":23,"minecraft:interact_with_crafting_table":5,"minecraft:open_barrel":1,"minecraft:fill_cauldron":19,"minecraft:open_shulker_box":25,"minecraft:damage_dealt_resisted":154,"minecraft:leave_game":8,"minecraft:time_since_death":22166,"minecraft:sprint_one_cm":354513,"minecraft:walk_one_cm":1045969,"minecraft:drop":178,"minecraft:damage_dealt_absorbed":120,"minecraft:deaths":1,"minecraft:play_time":912843,"minecraft:sneak_time":12350,"minecraft:walk_under_water_one_cm":20598,"minecraft:boat_one_cm":635091,"minecraft:jump":1931,"minecraft:walk_on_water_one_cm":22349,"minecraft:total_world_time":912843,"minecraft:time_since_rest":22193,"minecraft:damage_taken":81,"minecraft:damage_dealt":9342,"minecraft:fly_one_cm":7146118,"minecraft:player_kills":7,"minecraft:open_chest":77,"minecraft:crouch_one_cm":3977,"minecraft:fall_one_cm":269},"minecraft:crafted":{"minecraft:leather_leggings":2,"minecraft:leather_boots":7,"minecraft:leather_helmet":2,"minecraft:air":0,"minecraft:leather_chestplate":3},"minecraft:used":{"minecraft:oak_fence":95,"refurbished_furniture:oak_storage_cabinet":8,"minecraft:oak_trapdoor":61,"framedblocks:framed_fence":123,"minecraft:netherite_sword":159,"minecraft:writable_book":3,"biomesoplenty:brimstone":66,"framedblocks:framed_adj_double_slab":18,"framedblocks:framed_slab":25,"immersive_aircraft:airship":1,"minecraft:redstone":36,"minecraft:oak_sign":55,"smallships:dark_oak_brigg":1,"framedblocks:framed_stairs":91,"minecraft:chest":72,"minecraft:tinted_glass":33,"minecraft:white_terracotta":71,"minecraft:stone":72,"securitycraft:keypad_door_item":20,"immersive_aircraft:warship":5,"cfm:stripped_spruce_chair":1,"framedblocks:framed_small_double_corner_slope_panel":1,"securitycraft:reinforced_iron_bars":212,"immersive_aircraft:quadrocopter":1,"minecraft:oak_door":6,"minecraft:spruce_leaves":17,"minecraft:torch":39,"minecraft:dirt":12,"chipped:donut_soul_lantern":1,"minecraft:anvil":16,"minecraft:skeleton_spawn_egg":1,"mcwdoors:garage_white_door":32,"minecraft:shulker_box":2,"refurbished_furniture:television":3,"minecraft:oak_wood":9,"minecraft:granite":1,"biomesoplenty:chiseled_brimstone_bricks":38,"biomesoplenty:jacaranda_slab":6,"minecraft:light_blue_stained_glass":2,"minecraft:oak_fence_gate":3,"minecraft:polished_diorite":234,"biomesoplenty:black_sandstone":581,"minecraft:dark_oak_planks":37,"minecraft:glass":401,"cfm:oak_table":8,"minecraft:stone_brick_slab":5,"automobility:steep_slope":5,"biomesoplenty:stringy_cobweb":6,"minecraft:lava_bucket":3,"automobility:dash_panel":12,"minecraft:coal_ore":4,"minecraft:spruce_wood":17,"minecraft:grass_block":229,"minecraft:iron_block":29,"minecraft:oak_stairs":93,"minecraft:rooted_dirt":1,"minecraft:polished_andesite_stairs":8,"minecraft:spawner":6,"cfm:stripped_oak_chair":23,"minecraft:lime_dye":5,"biomesoplenty:brimstone_brick_slab":28,"minecraft:barrel":9,"minecraft:stone_brick_stairs":47,"minecraft:stone_bricks":473,"framedblocks:framed_double_sloped_prism":1,"minecraft:repeater":1,"refurbished_furniture:oak_crate":53,"minecraft:glowstone":177,"minecraft:lime_concrete":202,"minecraft:blue_shulker_box":1,"minecraft:furnace":2,"minecraft:lime_stained_glass":153,"minecraft:podzol":170,"minecraft:gold_block":104,"alexsmobs:banana":1,"mcwdoors:metal_warning_door":5,"refurbished_furniture:oak_table":11,"minecraft:dark_oak_stairs":32,"biomesoplenty:maple_leaves":15,"minecraft:water_bucket":23,"framedblocks:framed_sliced_stairs_slab":1,"minecraft:light_blue_shulker_box":1,"minecraft:cow_spawn_egg":5,"minecraft:dirt_path":4,"minecraft:spruce_door":62,"framedblocks:framed_slope":30,"minecraft:yellow_shulker_box":1,"framedblocks:framed_door":19,"minecraft:polished_andesite":42,"biomesoplenty:palm_leaves":467,"minecraft:oak_planks":90,"minecraft:copper_block":5,"securitycraft:panic_button":3,"biomesoplenty:webbing":66,"minecraft:sandstone":1,"framedblocks:framed_cube":2,"biomesoplenty:umbran_sign":7,"minecraft:cauldron":18,"minecraft:white_dye":1,"minecraft:parrot_spawn_egg":9,"minecraft:glow_ink_sac":16,"refurbished_furniture:black_toilet":24,"framedblocks:framed_wall":28,"immersive_aircraft:cargo_airship":1,"minecraft:glow_item_frame":670,"minecraft:polished_blackstone_pressure_plate":3,"minecraft:sand":42,"minecraft:yellow_terracotta":30,"refurbished_furniture:oak_kitchen_drawer":19,"minecraft:light_blue_concrete":325,"minecraft:oak_slab":52,"minecraft:crafting_table":4,"minecraft:red_bed":25,"minecraft:yellow_concrete":46,"minecraft:stone_brick_wall":71,"minecraft:gray_concrete":227,"minecraft:painting":44,"minecraft:spruce_log":3,"refurbished_furniture:computer":163,"cfm:oak_chair":148,"minecraft:creeper_spawn_egg":1,"minecraft:redstone_torch":119,"minecraft:oak_log":179,"minecraft:sticky_piston":13,"refurbished_furniture:dark_electricity_generator":3,"mcwdoors:garage_black_door":30,"minecraft:netherite_block":1,"minecraft:lever":18,"minecraft:yellow_dye":3,"minecraft:black_concrete":24,"minecraft:firework_rocket":127,"refurbished_furniture:light_ceiling_light":3,"biomesoplenty:hanging_cobweb":16,"man_of_many_planes:scarlet_biplane":2,"chisel_chipped_integration:factory_slighly_rusty_plate":22,"minecraft:barrier":51,"minecraft:pig_spawn_egg":2,"chipped:glass_birch_door":2,"minecraft:stone_slab":8,"minecraft:spruce_trapdoor":367,"minecraft:iron_door":38,"cfm:spruce_mail_box":4,"minecraft:oak_pressure_plate":1,"refurbished_furniture:light_electricity_generator":14,"minecraft:flowering_azalea_leaves":3,"minecraft:chiseled_stone_bricks":7,"minecraft:green_shulker_box":1,"cfm:stripped_oak_table":191,"minecraft:cobblestone":1,"refurbished_furniture:oak_kitchen_cabinetry":23,"minecraft:azalea_leaves":89,"minecraft:stripped_oak_wood":39,"minecraft:smithing_table":1,"minecraft:andesite":1,"minecraft:white_stained_glass":4,"immersive_aircraft:gyrodyne":1,"refurbished_furniture:oak_drawer":4,"minecraft:smooth_stone_slab":77,"minecraft:white_concrete":480,"minecraft:oak_hanging_sign":16,"refurbished_furniture:oak_chair":7,"minecraft:smooth_stone":38,"minecraft:splash_potion":57,"minecraft:cobweb":40,"man_of_many_planes:economy_plane":1},"minecraft:dropped":{"minecraft:blue_shulker_box":1,"minecraft:oak_log":8,"minecraft:lime_shulker_box":2,"minecraft:green_shulker_box":1,"framedblocks:framed_door":32,"minecraft:leather_helmet":1,"jdcoin:reliquia_de_jd_coin":128,"jdcoin:tarjeta_de_credito":6,"minecraft:dirt":2,"minecraft:yellow_dye":1,"minecraft:wooden_axe":1,"minecraft:yellow_shulker_box":5,"minecraft:writable_book":1,"tacz:modern_kinetic_gun":8,"minecraft:iron_pickaxe":1,"minecraft:black_concrete":64,"minecraft:paper":4,"automobility:automobile":1,"jdcoin:jd_coin":6432,"minecraft:netherite_sword":11,"sophisticatedbackpacks:backpack":1,"minecraft:white_shulker_box":2,"minecraft:shulker_box":5,"minecraft:leather_chestplate":1,"minecraft:oak_wood":1,"minecraft:glowstone":1,"minecraft:leather_boots":1,"minecraft:chest":1,"minecraft:pink_shulker_box":1,"minecraft:leather_leggings":1,"tacz:ammo":180,"alexsmobs:novelty_hat":1},"minecraft:killed":{"minecraft:witch":1,"alexsmobs:raccoon":1,"minecraft:spider":8,"minecraft:phantom":2,"alexsmobs:gorilla":1,"minecraft:skeleton":12,"alexsmobs:blue_jay":1,"minecraft:chicken":1,"minecraft:zombie_villager":2,"minecraft:creeper":8,"alexsmobs:cockroach":1,"minecraft:zombie":16,"minecraft:enderman":1},"minecraft:picked_up":{"minecraft:charcoal":63,"minecraft:leather_leggings":1,"securitycraft:panic_button":1,"framedblocks:framed_door":1,"jdcoin:tarjeta_de_credito":5,"minecraft:string":10,"immersive_aircraft:heavy_crossbow":1,"minecraft:pink_shulker_box":1,"automobility:automobile":1,"framedblocks:framed_cube":2,"minecraft:netherite_sword":10,"minecraft:white_tulip":1,"minecraft:redstone_torch":19,"minecraft:poppy":1,"minecraft:chest":1,"minecraft:blue_shulker_box":1,"minecraft:lime_shulker_box":2,"minecraft:stick":1,"minecraft:stone":3,"alexsmobs:cockroach_ootheca":1,"sophisticatedbackpacks:backpack":1,"minecraft:redstone":3,"minecraft:cauldron":1,"minecraft:arrow":14,"minecraft:rotten_flesh":12,"minecraft:iron_block":2,"minecraft:glowstone":1,"minecraft:white_shulker_box":1,"minecraft:cobblestone":40,"biomesoplenty:lavender":1,"biomesoplenty:black_sandstone":12,"minecraft:yellow_shulker_box":2,"minecraft:leather_chestplate":1,"minecraft:iron_door":2,"minecraft:yellow_dye":1,"minecraft:oak_log":8,"minecraft:gunpowder":10,"minecraft:green_shulker_box":1,"minecraft:dirt":2,"minecraft:paper":2,"minecraft:leather_boots":1,"minecraft:bone":14,"minecraft:wheat_seeds":1,"jdcoin:jd_coin":1857,"minecraft:oak_slab":1,"minecraft:light_blue_shulker_box":1,"minecraft:spruce_sapling":1,"minecraft:grass_block":1,"alexsmobs:novelty_hat":1,"minecraft:shulker_box":4,"minecraft:spider_eye":2,"minecraft:leather_helmet":1,"minecraft:oak_wood":1,"minecraft:black_concrete":65,"tacz:modern_kinetic_gun":4,"minecraft:writable_book":1,"minecraft:painting":2,"jdcoin:reliquia_de_jd_coin":128,"minecraft:ender_pearl":1}},"DataVersion":3465}