{"stats":{"minecraft:dropped":{"minecraft:wooden_pickaxe":1,"minecraft:cactus":1},"minecraft:picked_up":{"minecraft:crafting_table":1,"minecraft:stick":27,"minecraft:raw_iron":35,"minecraft:clay_ball":8,"minecraft:andesite":1,"minecraft:torch":14,"minecraft:gravel":4,"pointblank:gunmetal_nugget":2,"minecraft:oak_log":13,"jeg:scrap":35,"minecraft:string":2,"minecraft:spider_eye":1,"scp:lingotedemango":10,"minecraft:lapis_lazuli":24,"minecraft:cactus":2,"minecraft:cobbled_deepslate":2,"minecraft:azalea":1,"blocksyouneed_luna:shale_chunk":4,"minecraft:moss_block":2,"jeg:tech_trash":1,"minecraft:coal":10,"minecraft:cobblestone":22},"minecraft:killed":{"minecraft:zombie":1,"minecraft:spider":1},"minecraft:mined":{"jeg:scrap_ore":15,"scp:mineraldementa":12,"minecraft:iron_ore":33,"minecraft:andesite":1,"minecraft:clay":2,"minecraft:crafting_table":1,"minecraft:torch":11,"blocksyouneed_luna:shale":1,"minecraft:oak_log":13,"minecraft:coal_ore":10,"minecraft:cave_vines":1,"minecraft:deepslate_iron_ore":3,"minecraft:dead_bush":25,"minecraft:gravel":4,"minecraft:azalea":1,"minecraft:lapis_ore":4,"minecraft:stone":22,"minecraft:moss_block":2,"minecraft:oak_leaves":1,"minecraft:deepslate":3,"minecraft:wall_torch":3},"minecraft:killed_by":{"minecraft:zombie":2},"minecraft:crafted":{"minecraft:oak_planks":24,"minecraft:crafting_table":2,"minecraft:stick":8,"minecraft:wooden_axe":1,"minecraft:wooden_pickaxe":2,"minecraft:stone_pickaxe":1,"minecraft:torch":40},"minecraft:used":{"minecraft:moss_block":1,"minecraft:wooden_axe":13,"minecraft:stone_pickaxe":109,"minecraft:oak_planks":3,"minecraft:wooden_pickaxe":31,"minecraft:torch":20,"minecraft:cobblestone":17,"minecraft:crafting_table":3,"minecraft:andesite":1},"minecraft:custom":{"minecraft:time_since_rest":786,"minecraft:interact_with_furnace":2,"minecraft:sprint_one_cm":68899,"minecraft:damage_taken":775,"minecraft:walk_one_cm":59043,"minecraft:mob_kills":2,"minecraft:drop":2,"minecraft:damage_dealt":480,"minecraft:swim_one_cm":5776,"minecraft:interact_with_crafting_table":6,"minecraft:fly_one_cm":59547,"minecraft:open_chest":1,"minecraft:crouch_one_cm":4870,"minecraft:play_time":33502,"minecraft:deaths":3,"minecraft:sneak_time":2142,"minecraft:walk_under_water_one_cm":2312,"minecraft:jump":383,"minecraft:time_since_death":762,"minecraft:walk_on_water_one_cm":9692,"minecraft:climb_one_cm":469,"minecraft:total_world_time":33502,"minecraft:fall_one_cm":13848}},"DataVersion":3465}