{"stats":{"minecraft:dropped":{"minecraft:glowstone":1,"automobility:automobile":1},"minecraft:used":{"minecraft:oak_fence":11,"minecraft:oak_trapdoor":45,"biomesoplenty:brimstone":38,"minecraft:spruce_door":57,"framedblocks:framed_slab":8,"framedblocks:framed_door":17,"minecraft:redstone":6,"biomesoplenty:palm_leaves":46,"minecraft:oak_sign":29,"minecraft:copper_block":5,"framedblocks:framed_stairs":20,"minecraft:chest":29,"minecraft:tinted_glass":33,"minecraft:sandstone":1,"minecraft:stone":20,"minecraft:white_dye":1,"minecraft:glow_ink_sac":4,"minecraft:oak_door":4,"minecraft:torch":19,"minecraft:sand":31,"minecraft:anvil":1,"minecraft:oak_slab":9,"minecraft:oak_wood":9,"minecraft:stone_brick_wall":47,"biomesoplenty:chiseled_brimstone_bricks":33,"minecraft:gray_concrete":224,"minecraft:painting":44,"minecraft:light_blue_stained_glass":2,"biomesoplenty:jacaranda_slab":4,"minecraft:spruce_log":3,"minecraft:polished_diorite":13,"biomesoplenty:black_sandstone":32,"minecraft:redstone_torch":102,"minecraft:oak_log":5,"minecraft:netherite_block":1,"minecraft:sticky_piston":8,"minecraft:glass":101,"minecraft:stone_brick_slab":5,"minecraft:lever":11,"minecraft:lava_bucket":3,"minecraft:coal_ore":4,"minecraft:oak_stairs":10,"minecraft:grass_block":125,"minecraft:iron_block":21,"minecraft:barrier":51,"minecraft:oak_pressure_plate":1,"minecraft:lime_dye":3,"minecraft:iron_door":31,"cfm:spruce_mail_box":4,"minecraft:flowering_azalea_leaves":3,"biomesoplenty:brimstone_brick_slab":28,"minecraft:stone_bricks":55,"minecraft:chiseled_stone_bricks":5,"minecraft:glowstone":36,"minecraft:lime_stained_glass":2,"minecraft:white_stained_glass":4,"minecraft:andesite":1,"minecraft:gold_block":37,"minecraft:white_concrete":69,"minecraft:oak_hanging_sign":2,"minecraft:cobweb":3},"minecraft:killed":{"alexsmobs:raccoon":1,"minecraft:creeper":1,"alexsmobs:gorilla":1,"minecraft:skeleton":3,"alexsmobs:blue_jay":1,"minecraft:zombie":7},"minecraft:custom":{"minecraft:interact_with_anvil":1,"minecraft:mob_kills":14,"minecraft:leave_game":2,"minecraft:time_since_death":192719,"minecraft:time_since_rest":192719,"minecraft:sprint_one_cm":54671,"minecraft:damage_taken":81,"minecraft:walk_one_cm":245706,"minecraft:drop":2,"minecraft:damage_dealt":150,"minecraft:fly_one_cm":1357348,"minecraft:open_chest":31,"minecraft:crouch_one_cm":593,"minecraft:play_time":192719,"minecraft:sneak_time":1705,"minecraft:boat_one_cm":13257,"minecraft:jump":367,"minecraft:walk_on_water_one_cm":2165,"minecraft:total_world_time":192719},"minecraft:picked_up":{"minecraft:iron_door":2,"framedblocks:framed_door":1,"minecraft:gunpowder":2,"minecraft:bone":2,"automobility:automobile":1,"minecraft:redstone_torch":19,"minecraft:stone":2,"minecraft:spruce_sapling":1,"minecraft:grass_block":1,"minecraft:arrow":1,"minecraft:rotten_flesh":1,"minecraft:painting":2,"minecraft:glowstone":1}},"DataVersion":3465}