{"stats":{"minecraft:dropped":{"minecraft:oak_log":1,"minecraft:shulker_box":1,"minecraft:yellow_dye":1,"minecraft:oak_wood":1,"minecraft:glowstone":1,"minecraft:paper":1,"automobility:automobile":1},"minecraft:used":{"refurbished_furniture:oak_storage_cabinet":8,"minecraft:oak_fence":11,"minecraft:oak_trapdoor":45,"minecraft:dark_oak_stairs":32,"biomesoplenty:brimstone":38,"minecraft:spruce_door":60,"framedblocks:framed_slab":8,"framedblocks:framed_door":17,"minecraft:redstone":6,"biomesoplenty:palm_leaves":46,"minecraft:oak_planks":4,"minecraft:oak_sign":46,"minecraft:copper_block":5,"framedblocks:framed_stairs":20,"minecraft:chest":38,"minecraft:tinted_glass":33,"minecraft:sandstone":1,"minecraft:stone":20,"minecraft:white_dye":1,"minecraft:glow_ink_sac":9,"minecraft:oak_door":4,"minecraft:spruce_leaves":2,"minecraft:torch":31,"minecraft:sand":31,"minecraft:anvil":3,"refurbished_furniture:oak_kitchen_drawer":10,"minecraft:oak_slab":9,"minecraft:shulker_box":1,"minecraft:oak_wood":9,"minecraft:stone_brick_wall":47,"biomesoplenty:chiseled_brimstone_bricks":33,"minecraft:gray_concrete":224,"minecraft:painting":44,"minecraft:light_blue_stained_glass":2,"biomesoplenty:jacaranda_slab":4,"minecraft:spruce_log":3,"refurbished_furniture:computer":2,"cfm:oak_table":4,"minecraft:yellow_dye":3,"minecraft:polished_diorite":13,"biomesoplenty:black_sandstone":85,"minecraft:dark_oak_planks":35,"minecraft:redstone_torch":113,"minecraft:oak_log":34,"minecraft:netherite_block":1,"minecraft:sticky_piston":8,"minecraft:glass":189,"minecraft:stone_brick_slab":5,"minecraft:lever":12,"minecraft:lava_bucket":3,"minecraft:coal_ore":4,"refurbished_furniture:light_ceiling_light":3,"minecraft:spruce_wood":17,"minecraft:oak_stairs":10,"minecraft:grass_block":126,"minecraft:iron_block":27,"minecraft:barrier":51,"minecraft:polished_andesite_stairs":8,"cfm:stripped_oak_chair":19,"refurbished_furniture:light_electricity_generator":8,"minecraft:oak_pressure_plate":1,"minecraft:lime_dye":3,"minecraft:iron_door":36,"cfm:spruce_mail_box":4,"minecraft:flowering_azalea_leaves":3,"biomesoplenty:brimstone_brick_slab":28,"minecraft:stone_bricks":63,"minecraft:chiseled_stone_bricks":5,"cfm:stripped_oak_table":8,"minecraft:glowstone":50,"refurbished_furniture:oak_kitchen_cabinetry":2,"minecraft:lime_stained_glass":2,"minecraft:smooth_stone_slab":35,"minecraft:white_stained_glass":4,"minecraft:andesite":1,"refurbished_furniture:oak_drawer":4,"minecraft:gold_block":40,"minecraft:white_concrete":69,"minecraft:oak_hanging_sign":4,"minecraft:smooth_stone":3,"refurbished_furniture:oak_table":6,"refurbished_furniture:oak_chair":2,"minecraft:cobweb":3},"minecraft:killed":{"alexsmobs:raccoon":1,"minecraft:creeper":1,"alexsmobs:gorilla":1,"minecraft:skeleton":3,"alexsmobs:blue_jay":1,"minecraft:zombie":7},"minecraft:custom":{"minecraft:interact_with_anvil":5,"minecraft:mob_kills":14,"minecraft:open_shulker_box":7,"minecraft:leave_game":2,"minecraft:time_since_death":246719,"minecraft:time_since_rest":246719,"minecraft:sprint_one_cm":84864,"minecraft:damage_taken":81,"minecraft:walk_one_cm":314162,"minecraft:drop":7,"minecraft:damage_dealt":212,"minecraft:player_kills":1,"minecraft:fly_one_cm":1789301,"minecraft:open_chest":41,"minecraft:crouch_one_cm":995,"minecraft:play_time":246719,"minecraft:sneak_time":2166,"minecraft:walk_under_water_one_cm":89,"minecraft:boat_one_cm":13257,"minecraft:jump":512,"minecraft:walk_on_water_one_cm":5464,"minecraft:total_world_time":246719},"minecraft:picked_up":{"minecraft:iron_door":2,"minecraft:yellow_dye":1,"framedblocks:framed_door":1,"minecraft:oak_log":1,"minecraft:gunpowder":2,"minecraft:bone":2,"automobility:automobile":1,"minecraft:redstone_torch":19,"minecraft:stone":2,"minecraft:spruce_sapling":1,"minecraft:grass_block":1,"minecraft:shulker_box":1,"minecraft:oak_wood":1,"minecraft:arrow":1,"minecraft:rotten_flesh":1,"minecraft:painting":2,"minecraft:glowstone":1}},"DataVersion":3465}