{"stats":{"minecraft:dropped":{"minecraft:oak_log":1,"minecraft:shulker_box":1,"minecraft:yellow_dye":1,"minecraft:oak_wood":1,"minecraft:glowstone":1,"minecraft:paper":1,"automobility:automobile":1},"minecraft:used":{"refurbished_furniture:oak_storage_cabinet":8,"minecraft:oak_fence":95,"minecraft:oak_trapdoor":45,"minecraft:dark_oak_stairs":32,"minecraft:netherite_sword":11,"biomesoplenty:brimstone":38,"minecraft:spruce_door":62,"immersive_aircraft:airship":1,"framedblocks:framed_slab":12,"framedblocks:framed_door":17,"minecraft:redstone":33,"biomesoplenty:palm_leaves":46,"minecraft:oak_planks":90,"smallships:dark_oak_brigg":1,"minecraft:oak_sign":50,"minecraft:copper_block":5,"framedblocks:framed_stairs":20,"minecraft:chest":47,"minecraft:tinted_glass":33,"minecraft:sandstone":1,"minecraft:stone":20,"biomesoplenty:umbran_sign":7,"minecraft:white_dye":1,"immersive_aircraft:warship":1,"minecraft:glow_ink_sac":16,"cfm:stripped_spruce_chair":1,"immersive_aircraft:quadrocopter":1,"immersive_aircraft:cargo_airship":1,"minecraft:oak_door":4,"minecraft:spruce_leaves":2,"minecraft:glow_item_frame":116,"minecraft:torch":31,"minecraft:sand":42,"minecraft:anvil":4,"refurbished_furniture:oak_kitchen_drawer":10,"minecraft:oak_slab":9,"minecraft:yellow_concrete":46,"minecraft:shulker_box":1,"minecraft:oak_wood":9,"mcwdoors:garage_black_door":26,"minecraft:stone_brick_wall":47,"biomesoplenty:chiseled_brimstone_bricks":33,"minecraft:gray_concrete":224,"minecraft:painting":44,"minecraft:oak_fence_gate":3,"cfm:oak_chair":4,"minecraft:light_blue_stained_glass":2,"biomesoplenty:jacaranda_slab":4,"minecraft:spruce_log":3,"refurbished_furniture:dark_electricity_generator":3,"refurbished_furniture:computer":2,"cfm:oak_table":4,"minecraft:yellow_dye":3,"minecraft:polished_diorite":13,"biomesoplenty:black_sandstone":292,"minecraft:dark_oak_planks":35,"minecraft:redstone_torch":119,"minecraft:oak_log":120,"minecraft:netherite_block":1,"minecraft:sticky_piston":13,"minecraft:glass":199,"minecraft:stone_brick_slab":5,"minecraft:lever":18,"minecraft:lava_bucket":3,"minecraft:coal_ore":4,"man_of_many_planes:scarlet_biplane":2,"refurbished_furniture:light_ceiling_light":3,"minecraft:spruce_wood":17,"minecraft:oak_stairs":11,"minecraft:grass_block":136,"minecraft:iron_block":27,"minecraft:barrier":51,"minecraft:polished_andesite_stairs":8,"cfm:stripped_oak_chair":19,"minecraft:spruce_trapdoor":1,"refurbished_furniture:light_electricity_generator":9,"minecraft:oak_pressure_plate":1,"minecraft:lime_dye":5,"minecraft:iron_door":36,"cfm:spruce_mail_box":4,"minecraft:flowering_azalea_leaves":3,"biomesoplenty:brimstone_brick_slab":28,"minecraft:stone_bricks":82,"minecraft:chiseled_stone_bricks":5,"minecraft:repeater":1,"cfm:stripped_oak_table":8,"minecraft:glowstone":50,"minecraft:cobblestone":1,"refurbished_furniture:oak_kitchen_cabinetry":2,"minecraft:lime_stained_glass":2,"immersive_aircraft:gyrodyne":1,"minecraft:smooth_stone_slab":35,"minecraft:white_stained_glass":4,"minecraft:andesite":1,"refurbished_furniture:oak_drawer":4,"minecraft:gold_block":40,"minecraft:white_concrete":189,"minecraft:oak_hanging_sign":4,"minecraft:smooth_stone":27,"man_of_many_planes:economy_plane":1,"refurbished_furniture:oak_table":11,"refurbished_furniture:oak_chair":2,"minecraft:cobweb":3},"minecraft:killed":{"minecraft:zombie_villager":2,"alexsmobs:raccoon":1,"minecraft:creeper":1,"alexsmobs:gorilla":1,"minecraft:skeleton":3,"alexsmobs:blue_jay":1,"minecraft:zombie":7},"minecraft:custom":{"minecraft:interact_with_anvil":8,"minecraft:mob_kills":16,"minecraft:open_shulker_box":7,"minecraft:leave_game":2,"minecraft:time_since_death":318719,"minecraft:time_since_rest":318719,"minecraft:sprint_one_cm":106922,"minecraft:damage_taken":81,"minecraft:walk_one_cm":432279,"minecraft:drop":7,"minecraft:damage_dealt":946,"minecraft:player_kills":2,"minecraft:fly_one_cm":2256784,"minecraft:open_chest":46,"minecraft:crouch_one_cm":1147,"minecraft:play_time":318719,"minecraft:sneak_time":3361,"minecraft:walk_under_water_one_cm":10753,"minecraft:boat_one_cm":125095,"minecraft:jump":635,"minecraft:walk_on_water_one_cm":11854,"minecraft:total_world_time":318719},"minecraft:picked_up":{"minecraft:iron_door":2,"minecraft:yellow_dye":1,"framedblocks:framed_door":1,"minecraft:oak_log":1,"minecraft:gunpowder":2,"minecraft:bone":2,"immersive_aircraft:heavy_crossbow":1,"automobility:automobile":1,"minecraft:redstone_torch":19,"minecraft:stone":2,"minecraft:spruce_sapling":1,"minecraft:redstone":1,"minecraft:grass_block":1,"minecraft:shulker_box":1,"minecraft:oak_wood":1,"minecraft:arrow":2,"minecraft:rotten_flesh":3,"minecraft:painting":2,"minecraft:glowstone":1}},"DataVersion":3465}