{"stats":{"minecraft:used":{"minecraft:oak_fence":95,"refurbished_furniture:oak_storage_cabinet":8,"minecraft:oak_trapdoor":54,"minecraft:netherite_sword":76,"minecraft:writable_book":2,"biomesoplenty:brimstone":39,"framedblocks:framed_slab":12,"minecraft:redstone":36,"immersive_aircraft:airship":1,"smallships:dark_oak_brigg":1,"minecraft:oak_sign":52,"framedblocks:framed_stairs":20,"minecraft:chest":49,"minecraft:white_terracotta":29,"minecraft:tinted_glass":33,"minecraft:stone":66,"immersive_aircraft:warship":5,"cfm:stripped_spruce_chair":1,"immersive_aircraft:quadrocopter":1,"minecraft:oak_door":4,"minecraft:spruce_leaves":2,"minecraft:torch":31,"minecraft:dirt":12,"chipped:donut_soul_lantern":1,"minecraft:anvil":8,"minecraft:skeleton_spawn_egg":1,"mcwdoors:garage_white_door":32,"minecraft:shulker_box":2,"minecraft:oak_wood":9,"biomesoplenty:chiseled_brimstone_bricks":38,"biomesoplenty:jacaranda_slab":6,"minecraft:light_blue_stained_glass":2,"minecraft:oak_fence_gate":3,"minecraft:polished_diorite":27,"biomesoplenty:black_sandstone":581,"minecraft:dark_oak_planks":35,"minecraft:glass":381,"minecraft:stone_brick_slab":5,"cfm:oak_table":4,"automobility:steep_slope":5,"minecraft:lava_bucket":3,"automobility:dash_panel":12,"minecraft:coal_ore":4,"minecraft:spruce_wood":17,"minecraft:iron_block":29,"minecraft:grass_block":226,"minecraft:oak_stairs":11,"minecraft:rooted_dirt":1,"minecraft:polished_andesite_stairs":8,"minecraft:spawner":6,"cfm:stripped_oak_chair":19,"minecraft:lime_dye":5,"biomesoplenty:brimstone_brick_slab":28,"minecraft:stone_bricks":132,"minecraft:repeater":1,"minecraft:glowstone":53,"minecraft:lime_concrete":202,"minecraft:furnace":2,"minecraft:lime_stained_glass":153,"minecraft:podzol":170,"minecraft:gold_block":40,"alexsmobs:banana":1,"refurbished_furniture:oak_table":11,"minecraft:dark_oak_stairs":32,"biomesoplenty:maple_leaves":15,"minecraft:water_bucket":3,"minecraft:light_blue_shulker_box":1,"minecraft:cow_spawn_egg":5,"minecraft:spruce_door":62,"framedblocks:framed_door":19,"minecraft:polished_andesite":42,"biomesoplenty:palm_leaves":467,"minecraft:oak_planks":90,"minecraft:copper_block":5,"securitycraft:panic_button":3,"minecraft:sandstone":1,"framedblocks:framed_cube":2,"biomesoplenty:umbran_sign":7,"minecraft:white_dye":1,"minecraft:glow_ink_sac":16,"immersive_aircraft:cargo_airship":1,"minecraft:glow_item_frame":670,"minecraft:polished_blackstone_pressure_plate":3,"minecraft:sand":42,"refurbished_furniture:oak_kitchen_drawer":19,"minecraft:oak_slab":52,"minecraft:crafting_table":4,"minecraft:red_bed":2,"minecraft:yellow_concrete":46,"minecraft:stone_brick_wall":51,"minecraft:gray_concrete":227,"minecraft:painting":44,"minecraft:spruce_log":3,"refurbished_furniture:computer":7,"cfm:oak_chair":4,"minecraft:creeper_spawn_egg":1,"minecraft:redstone_torch":119,"minecraft:oak_log":147,"minecraft:sticky_piston":13,"refurbished_furniture:dark_electricity_generator":3,"mcwdoors:garage_black_door":30,"minecraft:netherite_block":1,"minecraft:lever":18,"minecraft:yellow_dye":3,"refurbished_furniture:light_ceiling_light":3,"man_of_many_planes:scarlet_biplane":2,"chisel_chipped_integration:factory_slighly_rusty_plate":22,"minecraft:barrier":51,"minecraft:pig_spawn_egg":2,"minecraft:spruce_trapdoor":367,"minecraft:iron_door":38,"minecraft:oak_pressure_plate":1,"refurbished_furniture:light_electricity_generator":9,"cfm:spruce_mail_box":4,"minecraft:flowering_azalea_leaves":3,"minecraft:chiseled_stone_bricks":7,"cfm:stripped_oak_table":8,"minecraft:cobblestone":1,"refurbished_furniture:oak_kitchen_cabinetry":23,"minecraft:azalea_leaves":89,"minecraft:smithing_table":1,"minecraft:andesite":1,"minecraft:white_stained_glass":4,"immersive_aircraft:gyrodyne":1,"refurbished_furniture:oak_drawer":4,"minecraft:smooth_stone_slab":77,"minecraft:white_concrete":433,"minecraft:oak_hanging_sign":12,"refurbished_furniture:oak_chair":7,"minecraft:smooth_stone":38,"minecraft:splash_potion":57,"minecraft:cobweb":3,"man_of_many_planes:economy_plane":1},"minecraft:killed":{"alexsmobs:raccoon":1,"minecraft:spider":2,"minecraft:phantom":1,"alexsmobs:gorilla":1,"minecraft:skeleton":7,"alexsmobs:blue_jay":1,"minecraft:chicken":1,"minecraft:zombie_villager":2,"minecraft:creeper":2,"minecraft:zombie":14,"minecraft:enderman":1},"minecraft:picked_up":{"minecraft:leather_leggings":1,"securitycraft:panic_button":1,"framedblocks:framed_door":1,"minecraft:string":2,"immersive_aircraft:heavy_crossbow":1,"automobility:automobile":1,"framedblocks:framed_cube":1,"minecraft:netherite_sword":5,"minecraft:white_tulip":1,"minecraft:redstone_torch":19,"minecraft:poppy":1,"minecraft:stone":3,"alexsmobs:cockroach_ootheca":1,"minecraft:redstone":1,"minecraft:arrow":10,"minecraft:rotten_flesh":10,"minecraft:glowstone":1,"minecraft:cobblestone":40,"biomesoplenty:lavender":1,"biomesoplenty:black_sandstone":12,"minecraft:leather_chestplate":1,"minecraft:iron_door":2,"minecraft:yellow_dye":1,"minecraft:oak_log":8,"minecraft:gunpowder":2,"minecraft:dirt":2,"minecraft:paper":2,"minecraft:leather_boots":1,"minecraft:bone":9,"minecraft:wheat_seeds":1,"jdcoin:jd_coin":448,"minecraft:oak_slab":1,"minecraft:light_blue_shulker_box":1,"minecraft:spruce_sapling":1,"alexsmobs:novelty_hat":1,"minecraft:grass_block":1,"minecraft:shulker_box":2,"minecraft:leather_helmet":1,"minecraft:oak_wood":1,"tacz:modern_kinetic_gun":4,"minecraft:painting":2,"minecraft:ender_pearl":1},"minecraft:custom":{"minecraft:interact_with_smithing_table":7,"minecraft:interact_with_anvil":15,"minecraft:mob_kills":36,"minecraft:interact_with_crafting_table":5,"minecraft:open_shulker_box":10,"minecraft:leave_game":8,"minecraft:time_since_death":709191,"minecraft:sprint_one_cm":211005,"minecraft:walk_one_cm":803436,"minecraft:drop":54,"minecraft:damage_dealt_absorbed":80,"minecraft:play_time":709191,"minecraft:sneak_time":7379,"minecraft:walk_under_water_one_cm":20390,"minecraft:boat_one_cm":635091,"minecraft:jump":1346,"minecraft:walk_on_water_one_cm":20170,"minecraft:total_world_time":709191,"minecraft:time_since_rest":709191,"minecraft:damage_taken":81,"minecraft:damage_dealt":4851,"minecraft:player_kills":6,"minecraft:fly_one_cm":4364074,"minecraft:open_chest":71,"minecraft:crouch_one_cm":2037,"minecraft:fall_one_cm":269},"minecraft:dropped":{"minecraft:blue_shulker_box":1,"minecraft:oak_log":8,"minecraft:green_shulker_box":1,"framedblocks:framed_door":32,"minecraft:leather_helmet":1,"minecraft:dirt":2,"minecraft:yellow_dye":1,"minecraft:writable_book":1,"tacz:modern_kinetic_gun":8,"minecraft:iron_pickaxe":1,"minecraft:paper":4,"automobility:automobile":1,"jdcoin:jd_coin":416,"minecraft:netherite_sword":5,"sophisticatedbackpacks:backpack":1,"minecraft:shulker_box":2,"minecraft:leather_chestplate":1,"minecraft:oak_wood":1,"minecraft:glowstone":1,"minecraft:leather_boots":1,"minecraft:leather_leggings":1,"tacz:ammo":180,"alexsmobs:novelty_hat":1},"minecraft:crafted":{"minecraft:leather_leggings":2,"minecraft:leather_boots":7,"minecraft:leather_helmet":2,"minecraft:air":0,"minecraft:leather_chestplate":3}},"DataVersion":3465}