{"stats":{"minecraft:used":{"minecraft:redstone_torch":3,"minecraft:oak_fence":4,"minecraft:sticky_piston":8,"minecraft:oak_trapdoor":45,"minecraft:glass":101,"minecraft:stone_brick_slab":5,"minecraft:lever":10,"biomesoplenty:brimstone":38,"framedblocks:framed_slab":8,"minecraft:grass_block":14,"minecraft:oak_stairs":10,"minecraft:redstone":6,"minecraft:barrier":51,"biomesoplenty:palm_leaves":46,"minecraft:oak_sign":8,"minecraft:chest":10,"minecraft:tinted_glass":33,"minecraft:iron_door":13,"minecraft:lime_dye":3,"minecraft:white_dye":1,"minecraft:glow_ink_sac":4,"minecraft:flowering_azalea_leaves":3,"biomesoplenty:brimstone_brick_slab":28,"minecraft:stone_bricks":55,"minecraft:oak_door":4,"minecraft:chiseled_stone_bricks":5,"minecraft:glowstone":36,"minecraft:oak_slab":9,"minecraft:lime_stained_glass":2,"minecraft:white_stained_glass":4,"minecraft:oak_wood":9,"biomesoplenty:chiseled_brimstone_bricks":33,"minecraft:stone_brick_wall":47,"minecraft:gray_concrete":97,"minecraft:white_concrete":2,"biomesoplenty:jacaranda_slab":4,"minecraft:light_blue_stained_glass":2,"minecraft:polished_diorite":13,"biomesoplenty:black_sandstone":20},"minecraft:picked_up":{"minecraft:iron_door":1,"minecraft:glowstone":1},"minecraft:custom":{"minecraft:time_since_rest":78420,"minecraft:sprint_one_cm":19005,"minecraft:damage_taken":81,"minecraft:walk_one_cm":119163,"minecraft:drop":1,"minecraft:fly_one_cm":453950,"minecraft:open_chest":7,"minecraft:crouch_one_cm":291,"minecraft:play_time":78420,"minecraft:sneak_time":697,"minecraft:jump":182,"minecraft:time_since_death":78420,"minecraft:total_world_time":78420},"minecraft:dropped":{"minecraft:glowstone":1}},"DataVersion":3465}