{"stats":{"minecraft:dropped":{"minecraft:wooden_pickaxe":1},"minecraft:picked_up":{"minecraft:raw_iron":17,"minecraft:stick":27,"minecraft:crafting_table":1,"minecraft:clay_ball":4,"minecraft:oak_log":6,"jeg:scrap":35,"minecraft:moss_block":1,"minecraft:coal":10,"jeg:tech_trash":1,"minecraft:cobblestone":6},"minecraft:mined":{"minecraft:coal_ore":10,"minecraft:oak_log":6,"jeg:scrap_ore":15,"minecraft:dead_bush":25,"scp:mineraldementa":1,"minecraft:iron_ore":17,"minecraft:stone":6,"minecraft:moss_block":1,"minecraft:clay":1,"minecraft:crafting_table":1},"minecraft:crafted":{"minecraft:oak_planks":24,"minecraft:torch":40,"minecraft:crafting_table":2,"minecraft:stick":8,"minecraft:wooden_pickaxe":2,"minecraft:stone_pickaxe":1},"minecraft:used":{"minecraft:cobblestone":3,"minecraft:crafting_table":3,"minecraft:stone_pickaxe":46,"minecraft:wooden_pickaxe":31},"minecraft:custom":{"minecraft:time_since_rest":9502,"minecraft:crouch_one_cm":286,"minecraft:play_time":9502,"minecraft:sprint_one_cm":17027,"minecraft:damage_taken":90,"minecraft:walk_one_cm":21819,"minecraft:sneak_time":292,"minecraft:walk_under_water_one_cm":425,"minecraft:drop":1,"minecraft:jump":142,"minecraft:damage_dealt":30,"minecraft:walk_on_water_one_cm":2311,"minecraft:time_since_death":9502,"minecraft:total_world_time":9502,"minecraft:interact_with_crafting_table":4,"minecraft:fall_one_cm":4294,"minecraft:fly_one_cm":11215}},"DataVersion":3465}