{"stats":{"minecraft:dropped":{"minecraft:glowstone":1,"automobility:automobile":1},"minecraft:used":{"minecraft:redstone_torch":102,"minecraft:oak_trapdoor":45,"minecraft:sticky_piston":8,"minecraft:oak_fence":4,"minecraft:glass":101,"minecraft:stone_brick_slab":5,"minecraft:lever":11,"biomesoplenty:brimstone":38,"minecraft:lava_bucket":3,"minecraft:coal_ore":4,"minecraft:spruce_door":57,"minecraft:grass_block":121,"framedblocks:framed_slab":8,"minecraft:oak_stairs":10,"framedblocks:framed_door":17,"minecraft:redstone":6,"minecraft:barrier":51,"biomesoplenty:palm_leaves":46,"minecraft:oak_sign":17,"minecraft:chest":21,"minecraft:sandstone":1,"minecraft:tinted_glass":33,"minecraft:stone":20,"minecraft:iron_door":20,"minecraft:oak_pressure_plate":1,"minecraft:lime_dye":3,"minecraft:white_dye":1,"minecraft:glow_ink_sac":4,"minecraft:flowering_azalea_leaves":3,"biomesoplenty:brimstone_brick_slab":28,"minecraft:stone_bricks":55,"minecraft:oak_door":4,"minecraft:chiseled_stone_bricks":5,"minecraft:glowstone":36,"minecraft:sand":31,"minecraft:anvil":1,"minecraft:oak_slab":9,"minecraft:lime_stained_glass":2,"minecraft:white_stained_glass":4,"minecraft:andesite":1,"minecraft:oak_wood":9,"minecraft:painting":44,"minecraft:gray_concrete":221,"minecraft:white_concrete":26,"biomesoplenty:chiseled_brimstone_bricks":33,"minecraft:stone_brick_wall":47,"biomesoplenty:jacaranda_slab":4,"minecraft:light_blue_stained_glass":2,"minecraft:polished_diorite":13,"minecraft:cobweb":3,"biomesoplenty:black_sandstone":24},"minecraft:killed":{"alexsmobs:blue_jay":1,"minecraft:zombie":1,"alexsmobs:raccoon":1,"minecraft:creeper":1,"alexsmobs:gorilla":1},"minecraft:custom":{"minecraft:time_since_rest":132719,"minecraft:sprint_one_cm":44117,"minecraft:damage_taken":81,"minecraft:walk_one_cm":210058,"minecraft:mob_kills":5,"minecraft:interact_with_anvil":1,"minecraft:drop":2,"minecraft:damage_dealt":150,"minecraft:fly_one_cm":943502,"minecraft:open_chest":19,"minecraft:crouch_one_cm":592,"minecraft:play_time":132719,"minecraft:sneak_time":1425,"minecraft:boat_one_cm":5980,"minecraft:jump":271,"minecraft:leave_game":2,"minecraft:time_since_death":132719,"minecraft:total_world_time":132719},"minecraft:picked_up":{"minecraft:stone":2,"minecraft:iron_door":2,"framedblocks:framed_door":1,"minecraft:spruce_sapling":1,"minecraft:gunpowder":2,"minecraft:grass_block":1,"minecraft:rotten_flesh":1,"automobility:automobile":1,"minecraft:painting":2,"minecraft:glowstone":1,"minecraft:redstone_torch":19}},"DataVersion":3465}