{"stats":{"minecraft:custom":{"minecraft:interact_with_furnace":21,"minecraft:mob_kills":10,"minecraft:interact_with_crafting_table":14,"minecraft:leave_game":3,"minecraft:time_since_death":1876,"minecraft:sleep_in_bed":4,"minecraft:climb_one_cm":523,"minecraft:time_since_rest":1898,"minecraft:sprint_one_cm":227634,"minecraft:damage_taken":22590,"minecraft:walk_one_cm":155379,"minecraft:drop":3,"minecraft:damage_dealt":2230,"minecraft:swim_one_cm":5776,"minecraft:fly_one_cm":178072,"minecraft:open_chest":10,"minecraft:crouch_one_cm":5833,"minecraft:play_time":67935,"minecraft:deaths":14,"minecraft:sneak_time":2436,"minecraft:walk_under_water_one_cm":2312,"minecraft:jump":933,"minecraft:walk_on_water_one_cm":9692,"minecraft:total_world_time":67935,"minecraft:fall_one_cm":24864},"minecraft:killed":{"minecraft:pig":1,"minecraft:spider":1,"minecraft:zombie":5,"scp:red_entitynueva":1},"minecraft:used":{"minecraft:moss_block":1,"minecraft:stone_pickaxe":123,"minecraft:oak_planks":4,"scp:botiquin_3":1,"minecraft:wooden_pickaxe":49,"minecraft:iron_sword":1,"minecraft:torch":26,"minecraft:crafting_table":3,"minecraft:wooden_axe":17,"minecraft:iron_axe":38,"scp:sarten_dagger":47,"minecraft:cobblestone":17,"minecraft:furnace":2,"minecraft:andesite":1},"minecraft:dropped":{"minecraft:wooden_pickaxe":1,"minecraft:cactus":2},"minecraft:mined":{"jeg:scrap_ore":15,"scp:mineraldementa":12,"minecraft:orange_terracotta":1,"minecraft:clay":2,"minecraft:crafting_table":1,"minecraft:torch":14,"minecraft:chest":2,"minecraft:dead_bush":25,"minecraft:lapis_ore":4,"minecraft:moss_block":2,"minecraft:wall_torch":5,"minecraft:furnace":1,"minecraft:iron_ore":33,"minecraft:andesite":1,"minecraft:grass":1,"minecraft:oak_log":49,"minecraft:coal_ore":10,"minecraft:cave_vines":1,"minecraft:deepslate_iron_ore":3,"minecraft:vine":1,"minecraft:gravel":4,"minecraft:terracotta":5,"minecraft:azalea":1,"minecraft:stone":34,"minecraft:oak_leaves":2,"minecraft:deepslate":3},"minecraft:picked_up":{"minecraft:crafting_table":1,"minecraft:clay_ball":8,"minecraft:andesite":1,"scp:sangredesmiler":3,"scp:botiquin_3":1,"minecraft:oak_log":49,"jeg:scrap":35,"minecraft:lapis_lazuli":24,"minecraft:string":2,"minecraft:orange_terracotta":1,"minecraft:bone":1,"the_silence:flashlightoff":1,"minecraft:cobbled_deepslate":2,"minecraft:iron_ingot":1,"minecraft:azalea":1,"minecraft:moss_block":2,"minecraft:chest":2,"scp:sarten_dagger":1,"jeg:tech_trash":1,"minecraft:oak_planks":17,"minecraft:furnace":1,"minecraft:stick":27,"minecraft:raw_iron":56,"minecraft:torch":20,"minecraft:gravel":4,"minecraft:porkchop":3,"pointblank:gunmetal_nugget":19,"scp:pastillas":4,"scp:lingotedemango":10,"minecraft:spider_eye":1,"minecraft:rotten_flesh":1,"minecraft:cactus":2,"scp:carnede_sabueso":1,"scp:estimulante":5,"scp:botiquin":1,"minecraft:terracotta":5,"scp:vendas":3,"minecraft:coal":10,"minecraft:cobblestone":34},"minecraft:crafted":{"minecraft:oak_planks":196,"minecraft:crafting_table":2,"minecraft:wooden_pickaxe":2,"minecraft:iron_helmet":1,"minecraft:iron_sword":1,"minecraft:furnace":1,"minecraft:bucket":1,"minecraft:air":0,"minecraft:iron_boots":1,"minecraft:iron_chestplate":1,"minecraft:shield":1,"minecraft:iron_axe":1,"minecraft:stick":8,"minecraft:iron_ingot":34,"minecraft:stone_pickaxe":1,"minecraft:wooden_axe":1,"minecraft:iron_leggings":1,"minecraft:torch":40},"minecraft:killed_by":{"scp:walkingheads_amigo":1,"minecraft:player":1,"grue_remake:grue":4,"minecraft:creeper":1,"minecraft:zombie":3,"scp:red_entitynueva":1},"minecraft:broken":{"minecraft:stone_pickaxe":1}},"DataVersion":3465}