{"stats":{"minecraft:killed":{"jujutsucraft:cursed_spirit_grade_32":3,"kimetsunoyaiba:demon":1,"minecraft:horse":6,"jujutsucraft:cursed_spirit_grade_33":3,"jujutsucraft:cursed_spirit_grade_312":1,"minecraft:zombie":1,"jujutsucraft:nue":1,"minecraft:pig":1,"jujutsucraft:crow":1,"kimetsunoyaiba:muscular_mouse":1,"jujutsucraft:cursed_spirit_grade_311":1,"kimetsunoyaiba:goldfishbig":1,"kimetsunoyaiba:susamaru":1,"jujutsucraft:max_elephant":1,"jujutsucraft:cursed_spirit_grade_12":1,"minecraft:spider":3,"jujutsucraft:cursed_spirit_grade_35":3,"jujutsucraft:cursed_spirit_grade_34":1,"jujutsucraft:kamo_noritoshi":1,"minecraft:creeper":1,"minecraft:enderman":1,"minecraft:cow":1},"minecraft:picked_up":{"kimetsunoyaiba:human_flesh_2":1,"minecraft:scaffolding":1,"minecraft:stone":1,"minecraft:leather":5,"minecraft:porkchop":3,"jujutsucraft:sukuna_finger":1,"kimetsunoyaiba:clothes_hand_demon_chestplate":1,"kimetsunoyaiba:vase_item":1,"minecraft:grass_block":2,"minecraft:dirt":62,"minecraft:string":1,"minecraft:wheat_seeds":10,"minecraft:granite":4,"minecraft:beef":2,"minecraft:grass":1,"minecraft:cobblestone":1},"minecraft:custom":{"minecraft:time_since_rest":2888,"minecraft:damage_taken":2400,"minecraft:sprint_one_cm":124953,"minecraft:damage_absorbed":40,"minecraft:walk_one_cm":208926,"minecraft:mob_kills":37,"minecraft:damage_dealt":3377,"minecraft:fly_one_cm":830216,"minecraft:player_kills":1,"minecraft:play_one_minute":64142,"minecraft:crouch_one_cm":1288,"minecraft:deaths":5,"minecraft:sneak_time":899,"minecraft:walk_under_water_one_cm":431,"minecraft:damage_dealt_resisted":11710,"minecraft:jump":648,"minecraft:leave_game":2,"minecraft:time_since_death":2853,"minecraft:walk_on_water_one_cm":3822,"minecraft:damage_resisted":1420,"minecraft:fall_one_cm":17997,"minecraft:horse_one_cm":1982},"minecraft:killed_by":{"jujutsucraft:itadori_yuji_shibuya":1,"jujutsucraft:thunder_impact":1,"jujutsucraft:nue":1},"minecraft:used":{"minecraft:water_bucket":15,"minecraft:iron_ore":52,"jujutsucraft:mahito_hand_1":2,"minecraft:stone":17,"kimetsunoyaiba:human_flesh_2":1,"jujutsucraft:sword_of_extermination":2,"minecraft:dirt":8,"jujutsucraft:sukuna_finger":30,"minecraft:beef":5},"minecraft:mined":{"minecraft:grass":4,"minecraft:grass_block":4,"minecraft:tall_grass":3}},"DataVersion":2586}