{"stats":{"minecraft:used":{"biomesoplenty:brimstone_brick_slab":28,"minecraft:stone_bricks":55,"minecraft:oak_trapdoor":24,"minecraft:stone_brick_slab":5,"minecraft:chiseled_stone_bricks":5,"minecraft:glowstone":26,"biomesoplenty:brimstone":38,"framedblocks:framed_slab":8,"minecraft:grass_block":9,"biomesoplenty:palm_leaves":46,"minecraft:stone_brick_wall":47,"biomesoplenty:chiseled_brimstone_bricks":33,"biomesoplenty:jacaranda_slab":4,"biomesoplenty:black_sandstone":20,"minecraft:flowering_azalea_leaves":3},"minecraft:custom":{"minecraft:time_since_rest":37926,"minecraft:crouch_one_cm":81,"minecraft:play_time":37926,"minecraft:sprint_one_cm":7480,"minecraft:damage_taken":81,"minecraft:walk_one_cm":37343,"minecraft:sneak_time":179,"minecraft:jump":54,"minecraft:time_since_death":37926,"minecraft:total_world_time":37926,"minecraft:fly_one_cm":111423}},"DataVersion":3465}