{"stats":{"minecraft:used":{"biomesoplenty:brimstone_brick_slab":28,"minecraft:stone_bricks":55,"minecraft:oak_trapdoor":24,"minecraft:glass":15,"minecraft:stone_brick_slab":5,"minecraft:chiseled_stone_bricks":5,"minecraft:glowstone":26,"biomesoplenty:brimstone":38,"minecraft:grass_block":9,"framedblocks:framed_slab":8,"biomesoplenty:palm_leaves":46,"minecraft:gray_concrete":47,"minecraft:stone_brick_wall":47,"biomesoplenty:chiseled_brimstone_bricks":33,"minecraft:iron_door":6,"biomesoplenty:jacaranda_slab":4,"minecraft:polished_diorite":5,"biomesoplenty:black_sandstone":20,"minecraft:flowering_azalea_leaves":3},"minecraft:picked_up":{"minecraft:iron_door":1},"minecraft:custom":{"minecraft:time_since_rest":42420,"minecraft:crouch_one_cm":81,"minecraft:sprint_one_cm":7706,"minecraft:play_time":42420,"minecraft:damage_taken":81,"minecraft:walk_one_cm":47987,"minecraft:sneak_time":209,"minecraft:jump":62,"minecraft:time_since_death":42420,"minecraft:total_world_time":42420,"minecraft:fly_one_cm":129687}},"DataVersion":3465}