{"stats":{"minecraft:used":{"refurbished_furniture:oak_storage_cabinet":8,"minecraft:oak_trapdoor":54,"minecraft:oak_fence":95,"minecraft:netherite_sword":48,"minecraft:writable_book":2,"biomesoplenty:brimstone":38,"framedblocks:framed_slab":12,"minecraft:redstone":33,"immersive_aircraft:airship":1,"smallships:dark_oak_brigg":1,"minecraft:oak_sign":51,"framedblocks:framed_stairs":20,"minecraft:chest":47,"minecraft:white_terracotta":29,"minecraft:tinted_glass":33,"minecraft:stone":37,"immersive_aircraft:warship":5,"cfm:stripped_spruce_chair":1,"immersive_aircraft:quadrocopter":1,"minecraft:oak_door":4,"minecraft:spruce_leaves":2,"minecraft:torch":31,"chipped:donut_soul_lantern":1,"minecraft:anvil":7,"minecraft:skeleton_spawn_egg":1,"mcwdoors:garage_white_door":32,"minecraft:shulker_box":1,"minecraft:oak_wood":9,"biomesoplenty:chiseled_brimstone_bricks":33,"minecraft:light_blue_stained_glass":2,"biomesoplenty:jacaranda_slab":6,"minecraft:oak_fence_gate":3,"minecraft:polished_diorite":27,"biomesoplenty:black_sandstone":313,"minecraft:glass":381,"minecraft:stone_brick_slab":5,"cfm:oak_table":4,"minecraft:dark_oak_planks":35,"minecraft:lava_bucket":3,"minecraft:coal_ore":4,"minecraft:spruce_wood":17,"minecraft:iron_block":27,"minecraft:grass_block":159,"minecraft:oak_stairs":11,"minecraft:polished_andesite_stairs":8,"minecraft:spawner":2,"cfm:stripped_oak_chair":19,"minecraft:lime_dye":5,"biomesoplenty:brimstone_brick_slab":28,"minecraft:stone_bricks":132,"minecraft:glowstone":53,"minecraft:repeater":1,"minecraft:lime_concrete":202,"minecraft:lime_stained_glass":148,"minecraft:podzol":170,"alexsmobs:banana":1,"minecraft:gold_block":40,"refurbished_furniture:oak_table":11,"minecraft:dark_oak_stairs":32,"biomesoplenty:maple_leaves":15,"minecraft:spruce_door":62,"framedblocks:framed_door":17,"minecraft:polished_andesite":41,"biomesoplenty:palm_leaves":46,"minecraft:oak_planks":90,"minecraft:copper_block":5,"minecraft:sandstone":1,"biomesoplenty:umbran_sign":7,"minecraft:white_dye":1,"minecraft:glow_ink_sac":16,"immersive_aircraft:cargo_airship":1,"minecraft:glow_item_frame":670,"minecraft:sand":42,"refurbished_furniture:oak_kitchen_drawer":19,"minecraft:oak_slab":9,"minecraft:crafting_table":2,"minecraft:yellow_concrete":46,"minecraft:gray_concrete":224,"minecraft:stone_brick_wall":51,"minecraft:painting":44,"minecraft:spruce_log":3,"refurbished_furniture:computer":7,"cfm:oak_chair":4,"minecraft:creeper_spawn_egg":1,"minecraft:redstone_torch":119,"minecraft:oak_log":147,"minecraft:sticky_piston":13,"refurbished_furniture:dark_electricity_generator":3,"mcwdoors:garage_black_door":26,"minecraft:netherite_block":1,"minecraft:lever":18,"minecraft:yellow_dye":3,"refurbished_furniture:light_ceiling_light":3,"man_of_many_planes:scarlet_biplane":2,"chisel_chipped_integration:factory_slighly_rusty_plate":22,"minecraft:barrier":51,"minecraft:spruce_trapdoor":1,"refurbished_furniture:light_electricity_generator":9,"minecraft:oak_pressure_plate":1,"minecraft:iron_door":38,"cfm:spruce_mail_box":4,"minecraft:flowering_azalea_leaves":3,"minecraft:chiseled_stone_bricks":7,"cfm:stripped_oak_table":8,"minecraft:cobblestone":1,"refurbished_furniture:oak_kitchen_cabinetry":23,"minecraft:azalea_leaves":89,"minecraft:smithing_table":1,"minecraft:white_stained_glass":4,"immersive_aircraft:gyrodyne":1,"minecraft:andesite":1,"refurbished_furniture:oak_drawer":4,"minecraft:smooth_stone_slab":77,"minecraft:white_concrete":194,"minecraft:oak_hanging_sign":12,"minecraft:smooth_stone":38,"minecraft:splash_potion":57,"man_of_many_planes:economy_plane":1,"minecraft:cobweb":3,"refurbished_furniture:oak_chair":7},"minecraft:killed":{"alexsmobs:raccoon":1,"minecraft:spider":2,"alexsmobs:gorilla":1,"minecraft:skeleton":5,"alexsmobs:blue_jay":1,"minecraft:chicken":1,"minecraft:zombie_villager":2,"minecraft:creeper":2,"minecraft:zombie":14,"minecraft:enderman":1},"minecraft:picked_up":{"minecraft:leather_leggings":1,"framedblocks:framed_door":1,"minecraft:string":2,"immersive_aircraft:heavy_crossbow":1,"automobility:automobile":1,"minecraft:white_tulip":1,"minecraft:redstone_torch":19,"minecraft:stone":2,"alexsmobs:cockroach_ootheca":1,"minecraft:redstone":1,"minecraft:rotten_flesh":9,"minecraft:arrow":6,"minecraft:glowstone":1,"biomesoplenty:lavender":1,"biomesoplenty:black_sandstone":7,"minecraft:leather_chestplate":1,"minecraft:iron_door":2,"minecraft:yellow_dye":1,"minecraft:oak_log":1,"minecraft:gunpowder":2,"minecraft:paper":1,"minecraft:leather_boots":1,"minecraft:bone":7,"jdcoin:jd_coin":256,"minecraft:spruce_sapling":1,"alexsmobs:novelty_hat":1,"minecraft:grass_block":1,"minecraft:shulker_box":1,"minecraft:leather_helmet":1,"minecraft:oak_wood":1,"tacz:modern_kinetic_gun":4,"minecraft:painting":2,"minecraft:ender_pearl":1},"minecraft:custom":{"minecraft:interact_with_smithing_table":7,"minecraft:mob_kills":31,"minecraft:interact_with_anvil":14,"minecraft:interact_with_crafting_table":5,"minecraft:open_shulker_box":7,"minecraft:leave_game":3,"minecraft:time_since_death":462616,"minecraft:sprint_one_cm":141286,"minecraft:walk_one_cm":543632,"minecraft:drop":36,"minecraft:play_time":462616,"minecraft:sneak_time":5850,"minecraft:walk_under_water_one_cm":13842,"minecraft:boat_one_cm":579874,"minecraft:jump":823,"minecraft:walk_on_water_one_cm":17959,"minecraft:total_world_time":462616,"minecraft:time_since_rest":462616,"minecraft:damage_taken":81,"minecraft:damage_dealt":3271,"minecraft:player_kills":4,"minecraft:fly_one_cm":3316081,"minecraft:open_chest":57,"minecraft:crouch_one_cm":1467,"minecraft:fall_one_cm":269},"minecraft:dropped":{"minecraft:oak_log":1,"minecraft:leather_helmet":1,"minecraft:yellow_dye":1,"minecraft:writable_book":1,"tacz:modern_kinetic_gun":8,"minecraft:iron_pickaxe":1,"minecraft:paper":4,"automobility:automobile":1,"jdcoin:jd_coin":384,"sophisticatedbackpacks:backpack":1,"minecraft:shulker_box":2,"minecraft:leather_chestplate":1,"minecraft:oak_wood":1,"minecraft:glowstone":1,"minecraft:leather_boots":1,"minecraft:leather_leggings":1,"tacz:ammo":180,"alexsmobs:novelty_hat":1},"minecraft:crafted":{"minecraft:leather_leggings":2,"minecraft:leather_boots":7,"minecraft:leather_helmet":2,"minecraft:air":0,"minecraft:leather_chestplate":3}},"DataVersion":3465}