{"stats":{"minecraft:used":{"minecraft:redstone_torch":102,"minecraft:oak_fence":4,"minecraft:sticky_piston":8,"minecraft:oak_trapdoor":45,"minecraft:glass":101,"minecraft:stone_brick_slab":5,"minecraft:lever":11,"minecraft:lava_bucket":3,"biomesoplenty:brimstone":38,"minecraft:coal_ore":4,"minecraft:spruce_door":57,"framedblocks:framed_slab":8,"minecraft:grass_block":14,"minecraft:oak_stairs":10,"framedblocks:framed_door":17,"minecraft:redstone":6,"minecraft:barrier":51,"biomesoplenty:palm_leaves":46,"minecraft:oak_sign":17,"minecraft:chest":21,"minecraft:tinted_glass":33,"minecraft:stone":20,"minecraft:oak_pressure_plate":1,"minecraft:iron_door":20,"minecraft:lime_dye":3,"minecraft:white_dye":1,"minecraft:glow_ink_sac":4,"minecraft:flowering_azalea_leaves":3,"biomesoplenty:brimstone_brick_slab":28,"minecraft:stone_bricks":55,"minecraft:oak_door":4,"minecraft:chiseled_stone_bricks":5,"minecraft:glowstone":36,"minecraft:anvil":1,"minecraft:oak_slab":9,"minecraft:lime_stained_glass":2,"minecraft:white_stained_glass":4,"minecraft:oak_wood":9,"minecraft:painting":44,"biomesoplenty:chiseled_brimstone_bricks":33,"minecraft:stone_brick_wall":47,"minecraft:gray_concrete":102,"minecraft:white_concrete":2,"biomesoplenty:jacaranda_slab":4,"minecraft:light_blue_stained_glass":2,"minecraft:cobweb":3,"minecraft:polished_diorite":13,"biomesoplenty:black_sandstone":20},"minecraft:picked_up":{"minecraft:stone":2,"minecraft:iron_door":2,"framedblocks:framed_door":1,"minecraft:grass_block":1,"minecraft:painting":2,"minecraft:redstone_torch":19,"minecraft:glowstone":1},"minecraft:custom":{"minecraft:time_since_rest":102420,"minecraft:sprint_one_cm":25293,"minecraft:damage_taken":81,"minecraft:walk_one_cm":171823,"minecraft:interact_with_anvil":1,"minecraft:drop":1,"minecraft:fly_one_cm":494959,"minecraft:open_chest":17,"minecraft:crouch_one_cm":324,"minecraft:play_time":102420,"minecraft:sneak_time":793,"minecraft:jump":211,"minecraft:time_since_death":102420,"minecraft:total_world_time":102420},"minecraft:dropped":{"minecraft:glowstone":1}},"DataVersion":3465}