{"stats":{"minecraft:killed_by":{"scp:walkingheads_amigo":1,"minecraft:player":7,"minecraft:zombie":2},"minecraft:dropped":{"minecraft:stick":3,"minecraft:dirt":2,"minecraft:oak_sapling":1,"minecraft:terracotta":4},"minecraft:crafted":{"minecraft:cooked_porkchop":3,"minecraft:crafting_table":1,"minecraft:cooked_chicken":5,"minecraft:furnace":1,"minecraft:birch_planks":4,"minecraft:stone_axe":1,"minecraft:stone_pickaxe":1,"minecraft:stone_sword":1},"minecraft:custom":{"minecraft:interact_with_furnace":11,"minecraft:mob_kills":18,"minecraft:interact_with_crafting_table":6,"minecraft:leave_game":5,"minecraft:time_since_death":27027,"minecraft:sleep_in_bed":4,"minecraft:climb_one_cm":1442,"minecraft:time_since_rest":27083,"minecraft:sprint_one_cm":259042,"minecraft:damage_taken":3585,"minecraft:walk_one_cm":376590,"minecraft:drop":6,"minecraft:damage_dealt":3421,"minecraft:fly_one_cm":64416,"minecraft:crouch_one_cm":1471,"minecraft:play_time":90237,"minecraft:deaths":13,"minecraft:sneak_time":2488,"minecraft:jump":357,"minecraft:total_world_time":90237,"minecraft:fall_one_cm":14588},"minecraft:picked_up":{"minecraft:birch_log":1,"minecraft:crafting_table":1,"minecraft:cooked_beef":1,"minecraft:feather":6,"minecraft:lilac":1,"minecraft:chicken":5,"minecraft:gunpowder":1,"minecraft:string":2,"minecraft:dirt":2,"chiselsandbits:chiseled_block":3,"minecraft:iron_ingot":10,"scp:carton_artificial":64,"minecraft:stick":247,"minecraft:torch":15,"minecraft:gravel":3,"minecraft:sand":1,"minecraft:porkchop":3,"pointblank:gunmetal_nugget":20,"minecraft:white_bed":1,"minecraft:spider_eye":1,"minecraft:light_gray_terracotta":2,"minecraft:rotten_flesh":9,"minecraft:terracotta":16,"minecraft:oak_sapling":1,"minecraft:cobblestone":23},"minecraft:mined":{"minecraft:orange_terracotta":1,"minecraft:torch":6,"minecraft:dead_bush":194,"minecraft:wall_torch":4,"minecraft:cactus":2,"minecraft:fire":1,"minecraft:lilac":1,"minecraft:grass":2,"minecraft:vine":1,"minecraft:sand":1,"minecraft:dirt":8,"minecraft:terracotta":17,"minecraft:stone":12,"minecraft:oak_leaves":12},"minecraft:killed":{"minecraft:husk":1,"minecraft:pig":1,"doppelgangermod:dp_creeper":1,"minecraft:spider":2,"minecraft:creeper":1,"minecraft:zombie":8,"minecraft:chicken":4},"minecraft:used":{"minecraft:stone_sword":25,"chiselsandbits:chiseled_block":3,"minecraft:stone_pickaxe":65,"minecraft:rotten_flesh":5,"minecraft:torch":13,"minecraft:sand":1,"minecraft:crafting_table":1,"minecraft:white_bed":1,"scp:carton_artificial":7,"minecraft:gravel":1,"minecraft:lilac":1,"minecraft:stone_axe":13,"minecraft:cobblestone":6,"minecraft:furnace":1,"minecraft:cooked_porkchop":3,"minecraft:cooked_beef":1}},"DataVersion":3465}