{"stats":{"minecraft:custom":{"minecraft:interact_with_furnace":24,"minecraft:mob_kills":23,"minecraft:interact_with_crafting_table":14,"minecraft:leave_game":8,"minecraft:time_since_death":14163,"minecraft:sleep_in_bed":4,"minecraft:climb_one_cm":1442,"minecraft:time_since_rest":14193,"minecraft:sprint_one_cm":380904,"minecraft:damage_taken":16159,"minecraft:walk_one_cm":571491,"minecraft:drop":23,"minecraft:damage_dealt":7029,"minecraft:fly_one_cm":134382,"minecraft:player_kills":1,"minecraft:open_chest":5,"minecraft:crouch_one_cm":6730,"minecraft:play_time":144010,"minecraft:deaths":25,"minecraft:sneak_time":4732,"minecraft:jump":720,"minecraft:total_world_time":144010,"minecraft:fall_one_cm":21329},"minecraft:killed":{"minecraft:husk":1,"minecraft:pig":1,"doppelgangermod:dp_creeper":1,"minecraft:spider":3,"minecraft:creeper":1,"scp:insano":1,"minecraft:skeleton":2,"minecraft:zombie":8,"minecraft:chicken":4,"scp:red_entitynueva":1},"minecraft:used":{"minecraft:stone_sword":29,"chiselsandbits:chiseled_block":3,"minecraft:stone_pickaxe":66,"scp:cuchillo_sword":103,"minecraft:cooked_chicken":5,"minecraft:rotten_flesh":5,"minecraft:torch":43,"minecraft:sand":1,"scp:botiquin":1,"scp:picodecarton":36,"minecraft:crafting_table":2,"scp:vendas":10,"minecraft:white_bed":1,"scp:carnede_sabueso_cocinada":1,"scp:stopde_carton":1,"scp:carton_artificial":43,"minecraft:gravel":1,"minecraft:lilac":1,"minecraft:stone_axe":15,"minecraft:cobblestone":6,"minecraft:furnace":2,"minecraft:cooked_porkchop":3,"minecraft:cooked_beef":1},"minecraft:dropped":{"minecraft:gravel":2,"minecraft:stone_axe":2,"minecraft:stone_sword":2,"minecraft:light_gray_terracotta":2,"minecraft:feather":6,"minecraft:cobblestone":1,"minecraft:rotten_flesh":4,"pointblank:gunmetal_nugget":20,"minecraft:stick":3,"scp:carnede_sabueso_cocinada":1,"minecraft:dirt":2,"minecraft:gunpowder":1,"minecraft:oak_sapling":1,"minecraft:spider_eye":1,"minecraft:stone_pickaxe":2,"minecraft:string":2,"minecraft:terracotta":16},"minecraft:mined":{"minecraft:orange_terracotta":1,"minecraft:torch":22,"minecraft:chest":2,"minecraft:dead_bush":194,"minecraft:wall_torch":20,"minecraft:cactus":2,"minecraft:fire":2,"minecraft:lilac":1,"minecraft:grass":2,"minecraft:vine":1,"minecraft:sand":1,"minecraft:dirt":8,"minecraft:terracotta":17,"minecraft:stone":12,"scp:carton_artificial":37,"minecraft:oak_leaves":12},"minecraft:picked_up":{"minecraft:birch_log":1,"minecraft:crafting_table":1,"scp:barrita_energetica":2,"minecraft:feather":6,"minecraft:lilac":1,"minecraft:cooked_beef":1,"minecraft:chicken":5,"scp:carnede_sabueso_cocinada":1,"scp:sangredesmiler":2,"scp:botiquin_3":1,"minecraft:gunpowder":1,"minecraft:dirt":2,"minecraft:string":2,"minecraft:bone":3,"the_silence:flashlightoff":1,"chiselsandbits:chiseled_block":3,"minecraft:iron_ingot":10,"minecraft:stone_pickaxe":1,"minecraft:chest":2,"scp:carton_artificial":101,"minecraft:stick":247,"scp:sangre":1,"minecraft:torch":44,"minecraft:gravel":3,"minecraft:porkchop":3,"pointblank:gunmetal_nugget":31,"minecraft:sand":1,"scp:pastillas":4,"minecraft:white_bed":1,"minecraft:spider_eye":2,"minecraft:light_gray_terracotta":2,"minecraft:stone_sword":1,"minecraft:arrow":3,"minecraft:rotten_flesh":9,"minecraft:stone_axe":1,"scp:cuchillo_sword":1,"scp:carnede_sabueso":2,"scp:stopde_carton":2,"scp:estimulante":7,"scp:botiquin":1,"minecraft:terracotta":16,"minecraft:oak_sapling":1,"scp:vendas":3,"minecraft:cobblestone":23},"minecraft:crafted":{"minecraft:cooked_porkchop":3,"minecraft:crafting_table":2,"minecraft:cooked_chicken":5,"minecraft:furnace":2,"minecraft:birch_planks":4,"minecraft:stone_axe":1,"scp:carnede_sabueso_cocinada":1,"minecraft:air":0,"scp:picodecarton":1,"minecraft:stone_pickaxe":1,"minecraft:stone_sword":1},"minecraft:killed_by":{"doppelgangermod:dp_creeper":1,"scp:walkingheads_amigo":1,"the_silence:the_silence_principal":1,"minecraft:player":9,"doppelgangermod:dp_straw_man":1,"minecraft:skeleton":1,"grue_remake:grue":2,"minecraft:zombie":2,"scp:cientifico":1}},"DataVersion":3465}