{"stats":{"minecraft:dropped":{"minecraft:oak_sapling":1,"minecraft:stick":1},"minecraft:picked_up":{"minecraft:birch_log":1,"minecraft:cooked_beef":1,"minecraft:stick":122,"minecraft:lilac":1,"minecraft:torch":1,"minecraft:iron_ingot":10,"minecraft:oak_sapling":1,"minecraft:crafting_table":1},"minecraft:mined":{"minecraft:vine":1,"minecraft:dead_bush":49,"minecraft:lilac":1,"minecraft:oak_leaves":12},"minecraft:killed_by":{"scp:walkingheads_amigo":1,"minecraft:player":1},"minecraft:crafted":{"minecraft:birch_planks":4,"minecraft:crafting_table":1},"minecraft:custom":{"minecraft:time_since_rest":933,"minecraft:walk_one_cm":66340,"minecraft:crouch_one_cm":1059,"minecraft:damage_taken":532,"minecraft:play_time":16525,"minecraft:sprint_one_cm":61384,"minecraft:deaths":2,"minecraft:sneak_time":560,"minecraft:drop":2,"minecraft:jump":103,"minecraft:damage_dealt":145,"minecraft:time_since_death":898,"minecraft:climb_one_cm":270,"minecraft:total_world_time":16525,"minecraft:interact_with_crafting_table":1,"minecraft:fall_one_cm":6927,"minecraft:fly_one_cm":17989},"minecraft:used":{"minecraft:lilac":1,"minecraft:torch":1,"minecraft:cooked_beef":1}},"DataVersion":3465}