{"stats":{"minecraft:killed_by":{"scp:walkingheads_amigo":1,"minecraft:player":7,"minecraft:zombie":2},"minecraft:crafted":{"minecraft:cooked_porkchop":3,"minecraft:crafting_table":1,"minecraft:cooked_chicken":5,"minecraft:stone_pickaxe":1,"minecraft:stone_sword":1,"minecraft:furnace":1,"minecraft:birch_planks":4,"minecraft:stone_axe":1},"minecraft:dropped":{"minecraft:dirt":2,"minecraft:oak_sapling":1,"minecraft:stick":3,"minecraft:terracotta":4},"minecraft:custom":{"minecraft:damage_taken":3525,"minecraft:time_since_rest":15083,"minecraft:walk_one_cm":353060,"minecraft:sprint_one_cm":252224,"minecraft:interact_with_furnace":11,"minecraft:mob_kills":17,"minecraft:drop":6,"minecraft:damage_dealt":3306,"minecraft:interact_with_crafting_table":6,"minecraft:fly_one_cm":59899,"minecraft:crouch_one_cm":1315,"minecraft:play_time":78237,"minecraft:deaths":13,"minecraft:sneak_time":2385,"minecraft:jump":330,"minecraft:leave_game":5,"minecraft:time_since_death":15027,"minecraft:sleep_in_bed":4,"minecraft:total_world_time":78237,"minecraft:climb_one_cm":1442,"minecraft:fall_one_cm":13632},"minecraft:picked_up":{"minecraft:birch_log":1,"minecraft:stick":247,"minecraft:crafting_table":1,"minecraft:lilac":1,"minecraft:feather":6,"minecraft:cooked_beef":1,"minecraft:chicken":5,"minecraft:torch":10,"minecraft:gravel":3,"minecraft:porkchop":3,"pointblank:gunmetal_nugget":20,"minecraft:sand":1,"minecraft:white_bed":1,"minecraft:gunpowder":1,"minecraft:spider_eye":1,"minecraft:dirt":2,"minecraft:string":2,"minecraft:light_gray_terracotta":2,"minecraft:rotten_flesh":9,"chiselsandbits:chiseled_block":3,"minecraft:iron_ingot":10,"minecraft:terracotta":16,"minecraft:oak_sapling":1,"minecraft:cobblestone":23},"minecraft:killed":{"minecraft:husk":1,"minecraft:zombie":7,"minecraft:pig":1,"minecraft:chicken":4,"doppelgangermod:dp_creeper":1,"minecraft:spider":2,"minecraft:creeper":1},"minecraft:used":{"minecraft:stone_sword":22,"minecraft:stone_pickaxe":65,"chiselsandbits:chiseled_block":3,"minecraft:gravel":1,"minecraft:lilac":1,"minecraft:rotten_flesh":5,"minecraft:stone_axe":13,"minecraft:torch":10,"minecraft:sand":1,"minecraft:cobblestone":5,"minecraft:crafting_table":1,"minecraft:furnace":1,"minecraft:cooked_porkchop":2,"minecraft:white_bed":1,"minecraft:cooked_beef":1},"minecraft:mined":{"minecraft:cactus":2,"minecraft:fire":1,"minecraft:lilac":1,"minecraft:orange_terracotta":1,"minecraft:torch":2,"minecraft:grass":2,"minecraft:vine":1,"minecraft:dead_bush":194,"minecraft:sand":1,"minecraft:dirt":8,"minecraft:terracotta":17,"minecraft:stone":12,"minecraft:oak_leaves":12,"minecraft:wall_torch":4}},"DataVersion":3465}