{"stats":{"minecraft:dropped":{"minecraft:dirt":2,"minecraft:oak_sapling":1,"minecraft:stick":3,"minecraft:terracotta":4},"minecraft:picked_up":{"minecraft:birch_log":1,"minecraft:feather":6,"minecraft:crafting_table":1,"minecraft:stick":241,"minecraft:lilac":1,"minecraft:cooked_beef":1,"minecraft:chicken":5,"minecraft:torch":9,"minecraft:gravel":1,"minecraft:porkchop":3,"pointblank:gunmetal_nugget":6,"minecraft:dirt":2,"minecraft:rotten_flesh":6,"minecraft:iron_ingot":10,"minecraft:terracotta":4,"minecraft:oak_sapling":1,"minecraft:cobblestone":22},"minecraft:killed":{"minecraft:zombie":2,"minecraft:pig":1,"minecraft:chicken":4},"minecraft:mined":{"minecraft:fire":1,"minecraft:lilac":1,"minecraft:torch":2,"minecraft:grass":2,"minecraft:vine":1,"minecraft:dead_bush":181,"minecraft:dirt":8,"minecraft:terracotta":4,"minecraft:stone":11,"minecraft:oak_leaves":12,"minecraft:wall_torch":4},"minecraft:killed_by":{"scp:walkingheads_amigo":1,"minecraft:player":4},"minecraft:used":{"minecraft:stone_pickaxe":47,"minecraft:gravel":1,"minecraft:lilac":1,"minecraft:torch":9,"minecraft:crafting_table":1,"minecraft:furnace":1,"minecraft:cooked_beef":1},"minecraft:crafted":{"minecraft:cooked_porkchop":3,"minecraft:crafting_table":1,"minecraft:cooked_chicken":5,"minecraft:stone_pickaxe":1,"minecraft:furnace":1,"minecraft:birch_planks":4},"minecraft:custom":{"minecraft:time_since_rest":1726,"minecraft:interact_with_furnace":7,"minecraft:sprint_one_cm":153472,"minecraft:damage_taken":1370,"minecraft:walk_one_cm":236199,"minecraft:mob_kills":7,"minecraft:drop":6,"minecraft:damage_dealt":1081,"minecraft:interact_with_crafting_table":4,"minecraft:fly_one_cm":37827,"minecraft:crouch_one_cm":1063,"minecraft:play_time":40525,"minecraft:deaths":5,"minecraft:sneak_time":633,"minecraft:jump":217,"minecraft:time_since_death":1652,"minecraft:total_world_time":40525,"minecraft:climb_one_cm":1442,"minecraft:fall_one_cm":10451}},"DataVersion":3465}