{"stats":{"minecraft:killed_by":{"scp:walkingheads_amigo":1,"the_silence:the_silence_principal":1,"minecraft:player":9,"grue_remake:grue":2,"minecraft:zombie":2},"minecraft:crafted":{"minecraft:cooked_porkchop":3,"minecraft:crafting_table":1,"minecraft:cooked_chicken":5,"minecraft:furnace":1,"minecraft:birch_planks":4,"minecraft:stone_axe":1,"minecraft:stone_pickaxe":1,"minecraft:stone_sword":1},"minecraft:dropped":{"minecraft:gravel":2,"minecraft:stone_axe":2,"minecraft:stone_sword":2,"minecraft:light_gray_terracotta":2,"minecraft:feather":6,"minecraft:cobblestone":1,"minecraft:rotten_flesh":4,"pointblank:gunmetal_nugget":20,"minecraft:stick":3,"minecraft:dirt":2,"minecraft:gunpowder":1,"minecraft:oak_sapling":1,"minecraft:spider_eye":1,"minecraft:stone_pickaxe":2,"minecraft:string":2,"minecraft:terracotta":16},"minecraft:custom":{"minecraft:interact_with_furnace":11,"minecraft:mob_kills":18,"minecraft:interact_with_crafting_table":6,"minecraft:leave_game":5,"minecraft:time_since_death":1551,"minecraft:sleep_in_bed":4,"minecraft:climb_one_cm":1442,"minecraft:time_since_rest":1573,"minecraft:sprint_one_cm":261526,"minecraft:damage_taken":14488,"minecraft:walk_one_cm":412599,"minecraft:drop":22,"minecraft:damage_dealt":3702,"minecraft:fly_one_cm":90488,"minecraft:crouch_one_cm":3761,"minecraft:play_time":102237,"minecraft:deaths":21,"minecraft:sneak_time":3262,"minecraft:jump":421,"minecraft:total_world_time":102237,"minecraft:fall_one_cm":18291},"minecraft:picked_up":{"minecraft:birch_log":1,"scp:barrita_energetica":2,"minecraft:crafting_table":1,"minecraft:cooked_beef":1,"minecraft:feather":6,"minecraft:lilac":1,"minecraft:chicken":5,"scp:botiquin_3":1,"minecraft:gunpowder":1,"minecraft:string":2,"minecraft:dirt":2,"chiselsandbits:chiseled_block":3,"minecraft:iron_ingot":10,"minecraft:stone_pickaxe":1,"scp:carton_artificial":65,"minecraft:stick":247,"minecraft:torch":17,"minecraft:gravel":3,"minecraft:sand":1,"minecraft:porkchop":3,"pointblank:gunmetal_nugget":20,"scp:pastillas":4,"minecraft:white_bed":1,"minecraft:spider_eye":1,"minecraft:light_gray_terracotta":2,"minecraft:stone_sword":1,"minecraft:rotten_flesh":9,"minecraft:stone_axe":1,"scp:cuchillo_sword":1,"scp:estimulante":6,"scp:botiquin":1,"minecraft:terracotta":16,"minecraft:oak_sapling":1,"scp:vendas":3,"minecraft:cobblestone":23},"minecraft:mined":{"minecraft:orange_terracotta":1,"minecraft:torch":7,"minecraft:dead_bush":194,"minecraft:wall_torch":7,"minecraft:cactus":2,"minecraft:fire":1,"minecraft:lilac":1,"minecraft:grass":2,"minecraft:vine":1,"minecraft:sand":1,"minecraft:dirt":8,"minecraft:terracotta":17,"minecraft:stone":12,"scp:carton_artificial":1,"minecraft:oak_leaves":12},"minecraft:killed":{"minecraft:husk":1,"minecraft:pig":1,"doppelgangermod:dp_creeper":1,"minecraft:spider":2,"minecraft:creeper":1,"minecraft:zombie":8,"minecraft:chicken":4},"minecraft:used":{"minecraft:stone_sword":29,"chiselsandbits:chiseled_block":3,"minecraft:stone_pickaxe":66,"scp:cuchillo_sword":1,"minecraft:rotten_flesh":5,"minecraft:torch":17,"minecraft:sand":1,"scp:botiquin":1,"minecraft:crafting_table":1,"minecraft:white_bed":1,"scp:carton_artificial":43,"minecraft:gravel":1,"minecraft:lilac":1,"minecraft:stone_axe":15,"minecraft:cobblestone":6,"minecraft:furnace":1,"minecraft:cooked_porkchop":3,"minecraft:cooked_beef":1}},"DataVersion":3465}