{"stats":{"minecraft:dropped":{"minecraft:dirt":2,"minecraft:oak_sapling":1,"minecraft:stick":3,"minecraft:terracotta":4},"minecraft:picked_up":{"minecraft:birch_log":1,"minecraft:feather":6,"minecraft:crafting_table":1,"minecraft:stick":126,"minecraft:lilac":1,"minecraft:cooked_beef":1,"minecraft:chicken":5,"minecraft:torch":9,"minecraft:gravel":1,"pointblank:gunmetal_nugget":5,"minecraft:dirt":2,"minecraft:rotten_flesh":1,"minecraft:iron_ingot":10,"minecraft:terracotta":4,"minecraft:oak_sapling":1,"minecraft:cobblestone":22},"minecraft:killed":{"minecraft:chicken":4},"minecraft:mined":{"minecraft:lilac":1,"minecraft:torch":2,"minecraft:grass":1,"minecraft:vine":1,"minecraft:dead_bush":55,"minecraft:dirt":8,"minecraft:terracotta":4,"minecraft:stone":11,"minecraft:oak_leaves":12,"minecraft:wall_torch":4},"minecraft:killed_by":{"scp:walkingheads_amigo":1,"minecraft:player":3},"minecraft:crafted":{"minecraft:crafting_table":1,"minecraft:stone_pickaxe":1,"minecraft:birch_planks":4},"minecraft:used":{"minecraft:stone_pickaxe":25,"minecraft:gravel":1,"minecraft:lilac":1,"minecraft:torch":9,"minecraft:cooked_beef":1},"minecraft:custom":{"minecraft:time_since_rest":1785,"minecraft:sprint_one_cm":103395,"minecraft:damage_taken":987,"minecraft:walk_one_cm":124504,"minecraft:mob_kills":4,"minecraft:drop":6,"minecraft:damage_dealt":356,"minecraft:interact_with_crafting_table":3,"minecraft:fly_one_cm":27332,"minecraft:crouch_one_cm":1063,"minecraft:play_time":28525,"minecraft:deaths":4,"minecraft:sneak_time":633,"minecraft:jump":145,"minecraft:time_since_death":1754,"minecraft:total_world_time":28525,"minecraft:climb_one_cm":883,"minecraft:fall_one_cm":8510}},"DataVersion":3465}