{"stats":{"minecraft:killed_by":{"minecraft:skeleton":1,"grue_remake:grue":1,"scp:walkingheads_amigo":8,"minecraft:player":3,"scp:cientifico":1,"doppelgangermod:dp_creeper":1},"minecraft:crafted":{"scp:carnede_sabueso_cocinada":1},"minecraft:dropped":{"scp:sangredesmiler":2},"minecraft:custom":{"minecraft:open_chest":10,"minecraft:time_since_rest":2480,"minecraft:damage_taken":9470,"minecraft:play_time":24753,"minecraft:walk_one_cm":122735,"minecraft:crouch_one_cm":2576,"minecraft:sprint_one_cm":87541,"minecraft:deaths":15,"minecraft:sneak_time":1297,"minecraft:mob_kills":7,"minecraft:drop":1,"minecraft:jump":172,"minecraft:damage_dealt":4339,"minecraft:leave_game":1,"minecraft:time_since_death":2454,"minecraft:total_world_time":24753,"minecraft:damage_resisted":36,"minecraft:interact_with_crafting_table":1,"minecraft:fly_one_cm":32905,"minecraft:fall_one_cm":4596,"minecraft:interact_with_furnace":2},"minecraft:picked_up":{"minecraft:arrow":1,"minecraft:bone":2,"the_silence:flashlightoff":1,"minecraft:rotten_flesh":1,"minecraft:torch":2,"scp:sangredesmiler":2,"scp:carnede_sabueso":1,"minecraft:potato":1,"pointblank:gunmetal_nugget":7,"scp:estimulante":1},"minecraft:mined":{"minecraft:wall_torch":2},"minecraft:killed":{"minecraft:skeleton":2,"minecraft:zombie":1,"doppelgangermod:dp_creeper_mutation":1,"scp:dullernuevo":2},"minecraft:used":{"scp:bate_hammer":95,"scp:estimulante":6,"minecraft:torch":2}},"DataVersion":3465}