{"stats":{"minecraft:dropped":{"minecraft:golden_apple":1},"minecraft:broken":{"minecraft:stone_axe":1},"minecraft:used":{"minecraft:stone_sword":81,"minecraft:iron_shovel":12,"minecraft:iron_pickaxe":14,"minecraft:stone_axe":113,"minecraft:carrot":15,"minecraft:shulker_box":1},"minecraft:killed":{"minecraft:skeleton":1,"minecraft:zombie":1,"minecraft:pig":25,"minecraft:cow":35},"minecraft:custom":{"minecraft:time_since_rest":15150,"minecraft:sprint_one_cm":100008,"minecraft:damage_taken":1530,"minecraft:walk_one_cm":80965,"minecraft:interact_with_anvil":1,"minecraft:mob_kills":62,"minecraft:drop":1,"minecraft:damage_dealt":6502,"minecraft:swim_one_cm":4572,"minecraft:fly_one_cm":85894,"minecraft:crouch_one_cm":598,"minecraft:open_shulker_box":1,"minecraft:play_time":24088,"minecraft:deaths":5,"minecraft:sneak_time":444,"minecraft:walk_under_water_one_cm":964,"minecraft:jump":623,"minecraft:time_since_death":15126,"minecraft:walk_on_water_one_cm":7588,"minecraft:total_world_time":24088,"minecraft:fall_one_cm":6172},"minecraft:killed_by":{"minecraft:player":5},"minecraft:picked_up":{"minecraft:leather":30,"minecraft:porkchop":48,"minecraft:oak_log":15,"minecraft:spruce_log":2,"minecraft:dirt":12,"minecraft:shulker_box":2,"minecraft:paper":1,"minecraft:bone":1,"minecraft:wheat_seeds":11,"minecraft:beef":69,"minecraft:golden_apple":1,"minecraft:coal":9,"minecraft:cobblestone":4},"minecraft:mined":{"minecraft:spruce_log":2,"biomesoplenty:maple_leaves":2,"minecraft:shulker_box":1,"minecraft:grass":24,"minecraft:grass_block":2,"minecraft:oak_log":15,"minecraft:coal_ore":9,"minecraft:dirt":10,"biomesoplenty:stringy_cobweb":1,"minecraft:tall_grass":40,"minecraft:stone":4},"minecraft:crafted":{"minecraft:spruce_planks":8}},"DataVersion":3465}