{"stats":{"minecraft:broken":{"minecraft:stone_sword":1,"minecraft:stone_axe":1},"minecraft:dropped":{"minecraft:porkchop":68,"minecraft:raw_copper":9,"minecraft:leather":43,"minecraft:beef":25,"minecraft:carrot":38,"jdcoin:jd_coin":6,"minecraft:golden_apple":1,"minecraft:dandelion":2},"minecraft:used":{"minecraft:lever":1,"minecraft:stone_sword":196,"minecraft:iron_shovel":32,"minecraft:iron_pickaxe":98,"minecraft:spruce_planks":8,"minecraft:stone_axe":113,"minecraft:cobblestone":6,"minecraft:crafting_table":1,"minecraft:carrot":35,"minecraft:shulker_box":1},"minecraft:killed":{"minecraft:skeleton":1,"minecraft:zombie":4,"minecraft:pig":37,"minecraft:cow":46},"minecraft:custom":{"minecraft:time_since_rest":9861,"minecraft:sprint_one_cm":156421,"minecraft:damage_taken":2426,"minecraft:walk_one_cm":152810,"minecraft:mob_kills":88,"minecraft:interact_with_anvil":1,"minecraft:drop":14,"minecraft:damage_dealt":9627,"minecraft:swim_one_cm":7568,"minecraft:interact_with_crafting_table":1,"minecraft:fly_one_cm":130984,"minecraft:open_chest":1,"minecraft:open_shulker_box":1,"minecraft:crouch_one_cm":2193,"minecraft:play_time":44973,"minecraft:deaths":7,"minecraft:sneak_time":1130,"minecraft:walk_under_water_one_cm":1071,"minecraft:jump":965,"minecraft:leave_game":1,"minecraft:time_since_death":9831,"minecraft:walk_on_water_one_cm":8718,"minecraft:total_world_time":44973,"minecraft:fall_one_cm":17610},"minecraft:killed_by":{"minecraft:player":6,"minecraft:creeper":1},"minecraft:picked_up":{"minecraft:raw_iron":8,"minecraft:leather":43,"minecraft:torch":64,"minecraft:dandelion":2,"minecraft:gravel":1,"minecraft:porkchop":68,"minecraft:oak_log":15,"minecraft:spruce_log":2,"minecraft:dirt":27,"minecraft:shulker_box":2,"minecraft:paper":1,"minecraft:raw_copper":9,"minecraft:bone":1,"minecraft:rotten_flesh":2,"minecraft:wheat_seeds":13,"minecraft:lever":1,"minecraft:beef":89,"minecraft:golden_apple":1,"jdcoin:jd_coin":6,"minecraft:coal":9,"minecraft:cobblestone":60},"minecraft:mined":{"minecraft:iron_ore":8,"minecraft:spruce_log":2,"biomesoplenty:maple_leaves":2,"minecraft:dandelion":2,"minecraft:shulker_box":1,"minecraft:grass":54,"minecraft:grass_block":3,"minecraft:oak_log":15,"minecraft:coal_ore":9,"minecraft:gravel":1,"minecraft:dirt":16,"biomesoplenty:stringy_cobweb":1,"minecraft:copper_ore":3,"minecraft:tall_grass":51,"minecraft:stone":60},"minecraft:crafted":{"minecraft:oak_planks":8,"minecraft:crafting_table":1,"minecraft:spruce_planks":8,"minecraft:stick":4,"minecraft:stone_axe":1}},"DataVersion":3465}