{"stats":{"minecraft:custom":{"minecraft:time_since_rest":496,"minecraft:damage_taken":19984,"minecraft:interact_with_furnace":6,"minecraft:sprint_one_cm":441104,"minecraft:damage_absorbed":201,"minecraft:walk_one_cm":340220,"minecraft:mob_kills":24,"minecraft:drop":9,"minecraft:damage_dealt":10321,"minecraft:interact_with_crafting_table":7,"minecraft:fly_one_cm":240267,"minecraft:player_kills":2,"minecraft:open_chest":34,"minecraft:play_time":97352,"minecraft:crouch_one_cm":4493,"minecraft:deaths":35,"minecraft:sneak_time":2179,"minecraft:jump":1006,"minecraft:leave_game":4,"minecraft:time_since_death":462,"minecraft:total_world_time":97352,"minecraft:damage_resisted":138,"minecraft:fall_one_cm":21053},"minecraft:killed":{"minecraft:skeleton":7,"minecraft:zombie":6,"doppelgangermod:dp_creeper_mutation":1,"scp:dullernuevo":2,"minecraft:spider":1,"scp:sabueso_2":2,"scp:red_entitynueva":2},"minecraft:used":{"scp:carton_artificial":3,"scp:bate_hammer":235,"scp:carnede_sabueso":1,"scp:estimulante":8,"minecraft:torch":2,"scp:pastillas":5,"scp:picodecarton":7,"scp:botiquin":1,"minecraft:furnace":1,"scp:vendas":12,"scp:carnede_sabueso_cocinada":1},"minecraft:dropped":{"scp:carnede_sabueso_cocinada":1,"chiselsandbits:chisel_iron":1,"scp:sangredesmiler":2,"minecraft:feather":1,"scp:picodecarton":1,"scp:bate_hammer":1,"scp:vendas":3},"minecraft:mined":{"minecraft:furnace":1,"scp:carton_artificial":6,"minecraft:wall_torch":3},"minecraft:picked_up":{"minecraft:torch":2,"scp:carnede_sabueso_cocinada":1,"scp:sangredesmiler":2,"minecraft:potato":1,"pointblank:gunmetal_nugget":26,"chiselsandbits:chisel_iron":1,"minecraft:string":1,"scp:picodecarton":1,"scp:bate_hammer":1,"minecraft:arrow":7,"minecraft:bone":8,"the_silence:flashlightoff":1,"minecraft:rotten_flesh":3,"scp:carnede_sabueso":4,"scp:estimulante":1,"scp:carton_artificial":11,"minecraft:furnace":1},"minecraft:crafted":{"scp:picodecarton":1,"scp:carnede_sabueso_cocinada":1},"minecraft:killed_by":{"doppelgangermod:dp_creeper":2,"scp:walkingheads_amigo":13,"midnightlurker:midnight_lurker_aggressive":4,"minecraft:player":6,"scp:cientifico":1,"minecraft:skeleton":2,"grue_remake:grue":2,"minecraft:creeper":1,"minecraft:zombie":1,"scp:red_entitynueva":1}},"DataVersion":3465}