{"stats":{"minecraft:broken":{"minecraft:iron_shovel":1,"minecraft:stone_sword":1,"minecraft:iron_boots":1,"minecraft:iron_axe":1,"minecraft:stone_axe":1,"minecraft:iron_pickaxe":2,"minecraft:iron_helmet":1},"minecraft:used":{"minecraft:stone_sword":196,"minecraft:iron_shovel":238,"minecraft:spruce_slab":13,"minecraft:chest":2,"minecraft:spruce_planks":18,"minecraft:shield":28,"minecraft:bell":1,"minecraft:iron_chestplate":1,"minecraft:torch":18,"minecraft:dirt":15,"minecraft:carrot":78,"minecraft:shulker_box":8,"minecraft:obsidian":7,"minecraft:iron_axe":157,"minecraft:furnace":2,"minecraft:egg":1,"minecraft:potato":1,"minecraft:oak_planks":5,"minecraft:blue_bed":1,"minecraft:crafting_table":3,"minecraft:lever":2,"minecraft:apple":1,"minecraft:iron_pickaxe":585,"minecraft:lectern":15,"minecraft:gravel":1,"minecraft:stone_axe":129,"minecraft:cobblestone":38,"minecraft:purple_bed":6},"minecraft:killed_by":{"minecraft:player":7,"minecraft:creeper":1,"minecraft:enderman":1,"alexsmobs:crocodile":1,"minecraft:zombie":1},"minecraft:killed":{"minecraft:phantom":2,"minecraft:skeleton":3,"minecraft:silverfish":10,"minecraft:pig":37,"minecraft:iron_golem":2,"minecraft:zombie":5,"minecraft:villager":1,"minecraft:cow":46},"minecraft:picked_up":{"minecraft:charcoal":8,"minecraft:crafting_table":1,"minecraft:smithing_table":2,"minecraft:raw_copper":22,"minecraft:iron_axe":1,"tacz:ammo":180,"minecraft:cobbled_deepslate":22,"minecraft:spruce_planks":3,"minecraft:beef":89,"minecraft:spruce_slab":5,"minecraft:poppy":3,"minecraft:iron_pickaxe":1,"minecraft:lectern":14,"minecraft:sugar_cane":2,"minecraft:chest":2,"minecraft:spruce_trapdoor":1,"minecraft:egg":1,"minecraft:furnace":1,"minecraft:stick":1,"minecraft:raw_iron":11,"minecraft:composter":2,"minecraft:torch":68,"sophisticatedbackpacks:backpack":1,"minecraft:porkchop":68,"minecraft:diorite":37,"minecraft:rotten_flesh":4,"minecraft:arrow":3,"minecraft:cobblestone":423,"minecraft:andesite":10,"minecraft:leather":43,"minecraft:oak_log":15,"minecraft:paper":3,"minecraft:blue_bed":1,"minecraft:dirt":262,"minecraft:bone":3,"minecraft:wheat_seeds":13,"minecraft:bell":1,"minecraft:grindstone":4,"minecraft:iron_ingot":6,"jdcoin:jd_coin":394,"minecraft:book":18,"minecraft:dandelion":2,"minecraft:gravel":1,"minecraft:spruce_log":2,"minecraft:shulker_box":8,"minecraft:purple_bed":6,"tacz:modern_kinetic_gun":7,"minecraft:lever":2,"minecraft:granite":18,"minecraft:golden_apple":1,"minecraft:spruce_sign":1,"minecraft:coal":13},"minecraft:custom":{"minecraft:interact_with_smithing_table":1,"minecraft:mob_kills":106,"minecraft:interact_with_anvil":3,"minecraft:interact_with_crafting_table":14,"minecraft:open_shulker_box":17,"minecraft:bell_ring":10,"minecraft:leave_game":3,"minecraft:time_since_death":15774,"minecraft:sprint_one_cm":432461,"minecraft:walk_one_cm":453232,"minecraft:damage_blocked_by_shield":450,"minecraft:drop":364,"minecraft:talked_to_villager":31,"minecraft:play_time":172517,"minecraft:deaths":18,"minecraft:sneak_time":2391,"minecraft:walk_under_water_one_cm":3556,"minecraft:boat_one_cm":13915,"minecraft:jump":2124,"minecraft:walk_on_water_one_cm":24956,"minecraft:total_world_time":172517,"minecraft:interact_with_furnace":5,"minecraft:sleep_in_bed":6,"minecraft:time_since_rest":15797,"minecraft:damage_taken":4192,"minecraft:damage_dealt":14600,"minecraft:swim_one_cm":21852,"minecraft:fly_one_cm":332046,"minecraft:open_chest":28,"minecraft:crouch_one_cm":3998,"minecraft:fall_one_cm":47123},"minecraft:dropped":{"minecraft:porkchop":68,"minecraft:smithing_table":1,"minecraft:cobblestone":238,"minecraft:leather":43,"minecraft:granite":18,"minecraft:golden_apple":1,"minecraft:dirt":244,"minecraft:diorite":37,"tacz:modern_kinetic_gun":3,"minecraft:iron_axe":1,"minecraft:paper":1,"minecraft:string":12,"jdcoin:jd_coin":200,"minecraft:dandelion":2,"minecraft:cobbled_deepslate":22,"minecraft:raw_copper":9,"minecraft:composter":2,"minecraft:raw_iron":3,"minecraft:rotten_flesh":2,"minecraft:grindstone":4,"minecraft:carrot":38,"minecraft:andesite":10,"minecraft:beef":25},"minecraft:mined":{"minecraft:spruce_planks":3,"minecraft:shulker_box":7,"minecraft:spruce_trapdoor":1,"minecraft:lever":1,"minecraft:granite":18,"minecraft:grass_block":15,"minecraft:spruce_leaves":4,"minecraft:composter":2,"minecraft:large_fern":1,"minecraft:furnace":1,"minecraft:iron_ore":8,"minecraft:andesite":10,"minecraft:bell":1,"minecraft:bookshelf":6,"minecraft:deepslate_iron_ore":3,"minecraft:dirt_path":7,"minecraft:stone":416,"minecraft:spruce_slab":5,"minecraft:smithing_table":2,"minecraft:dandelion":2,"minecraft:crafting_table":1,"minecraft:torch":1,"minecraft:chest":2,"minecraft:lectern":14,"minecraft:campfire":4,"minecraft:spruce_wall_sign":1,"minecraft:tall_grass":51,"minecraft:copper_ore":6,"minecraft:cobblestone":8,"minecraft:grindstone":4,"minecraft:sugar_cane":1,"minecraft:diorite":37,"minecraft:blue_bed":1,"minecraft:wall_torch":3,"minecraft:purple_bed":6,"minecraft:spruce_log":2,"biomesoplenty:maple_leaves":2,"minecraft:grass":55,"minecraft:oak_log":15,"minecraft:coal_ore":9,"minecraft:gravel":1,"minecraft:dirt":233,"biomesoplenty:stringy_cobweb":1,"minecraft:infested_stone":5,"minecraft:deepslate":22,"minecraft:fern":1},"minecraft:crafted":{"minecraft:oak_planks":60,"minecraft:furnace":1,"minecraft:bookshelf":1,"minecraft:iron_axe":1,"minecraft:spruce_slab":12,"minecraft:red_dye":2,"minecraft:crafting_table":2,"minecraft:spruce_planks":40,"minecraft:stone_axe":1,"minecraft:air":0,"minecraft:lectern":1,"minecraft:shield":1,"minecraft:stick":8,"minecraft:iron_ingot":8,"minecraft:iron_pickaxe":1,"minecraft:iron_leggings":1}},"DataVersion":3465}