{"stats":{"minecraft:custom":{"minecraft:time_since_rest":370,"minecraft:damage_taken":18675,"minecraft:interact_with_furnace":5,"minecraft:sprint_one_cm":345006,"minecraft:damage_absorbed":201,"minecraft:walk_one_cm":284674,"minecraft:mob_kills":18,"minecraft:drop":7,"minecraft:damage_dealt":8575,"minecraft:interact_with_crafting_table":5,"minecraft:fly_one_cm":202183,"minecraft:player_kills":1,"minecraft:open_chest":27,"minecraft:play_time":83206,"minecraft:crouch_one_cm":3754,"minecraft:deaths":31,"minecraft:sneak_time":2000,"minecraft:jump":868,"minecraft:leave_game":3,"minecraft:time_since_death":0,"minecraft:total_world_time":83206,"minecraft:damage_resisted":138,"minecraft:fall_one_cm":17173},"minecraft:killed":{"minecraft:skeleton":4,"minecraft:zombie":5,"doppelgangermod:dp_creeper_mutation":1,"scp:dullernuevo":2,"scp:sabueso_2":2,"scp:red_entitynueva":2},"minecraft:used":{"scp:carton_artificial":3,"scp:bate_hammer":194,"scp:carnede_sabueso":1,"scp:estimulante":8,"minecraft:torch":2,"scp:pastillas":2,"scp:picodecarton":5,"scp:botiquin":1,"minecraft:furnace":1,"scp:vendas":12,"scp:carnede_sabueso_cocinada":1},"minecraft:dropped":{"scp:carnede_sabueso_cocinada":1,"scp:sangredesmiler":2,"scp:picodecarton":1,"scp:bate_hammer":1,"scp:vendas":3},"minecraft:mined":{"minecraft:furnace":1,"scp:carton_artificial":4,"minecraft:wall_torch":3},"minecraft:picked_up":{"minecraft:torch":2,"scp:carnede_sabueso_cocinada":1,"scp:sangredesmiler":2,"minecraft:potato":1,"pointblank:gunmetal_nugget":21,"scp:picodecarton":1,"scp:bate_hammer":1,"minecraft:arrow":3,"minecraft:bone":5,"the_silence:flashlightoff":1,"minecraft:rotten_flesh":3,"scp:carnede_sabueso":3,"scp:estimulante":1,"scp:carton_artificial":9,"minecraft:furnace":1},"minecraft:crafted":{"scp:picodecarton":1,"scp:carnede_sabueso_cocinada":1},"minecraft:killed_by":{"doppelgangermod:dp_creeper":2,"scp:walkingheads_amigo":13,"midnightlurker:midnight_lurker_aggressive":2,"minecraft:player":6,"scp:cientifico":1,"minecraft:skeleton":2,"grue_remake:grue":2,"minecraft:zombie":1,"scp:red_entitynueva":1}},"DataVersion":3465}