{"stats":{"minecraft:killed":{"minecraft:cave_spider":11,"minecraft:spider":8,"minecraft:skeleton":26,"minecraft:silverfish":10,"alexsmobs:centipede_head":1,"minecraft:piglin":2,"minecraft:pig":37,"minecraft:zombie_villager":2,"minecraft:iron_golem":2,"minecraft:creeper":3,"alexsmobs:crimson_mosquito":16,"minecraft:zombie":26,"minecraft:cow":46,"minecraft:phantom":2,"minecraft:hoglin":2,"minecraft:wither_skeleton":1,"minecraft:villager":1},"minecraft:dropped":{"minecraft:soul_sand":20,"minecraft:porkchop":74,"minecraft:diamond_axe":1,"minecraft:ender_pearl":4,"minecraft:diamond":3,"minecraft:leather":56,"minecraft:rail":3,"minecraft:carrot_on_a_stick":1,"minecraft:dirt":418,"jdcoin:tarjeta_de_credito":3,"minecraft:crimson_roots":4,"minecraft:sand":19,"minecraft:dark_oak_planks":6,"minecraft:gold_ingot":63,"minecraft:bone":9,"minecraft:gravel":35,"alexsmobs:centipede_leg":2,"minecraft:compass":1,"minecraft:blackstone":58,"minecraft:cobbled_deepslate":40,"minecraft:nether_brick":11,"minecraft:obsidian":5,"minecraft:pointed_dripstone":2,"minecraft:rotten_flesh":6,"minecraft:grindstone":4,"minecraft:oak_planks":1,"minecraft:carrot":45,"alexsmobs:blood_sac":14,"minecraft:arrow":14,"minecraft:beef":25,"minecraft:crying_obsidian":1,"minecraft:quartz":35,"minecraft:netherrack":17,"minecraft:enchanted_book":5,"minecraft:iron_ingot":33,"minecraft:golden_helmet":1,"minecraft:smithing_table":2,"minecraft:dripstone_block":9,"minecraft:diamond_leggings":1,"biomesoplenty:chiseled_brimstone_bricks":1,"minecraft:iron_helmet":1,"minecraft:cobblestone":645,"minecraft:spectral_arrow":47,"minecraft:amethyst_block":29,"minecraft:granite":39,"minecraft:spruce_stairs":5,"minecraft:coal":1,"minecraft:golden_apple":5,"minecraft:diorite":62,"minecraft:diamond_helmet":1,"minecraft:fire_charge":3,"minecraft:potion":1,"minecraft:iron_leggings":2,"tacz:modern_kinetic_gun":6,"minecraft:iron_axe":1,"minecraft:iron_shovel":1,"minecraft:paper":2,"minecraft:string":12,"jdcoin:jd_coin":2047,"minecraft:dandelion":2,"minecraft:raw_copper":14,"minecraft:tuff":2,"alexsmobs:pigshoes":2,"minecraft:composter":2,"minecraft:raw_iron":12,"minecraft:iron_boots":1,"minecraft:name_tag":2,"minecraft:flint_and_steel":1,"minecraft:filled_map":1,"minecraft:diamond_sword":1,"minecraft:shield":1,"minecraft:diamond_chestplate":1,"alexsmobs:cockroach_wing_fragment":1,"minecraft:spruce_planks":30,"minecraft:iron_chestplate":1,"minecraft:diamond_pickaxe":1,"minecraft:andesite":22,"minecraft:diamond_boots":2,"minecraft:sandstone":39,"minecraft:bow":1,"minecraft:raw_gold":2},"minecraft:picked_up":{"minecraft:smithing_table":3,"framedblocks:framed_door":1,"minecraft:lead":4,"minecraft:potion":1,"minecraft:enchanted_book":8,"minecraft:nether_brick":16,"minecraft:amethyst_block":29,"minecraft:string":43,"minecraft:raw_copper":27,"minecraft:iron_leggings":1,"biomesoplenty:brimstone":1,"alexsmobs:blood_sac":14,"minecraft:diamond_leggings":1,"minecraft:cobbled_deepslate":77,"minecraft:spruce_planks":30,"minecraft:iron_pickaxe":1,"minecraft:furnace":1,"minecraft:golden_helmet":1,"minecraft:stick":1,"minecraft:composter":2,"minecraft:oak_fence":1,"minecraft:torch":75,"minecraft:spruce_stairs":5,"minecraft:porkchop":81,"minecraft:pointed_dripstone":4,"minecraft:diorite":62,"jdcoin:vip":1,"alexsmobs:centipede_leg":2,"minecraft:stone_sword":1,"minecraft:rotten_flesh":27,"alexsmobs:emu_egg":4,"minecraft:obsidian":9,"minecraft:cobblestone":751,"minecraft:magma_block":1,"minecraft:feather":4,"minecraft:warped_fungus_on_a_stick":1,"minecraft:andesite":25,"biomesoplenty:fir_log":1,"minecraft:tuff":2,"minecraft:dirt":517,"minecraft:bone":24,"minecraft:bow":2,"minecraft:wheat_seeds":13,"minecraft:raw_gold":85,"minecraft:bell":1,"minecraft:grindstone":4,"minecraft:diamond_helmet":1,"jdcoin:jd_coin":1299,"minecraft:oak_planks":13,"minecraft:strider_spawn_egg":1,"minecraft:sand":19,"minecraft:spectral_arrow":47,"minecraft:shulker_box":13,"minecraft:diamond":53,"minecraft:lever":3,"minecraft:granite":42,"minecraft:golden_apple":1,"minecraft:spruce_sign":1,"minecraft:netherrack":25,"minecraft:crimson_roots":4,"minecraft:charcoal":8,"minecraft:crafting_table":2,"jdcoin:tarjeta_de_credito":4,"minecraft:shield":1,"alexsmobs:pigshoes":2,"minecraft:iron_axe":1,"minecraft:flint_and_steel":1,"tacz:ammo":180,"minecraft:iron_shovel":1,"minecraft:blackstone":58,"framedblocks:framed_cube":1,"minecraft:beef":89,"minecraft:poppy":3,"minecraft:chest":2,"minecraft:spruce_slab":5,"minecraft:lectern":14,"minecraft:sugar_cane":2,"minecraft:spruce_trapdoor":1,"minecraft:egg":1,"minecraft:raw_iron":94,"minecraft:sandstone":40,"minecraft:stone":2,"biomesoplenty:chiseled_brimstone_bricks":1,"sophisticatedbackpacks:backpack":1,"minecraft:fire_charge":3,"minecraft:carrot":3,"minecraft:redstone":63,"minecraft:dark_oak_planks":6,"minecraft:diamond_chestplate":1,"minecraft:arrow":33,"minecraft:nether_bricks":4,"minecraft:diamond_boots":2,"minecraft:saddle":2,"minecraft:gold_ingot":4,"securitycraft:keypad_door_item":3,"minecraft:rail":3,"minecraft:leather":56,"minecraft:carrot_on_a_stick":1,"minecraft:oak_log":15,"minecraft:blue_bed":1,"minecraft:paper":3,"alexsmobs:cockroach_wing_fragment":1,"minecraft:iron_ingot":11,"minecraft:soul_sand":25,"cfm:stripped_oak_chair":1,"minecraft:book":18,"minecraft:quartz":35,"minecraft:dandelion":2,"minecraft:dripstone_block":18,"minecraft:gravel":42,"minecraft:spruce_log":2,"minecraft:crying_obsidian":1,"minecraft:spider_eye":3,"minecraft:purple_bed":10,"minecraft:polished_diorite":1,"tacz:modern_kinetic_gun":8,"minecraft:coal":14,"minecraft:ender_pearl":4},"minecraft:used":{"alexsmobs:emu_egg":4,"minecraft:iron_shovel":465,"minecraft:spruce_slab":13,"minecraft:carrot_on_a_stick":1,"minecraft:chest":2,"minecraft:shield":84,"minecraft:stone":2,"minecraft:bell":1,"minecraft:iron_chestplate":1,"minecraft:carrot":220,"minecraft:obsidian":10,"cfm:stripped_oak_chair":1,"minecraft:furnace":2,"minecraft:egg":1,"minecraft:potato":1,"minecraft:diamond_boots":1,"minecraft:warped_fungus_on_a_stick":34,"minecraft:oak_planks":23,"minecraft:sandstone":1,"minecraft:blue_bed":1,"minecraft:diamond_axe":187,"minecraft:golden_apple":1,"minecraft:dripstone_block":9,"minecraft:lever":2,"minecraft:lectern":15,"minecraft:gravel":7,"minecraft:diamond_sword":22,"minecraft:smithing_table":1,"minecraft:andesite":2,"minecraft:stone_sword":196,"minecraft:flint_and_steel":2,"minecraft:spruce_planks":22,"securitycraft:keypad_door_item":3,"minecraft:netherrack":8,"minecraft:torch":91,"minecraft:dirt":66,"minecraft:shulker_box":13,"minecraft:granite":3,"minecraft:polished_diorite":1,"minecraft:iron_axe":293,"minecraft:cobbled_deepslate":17,"minecraft:water_bucket":17,"framedblocks:framed_cube":1,"minecraft:strider_spawn_egg":1,"minecraft:crafting_table":6,"minecraft:diamond_pickaxe":662,"minecraft:apple":1,"minecraft:iron_pickaxe":633,"minecraft:stone_axe":129,"minecraft:cobblestone":95,"minecraft:purple_bed":10,"minecraft:bucket":18},"minecraft:broken":{"minecraft:golden_helmet":1,"minecraft:iron_shovel":1,"minecraft:iron_boots":1,"minecraft:stone_axe":1,"minecraft:stone_sword":1,"minecraft:iron_axe":2,"minecraft:iron_pickaxe":2,"minecraft:iron_helmet":1},"minecraft:mined":{"minecraft:dark_oak_planks":2,"minecraft:spruce_planks":10,"cfm:stripped_oak_chair":1,"biomesoplenty:brimstone":1,"minecraft:obsidian":5,"minecraft:spruce_trapdoor":1,"minecraft:granite":46,"minecraft:grass_block":102,"minecraft:polished_diorite":1,"minecraft:composter":2,"minecraft:spawner":3,"minecraft:magma_block":1,"minecraft:iron_ore":37,"minecraft:cobbled_deepslate":1,"minecraft:fire":3,"minecraft:pointed_dripstone":2,"minecraft:dirt_path":7,"minecraft:spruce_slab":5,"minecraft:deepslate_redstone_ore":5,"framedblocks:framed_door":1,"minecraft:crimson_nylium":12,"biomesoplenty:brimstone_fumarole":2,"minecraft:torch":1,"minecraft:chest":2,"framedblocks:framed_cube":1,"minecraft:spruce_wall_sign":1,"minecraft:cobblestone":11,"minecraft:grindstone":4,"minecraft:sugar_cane":1,"minecraft:oak_planks":13,"minecraft:wall_torch":5,"minecraft:amethyst_block":30,"biomesoplenty:maple_leaves":2,"biomesoplenty:fir_log":1,"minecraft:grass":55,"minecraft:oak_log":15,"minecraft:sand":7,"minecraft:dirt":390,"minecraft:netherrack":24,"minecraft:deepslate":60,"minecraft:tuff":2,"minecraft:deepslate_diamond_ore":14,"minecraft:shulker_box":12,"minecraft:glow_lichen":1,"minecraft:lever":2,"minecraft:nether_bricks":4,"minecraft:crimson_roots":3,"minecraft:spruce_leaves":10,"minecraft:sandstone":21,"minecraft:large_fern":1,"minecraft:redstone_ore":9,"minecraft:furnace":1,"minecraft:andesite":27,"minecraft:bell":1,"minecraft:bookshelf":6,"minecraft:deepslate_iron_ore":44,"biomesoplenty:brimstone_bud":1,"minecraft:rail":1,"biomesoplenty:spider_egg":2,"minecraft:stone":738,"minecraft:smithing_table":2,"minecraft:dandelion":2,"minecraft:crafting_table":2,"minecraft:lectern":14,"minecraft:campfire":4,"minecraft:tall_grass":51,"minecraft:copper_ore":7,"minecraft:deepslate_gold_ore":23,"minecraft:diorite":60,"minecraft:blue_bed":1,"minecraft:spruce_stairs":4,"minecraft:purple_bed":10,"minecraft:spruce_log":2,"minecraft:coal_ore":9,"minecraft:gravel":10,"minecraft:dripstone_block":2,"biomesoplenty:stringy_cobweb":2,"minecraft:cobweb":22,"minecraft:gold_ore":1,"minecraft:infested_stone":5,"minecraft:fern":1},"minecraft:custom":{"minecraft:interact_with_crafting_table":27,"minecraft:open_shulker_box":40,"minecraft:bell_ring":10,"minecraft:leave_game":9,"minecraft:time_since_death":925,"minecraft:sprint_one_cm":1151058,"minecraft:damage_blocked_by_shield":1963,"minecraft:drop":811,"minecraft:talked_to_villager":31,"minecraft:play_time":496899,"minecraft:deaths":33,"minecraft:jump":5376,"minecraft:walk_on_water_one_cm":78859,"minecraft:interact_with_furnace":11,"minecraft:sleep_in_bed":7,"minecraft:damage_dealt":27673,"minecraft:crouch_one_cm":13683,"minecraft:interact_with_smithing_table":1,"minecraft:mob_kills":198,"minecraft:interact_with_anvil":17,"minecraft:climb_one_cm":450,"minecraft:walk_one_cm":1106700,"minecraft:damage_dealt_absorbed":80,"minecraft:strider_one_cm":267479,"minecraft:sneak_time":7462,"minecraft:walk_under_water_one_cm":25798,"minecraft:boat_one_cm":85445,"minecraft:total_world_time":496899,"minecraft:time_since_rest":1261,"minecraft:damage_taken":10567,"minecraft:damage_absorbed":28,"minecraft:swim_one_cm":85019,"minecraft:fly_one_cm":818721,"minecraft:open_chest":81,"minecraft:fall_one_cm":140185},"minecraft:killed_by":{"minecraft:creeper":2,"alexsmobs:crocodile":1,"minecraft:blaze":1,"minecraft:zombie":2,"minecraft:player":11,"alexsmobs:rocky_roller":1,"minecraft:enderman":1,"minecraft:warden":1,"alexsmobs:crimson_mosquito":1},"minecraft:crafted":{"minecraft:oak_planks":60,"minecraft:bookshelf":1,"minecraft:diamond_helmet":1,"minecraft:diamond_leggings":1,"minecraft:diamond_axe":2,"minecraft:crafting_table":4,"minecraft:spruce_planks":40,"biomesoplenty:fir_planks":4,"minecraft:lectern":1,"minecraft:diamond_pickaxe":2,"minecraft:shield":1,"minecraft:stick":20,"minecraft:iron_ingot":8,"minecraft:iron_pickaxe":1,"minecraft:gold_ingot":55,"minecraft:furnace":1,"minecraft:iron_axe":2,"minecraft:spruce_slab":12,"minecraft:diamond_boots":1,"minecraft:red_dye":2,"minecraft:diamond_sword":1,"minecraft:bucket":1,"minecraft:stone_axe":1,"minecraft:air":0,"minecraft:iron_shovel":1,"minecraft:iron_leggings":1,"minecraft:diamond_chestplate":1}},"DataVersion":3465}