{"stats":{"minecraft:broken":{"minecraft:iron_shovel":1,"minecraft:stone_axe":1,"minecraft:stone_sword":1,"minecraft:iron_pickaxe":1},"minecraft:dropped":{"minecraft:porkchop":68,"minecraft:raw_copper":9,"minecraft:smithing_table":1,"minecraft:composter":2,"minecraft:cobblestone":112,"minecraft:rotten_flesh":2,"minecraft:grindstone":4,"minecraft:leather":43,"minecraft:carrot":38,"minecraft:golden_apple":1,"minecraft:dirt":244,"minecraft:beef":25,"jdcoin:jd_coin":8,"minecraft:dandelion":2},"minecraft:used":{"minecraft:stone_sword":196,"minecraft:iron_shovel":238,"minecraft:spruce_slab":13,"minecraft:oak_planks":5,"minecraft:spruce_planks":17,"minecraft:shield":8,"minecraft:blue_bed":1,"minecraft:bell":1,"minecraft:torch":6,"minecraft:dirt":15,"minecraft:obsidian":5,"minecraft:crafting_table":3,"minecraft:carrot":56,"minecraft:shulker_box":8,"minecraft:lever":1,"minecraft:iron_axe":106,"minecraft:iron_pickaxe":268,"minecraft:lectern":15,"minecraft:gravel":1,"minecraft:stone_axe":129,"minecraft:cobblestone":8,"minecraft:purple_bed":6,"minecraft:furnace":2,"minecraft:egg":1,"minecraft:potato":1},"minecraft:killed":{"minecraft:pig":37,"minecraft:iron_golem":2,"minecraft:phantom":2,"minecraft:skeleton":2,"minecraft:zombie":5,"minecraft:villager":1,"minecraft:cow":46},"minecraft:custom":{"minecraft:interact_with_smithing_table":1,"minecraft:interact_with_furnace":5,"minecraft:interact_with_anvil":1,"minecraft:mob_kills":95,"minecraft:interact_with_crafting_table":13,"minecraft:open_shulker_box":9,"minecraft:bell_ring":10,"minecraft:sleep_in_bed":3,"minecraft:leave_game":1,"minecraft:time_since_death":37275,"minecraft:time_since_rest":5603,"minecraft:sprint_one_cm":322363,"minecraft:damage_taken":3168,"minecraft:walk_one_cm":321139,"minecraft:damage_blocked_by_shield":55,"minecraft:drop":128,"minecraft:damage_dealt":13132,"minecraft:talked_to_villager":31,"minecraft:swim_one_cm":18440,"minecraft:fly_one_cm":256016,"minecraft:open_chest":12,"minecraft:crouch_one_cm":3233,"minecraft:play_time":104973,"minecraft:deaths":9,"minecraft:sneak_time":1735,"minecraft:walk_under_water_one_cm":3361,"minecraft:boat_one_cm":13915,"minecraft:jump":1757,"minecraft:walk_on_water_one_cm":18746,"minecraft:total_world_time":104973,"minecraft:fall_one_cm":40696},"minecraft:killed_by":{"minecraft:player":6,"alexsmobs:crocodile":1,"minecraft:creeper":1,"minecraft:enderman":1},"minecraft:picked_up":{"minecraft:charcoal":8,"minecraft:crafting_table":1,"minecraft:leather":43,"minecraft:smithing_table":2,"minecraft:oak_log":15,"minecraft:blue_bed":1,"minecraft:dirt":260,"minecraft:paper":1,"minecraft:raw_copper":17,"minecraft:bone":2,"minecraft:furnace":1,"minecraft:wheat_seeds":13,"minecraft:grindstone":4,"minecraft:bell":1,"minecraft:spruce_planks":2,"minecraft:iron_ingot":6,"minecraft:beef":89,"minecraft:poppy":3,"minecraft:spruce_slab":5,"minecraft:lectern":14,"minecraft:sugar_cane":2,"minecraft:chest":2,"jdcoin:jd_coin":10,"minecraft:spruce_trapdoor":1,"minecraft:egg":1,"minecraft:book":18,"minecraft:stick":1,"minecraft:raw_iron":8,"minecraft:composter":2,"minecraft:torch":66,"minecraft:dandelion":2,"minecraft:gravel":1,"minecraft:porkchop":68,"minecraft:spruce_log":2,"minecraft:shulker_box":8,"minecraft:purple_bed":6,"minecraft:arrow":2,"minecraft:rotten_flesh":4,"minecraft:lever":1,"minecraft:golden_apple":1,"minecraft:spruce_sign":1,"minecraft:coal":13,"minecraft:cobblestone":207},"minecraft:mined":{"minecraft:smithing_table":2,"minecraft:spruce_planks":2,"minecraft:dandelion":2,"minecraft:crafting_table":1,"minecraft:shulker_box":7,"minecraft:spruce_trapdoor":1,"minecraft:grass_block":15,"minecraft:chest":2,"minecraft:lectern":14,"minecraft:campfire":4,"minecraft:sugar_cane":1,"minecraft:spruce_wall_sign":1,"minecraft:tall_grass":51,"minecraft:copper_ore":5,"minecraft:spruce_leaves":4,"minecraft:grindstone":4,"minecraft:composter":2,"minecraft:blue_bed":1,"minecraft:wall_torch":2,"minecraft:large_fern":1,"minecraft:purple_bed":6,"minecraft:furnace":1,"minecraft:iron_ore":8,"minecraft:spruce_log":2,"biomesoplenty:maple_leaves":2,"minecraft:bell":1,"minecraft:grass":55,"minecraft:bookshelf":6,"minecraft:coal_ore":9,"minecraft:oak_log":15,"minecraft:dirt_path":7,"minecraft:gravel":1,"minecraft:dirt":231,"biomesoplenty:stringy_cobweb":1,"minecraft:stone":207,"minecraft:spruce_slab":5,"minecraft:fern":1},"minecraft:crafted":{"minecraft:red_dye":2,"minecraft:oak_planks":60,"minecraft:crafting_table":2,"minecraft:spruce_planks":40,"minecraft:furnace":1,"minecraft:stone_axe":1,"minecraft:bookshelf":1,"minecraft:air":0,"minecraft:lectern":1,"minecraft:shield":1,"minecraft:iron_axe":1,"minecraft:spruce_slab":12,"minecraft:stick":8,"minecraft:iron_ingot":8,"minecraft:iron_pickaxe":1,"minecraft:iron_leggings":1}},"DataVersion":3465}