{"stats":{"minecraft:used":{"minecraft:flint_and_steel":1,"minecraft:stone":64,"minecraft:diamond_axe":9,"minecraft:dirt":1,"minecraft:sand":6,"alexsmobs:centipede_leggings":1},"minecraft:dropped":{"minecraft:wheat_seeds":42,"alexsmobs:animal_dictionary":1,"minecraft:cocoa_beans":6,"biomesoplenty:orange_cosmos":1,"minecraft:stick":1,"minecraft:poppy":1,"minecraft:rose_bush":1,"minecraft:azalea":1,"minecraft:sand":1,"minecraft:string":2},"minecraft:killed_by":{"slasher:slasher":2,"minecraft:zombie":2},"minecraft:custom":{"minecraft:mob_kills":2,"minecraft:damage_dealt_resisted":22,"minecraft:leave_game":2,"minecraft:time_since_death":0,"minecraft:sleep_in_bed":1,"minecraft:climb_one_cm":4574,"minecraft:time_since_rest":14033,"minecraft:sprint_one_cm":58086,"minecraft:damage_taken":1865,"minecraft:walk_one_cm":32696,"minecraft:drop":57,"minecraft:damage_dealt":468,"minecraft:swim_one_cm":52714,"minecraft:fly_one_cm":150249,"minecraft:open_chest":2,"minecraft:crouch_one_cm":270,"minecraft:play_time":51338,"minecraft:deaths":7,"minecraft:sneak_time":429,"minecraft:walk_under_water_one_cm":37746,"minecraft:jump":751,"minecraft:walk_on_water_one_cm":31795,"minecraft:total_world_time":51338,"minecraft:fall_one_cm":29731},"minecraft:killed":{"slasher:slasher":1,"minecraft:spider":1},"minecraft:picked_up":{"minecraft:cocoa_beans":6,"minecraft:iron_chestplate":1,"minecraft:crafting_table":2,"minecraft:feather":6,"minecraft:water_bucket":1,"radiation_zone:decay_charge":1,"minecraft:potato":64,"minecraft:shield":1,"minecraft:dirt":1,"minecraft:string":2,"minecraft:white_banner":1,"minecraft:flint_and_steel":1,"minecraft:iron_leggings":1,"minecraft:cooked_mutton":64,"minecraft:armor_stand":1,"minecraft:wheat_seeds":170,"minecraft:bow":1,"alexsmobs:emu_feather":2,"minecraft:diamond_leggings":1,"minecraft:rose_bush":1,"minecraft:azalea":1,"minecraft:poppy":1,"minecraft:iron_pickaxe":1,"minecraft:diamond_helmet":1,"minecraft:chest":4,"minecraft:iron_boots":1,"minecraft:furnace":3,"minecraft:stick":1,"minecraft:stone":64,"alexsmobs:sombrero":1,"minecraft:sand":7,"minecraft:carrot":93,"minecraft:redstone":64,"kiwis_brine:brine_rod":2,"alexsmobs:centipede_leggings":1,"minecraft:stone_sword":1,"minecraft:diamond_chestplate":1,"radiation_zone:decay_hand_cannon":1,"minecraft:diamond":2,"minecraft:diamond_boots":1,"minecraft:diamond_axe":1,"kiwis_brine:dagger":1,"minecraft:emerald":2,"biomesoplenty:orange_cosmos":1,"minecraft:diamond_pickaxe":1},"minecraft:mined":{"minecraft:grass_block":1,"minecraft:rose_bush":1,"minecraft:dead_bush":1,"minecraft:fire":7,"minecraft:grass":6,"minecraft:cocoa":1,"minecraft:sand":8,"minecraft:azalea_leaves":2,"minecraft:oak_leaves":1}},"DataVersion":3465}