{"stats":{"minecraft:custom":{"minecraft:time_since_rest":369,"minecraft:damage_absorbed":121,"minecraft:interact_with_furnace":4,"minecraft:sprint_one_cm":212483,"minecraft:walk_one_cm":208962,"minecraft:damage_taken":16090,"minecraft:mob_kills":14,"minecraft:drop":3,"minecraft:damage_dealt":5855,"minecraft:interact_with_crafting_table":1,"minecraft:fly_one_cm":105835,"minecraft:player_kills":1,"minecraft:open_chest":17,"minecraft:play_time":55889,"minecraft:crouch_one_cm":3383,"minecraft:deaths":23,"minecraft:sneak_time":1532,"minecraft:jump":463,"minecraft:leave_game":3,"minecraft:time_since_death":341,"minecraft:total_world_time":55889,"minecraft:damage_resisted":36,"minecraft:fall_one_cm":11074},"minecraft:killed":{"minecraft:skeleton":3,"minecraft:zombie":4,"doppelgangermod:dp_creeper_mutation":1,"scp:dullernuevo":2,"scp:sabueso_2":2},"minecraft:used":{"scp:bate_hammer":131,"scp:carnede_sabueso":1,"scp:estimulante":6,"minecraft:torch":2,"scp:botiquin":1,"scp:vendas":5,"scp:carnede_sabueso_cocinada":1},"minecraft:dropped":{"scp:carnede_sabueso_cocinada":1,"scp:sangredesmiler":2,"scp:bate_hammer":1},"minecraft:mined":{"minecraft:wall_torch":3},"minecraft:picked_up":{"minecraft:torch":2,"scp:carnede_sabueso_cocinada":1,"scp:sangredesmiler":2,"minecraft:potato":1,"pointblank:gunmetal_nugget":16,"scp:bate_hammer":1,"minecraft:bone":4,"minecraft:arrow":2,"the_silence:flashlightoff":1,"minecraft:rotten_flesh":2,"scp:carnede_sabueso":3,"scp:estimulante":1},"minecraft:crafted":{"scp:carnede_sabueso_cocinada":1},"minecraft:killed_by":{"doppelgangermod:dp_creeper":2,"scp:walkingheads_amigo":12,"minecraft:player":3,"scp:cientifico":1,"minecraft:skeleton":1,"grue_remake:grue":2,"minecraft:zombie":1}},"DataVersion":3465}