{"stats":{"minecraft:killed_by":{"doppelgangermod:dp_creeper":1,"scp:walkingheads_amigo":8,"minecraft:player":3,"scp:cientifico":1,"grue_remake:grue":1,"minecraft:skeleton":1},"minecraft:crafted":{"scp:carnede_sabueso_cocinada":1},"minecraft:dropped":{"scp:carnede_sabueso_cocinada":1,"scp:sangredesmiler":2,"scp:bate_hammer":1},"minecraft:custom":{"minecraft:time_since_rest":14987,"minecraft:interact_with_furnace":4,"minecraft:sprint_one_cm":135892,"minecraft:damage_taken":9585,"minecraft:walk_one_cm":157706,"minecraft:mob_kills":9,"minecraft:drop":3,"minecraft:damage_dealt":4556,"minecraft:interact_with_crafting_table":1,"minecraft:fly_one_cm":53451,"minecraft:open_chest":10,"minecraft:crouch_one_cm":2579,"minecraft:play_time":37260,"minecraft:deaths":15,"minecraft:sneak_time":1318,"minecraft:jump":259,"minecraft:leave_game":2,"minecraft:time_since_death":14961,"minecraft:damage_resisted":36,"minecraft:total_world_time":37260,"minecraft:fall_one_cm":7265},"minecraft:picked_up":{"minecraft:torch":2,"scp:sangredesmiler":2,"scp:carnede_sabueso_cocinada":1,"minecraft:potato":1,"pointblank:gunmetal_nugget":7,"scp:bate_hammer":1,"the_silence:flashlightoff":1,"minecraft:bone":2,"minecraft:arrow":1,"minecraft:rotten_flesh":1,"scp:carnede_sabueso":2,"scp:estimulante":1},"minecraft:mined":{"minecraft:wall_torch":3},"minecraft:killed":{"minecraft:skeleton":2,"minecraft:zombie":1,"doppelgangermod:dp_creeper_mutation":1,"scp:dullernuevo":2,"scp:sabueso_2":1},"minecraft:used":{"scp:bate_hammer":101,"scp:carnede_sabueso":1,"scp:estimulante":6,"minecraft:torch":2,"scp:vendas":2,"scp:carnede_sabueso_cocinada":1}},"DataVersion":3465}