{"stats":{"minecraft:dropped":{"minecraft:golden_apple":1},"minecraft:used":{"minecraft:stone_axe":18,"minecraft:iron_pickaxe":12,"minecraft:shulker_box":1},"minecraft:custom":{"minecraft:time_since_rest":3150,"minecraft:crouch_one_cm":594,"minecraft:play_time":12088,"minecraft:sprint_one_cm":41389,"minecraft:open_shulker_box":1,"minecraft:walk_one_cm":33629,"minecraft:damage_taken":1382,"minecraft:deaths":5,"minecraft:sneak_time":398,"minecraft:walk_under_water_one_cm":964,"minecraft:interact_with_anvil":1,"minecraft:drop":1,"minecraft:jump":158,"minecraft:damage_dealt":77,"minecraft:walk_on_water_one_cm":7588,"minecraft:time_since_death":3126,"minecraft:total_world_time":12088,"minecraft:swim_one_cm":4572,"minecraft:fall_one_cm":2304,"minecraft:fly_one_cm":23768},"minecraft:picked_up":{"minecraft:golden_apple":1,"minecraft:oak_log":15,"minecraft:cobblestone":2,"minecraft:coal":9,"minecraft:shulker_box":2,"minecraft:paper":1},"minecraft:killed_by":{"minecraft:player":5},"minecraft:mined":{"minecraft:coal_ore":9,"minecraft:oak_log":15,"biomesoplenty:stringy_cobweb":1,"minecraft:stone":2,"biomesoplenty:maple_leaves":2,"minecraft:shulker_box":1}},"DataVersion":3465}