{"stats":{"minecraft:custom":{"minecraft:time_since_rest":1084,"minecraft:damage_taken":17972,"minecraft:interact_with_furnace":4,"minecraft:sprint_one_cm":288669,"minecraft:damage_absorbed":121,"minecraft:walk_one_cm":265296,"minecraft:mob_kills":17,"minecraft:drop":6,"minecraft:damage_dealt":8257,"minecraft:interact_with_crafting_table":3,"minecraft:fly_one_cm":150271,"minecraft:player_kills":1,"minecraft:open_chest":21,"minecraft:play_time":71206,"minecraft:crouch_one_cm":3631,"minecraft:deaths":29,"minecraft:sneak_time":1926,"minecraft:jump":655,"minecraft:leave_game":3,"minecraft:time_since_death":1041,"minecraft:total_world_time":71206,"minecraft:damage_resisted":138,"minecraft:fall_one_cm":12726},"minecraft:killed":{"minecraft:skeleton":3,"minecraft:zombie":5,"doppelgangermod:dp_creeper_mutation":1,"scp:dullernuevo":2,"scp:sabueso_2":2,"scp:red_entitynueva":2},"minecraft:used":{"scp:bate_hammer":186,"scp:carnede_sabueso":1,"scp:estimulante":8,"minecraft:torch":2,"scp:botiquin":1,"scp:vendas":5,"scp:carnede_sabueso_cocinada":1},"minecraft:dropped":{"scp:carnede_sabueso_cocinada":1,"scp:sangredesmiler":2,"scp:bate_hammer":1,"scp:vendas":3},"minecraft:mined":{"minecraft:wall_torch":3},"minecraft:picked_up":{"minecraft:torch":2,"scp:carnede_sabueso_cocinada":1,"scp:sangredesmiler":2,"minecraft:potato":1,"pointblank:gunmetal_nugget":21,"scp:bate_hammer":1,"minecraft:arrow":2,"minecraft:bone":4,"the_silence:flashlightoff":1,"minecraft:rotten_flesh":3,"scp:carnede_sabueso":3,"scp:estimulante":1,"scp:carton_artificial":4},"minecraft:crafted":{"scp:carnede_sabueso_cocinada":1},"minecraft:killed_by":{"doppelgangermod:dp_creeper":2,"scp:walkingheads_amigo":13,"midnightlurker:midnight_lurker_aggressive":2,"minecraft:player":4,"scp:cientifico":1,"minecraft:skeleton":2,"grue_remake:grue":2,"minecraft:zombie":1,"scp:red_entitynueva":1}},"DataVersion":3465}