{"stats":{"minecraft:broken":{"minecraft:iron_shovel":1,"minecraft:stone_sword":1,"minecraft:iron_boots":1,"minecraft:iron_axe":1,"minecraft:stone_axe":1,"minecraft:iron_pickaxe":2,"minecraft:iron_helmet":1},"minecraft:picked_up":{"minecraft:charcoal":8,"minecraft:crafting_table":2,"minecraft:smithing_table":2,"minecraft:raw_copper":22,"minecraft:iron_axe":1,"minecraft:flint_and_steel":1,"tacz:ammo":180,"minecraft:cobbled_deepslate":29,"minecraft:spruce_planks":30,"minecraft:beef":89,"minecraft:spruce_slab":5,"minecraft:poppy":3,"minecraft:iron_pickaxe":1,"minecraft:lectern":14,"minecraft:sugar_cane":2,"minecraft:chest":2,"minecraft:spruce_trapdoor":1,"minecraft:furnace":1,"minecraft:egg":1,"minecraft:stick":1,"minecraft:raw_iron":11,"minecraft:sandstone":40,"minecraft:composter":2,"minecraft:torch":71,"minecraft:spruce_stairs":5,"biomesoplenty:chiseled_brimstone_bricks":1,"sophisticatedbackpacks:backpack":1,"minecraft:porkchop":68,"minecraft:pointed_dripstone":2,"minecraft:diorite":41,"minecraft:dark_oak_planks":6,"minecraft:arrow":7,"minecraft:rotten_flesh":13,"minecraft:rail":1,"minecraft:cobblestone":450,"minecraft:andesite":10,"minecraft:leather":43,"biomesoplenty:fir_log":1,"minecraft:oak_log":15,"minecraft:paper":3,"minecraft:dirt":275,"minecraft:blue_bed":1,"minecraft:bone":9,"minecraft:bow":2,"minecraft:wheat_seeds":13,"minecraft:grindstone":4,"minecraft:bell":1,"minecraft:iron_ingot":7,"minecraft:oak_planks":3,"jdcoin:jd_coin":394,"minecraft:book":18,"minecraft:dandelion":2,"minecraft:dripstone_block":16,"minecraft:gravel":2,"minecraft:sand":19,"minecraft:spruce_log":2,"minecraft:shulker_box":10,"minecraft:purple_bed":6,"minecraft:diamond":1,"tacz:modern_kinetic_gun":8,"minecraft:lever":3,"minecraft:granite":21,"minecraft:golden_apple":1,"minecraft:spruce_sign":1,"minecraft:coal":14},"minecraft:mined":{"minecraft:dark_oak_planks":2,"minecraft:spruce_planks":10,"minecraft:deepslate_diamond_ore":1,"minecraft:shulker_box":9,"minecraft:spruce_trapdoor":1,"minecraft:lever":2,"minecraft:granite":21,"minecraft:grass_block":15,"minecraft:spruce_leaves":10,"minecraft:composter":2,"minecraft:sandstone":21,"minecraft:large_fern":1,"minecraft:furnace":1,"minecraft:iron_ore":8,"minecraft:andesite":10,"minecraft:bell":1,"minecraft:bookshelf":6,"minecraft:deepslate_iron_ore":3,"minecraft:dirt_path":7,"minecraft:rail":1,"minecraft:stone":428,"minecraft:spruce_slab":5,"minecraft:smithing_table":2,"minecraft:dandelion":2,"minecraft:crafting_table":2,"minecraft:torch":1,"minecraft:chest":2,"minecraft:lectern":14,"minecraft:campfire":4,"minecraft:spruce_wall_sign":1,"minecraft:tall_grass":51,"minecraft:copper_ore":6,"minecraft:cobblestone":10,"minecraft:grindstone":4,"minecraft:oak_planks":2,"minecraft:sugar_cane":1,"minecraft:diorite":39,"minecraft:wall_torch":4,"minecraft:blue_bed":1,"minecraft:spruce_stairs":4,"minecraft:purple_bed":6,"minecraft:spruce_log":2,"biomesoplenty:maple_leaves":2,"biomesoplenty:fir_log":1,"minecraft:grass":55,"minecraft:oak_log":15,"minecraft:coal_ore":9,"minecraft:gravel":2,"minecraft:sand":7,"minecraft:dirt":235,"biomesoplenty:stringy_cobweb":1,"minecraft:deepslate":22,"minecraft:infested_stone":5,"minecraft:fern":1},"minecraft:killed_by":{"minecraft:player":8,"alexsmobs:rocky_roller":1,"minecraft:creeper":2,"minecraft:enderman":1,"alexsmobs:crocodile":1,"minecraft:zombie":1},"minecraft:used":{"minecraft:stone_sword":196,"minecraft:iron_shovel":239,"minecraft:spruce_slab":13,"minecraft:chest":2,"minecraft:spruce_planks":22,"minecraft:shield":54,"minecraft:bell":1,"minecraft:iron_chestplate":1,"minecraft:torch":39,"minecraft:dirt":15,"minecraft:carrot":105,"minecraft:shulker_box":9,"minecraft:granite":3,"minecraft:obsidian":7,"minecraft:iron_axe":222,"minecraft:furnace":2,"minecraft:egg":1,"minecraft:potato":1,"minecraft:water_bucket":17,"minecraft:oak_planks":19,"minecraft:sandstone":1,"minecraft:blue_bed":1,"minecraft:golden_apple":1,"minecraft:crafting_table":5,"minecraft:dripstone_block":7,"minecraft:lever":2,"minecraft:apple":1,"minecraft:iron_pickaxe":633,"minecraft:lectern":15,"minecraft:gravel":1,"minecraft:stone_axe":129,"minecraft:purple_bed":6,"minecraft:cobblestone":77,"minecraft:bucket":18},"minecraft:crafted":{"minecraft:oak_planks":60,"minecraft:furnace":1,"minecraft:bookshelf":1,"minecraft:iron_axe":2,"minecraft:spruce_slab":12,"minecraft:red_dye":2,"minecraft:crafting_table":3,"minecraft:spruce_planks":40,"minecraft:bucket":1,"minecraft:stone_axe":1,"minecraft:air":0,"biomesoplenty:fir_planks":4,"minecraft:lectern":1,"minecraft:shield":1,"minecraft:stick":12,"minecraft:iron_ingot":8,"minecraft:iron_pickaxe":1,"minecraft:iron_shovel":1,"minecraft:iron_leggings":1},"minecraft:killed":{"minecraft:spider":2,"minecraft:phantom":2,"minecraft:skeleton":9,"minecraft:silverfish":10,"minecraft:pig":37,"minecraft:iron_golem":2,"minecraft:creeper":2,"minecraft:zombie":15,"minecraft:villager":1,"minecraft:cow":46},"minecraft:custom":{"minecraft:interact_with_smithing_table":1,"minecraft:interact_with_anvil":3,"minecraft:mob_kills":127,"minecraft:interact_with_crafting_table":17,"minecraft:open_shulker_box":23,"minecraft:bell_ring":10,"minecraft:leave_game":4,"minecraft:time_since_death":17831,"minecraft:sprint_one_cm":629076,"minecraft:walk_one_cm":594950,"minecraft:damage_blocked_by_shield":1043,"minecraft:drop":531,"minecraft:talked_to_villager":31,"minecraft:play_time":234097,"minecraft:sneak_time":3068,"minecraft:deaths":23,"minecraft:walk_under_water_one_cm":17042,"minecraft:boat_one_cm":85445,"minecraft:jump":3040,"minecraft:walk_on_water_one_cm":56535,"minecraft:total_world_time":234097,"minecraft:interact_with_furnace":5,"minecraft:sleep_in_bed":6,"minecraft:time_since_rest":17856,"minecraft:damage_taken":6133,"minecraft:damage_absorbed":28,"minecraft:damage_dealt":17160,"minecraft:swim_one_cm":74297,"minecraft:fly_one_cm":492110,"minecraft:open_chest":42,"minecraft:crouch_one_cm":5426,"minecraft:fall_one_cm":75969},"minecraft:dropped":{"minecraft:iron_ingot":1,"minecraft:porkchop":68,"minecraft:smithing_table":1,"minecraft:dripstone_block":9,"minecraft:cobblestone":263,"biomesoplenty:chiseled_brimstone_bricks":1,"minecraft:leather":43,"minecraft:granite":18,"minecraft:spruce_stairs":5,"minecraft:golden_apple":1,"minecraft:dirt":257,"minecraft:diorite":41,"tacz:modern_kinetic_gun":4,"minecraft:sand":19,"minecraft:iron_axe":1,"minecraft:paper":2,"minecraft:string":12,"minecraft:dark_oak_planks":6,"jdcoin:jd_coin":200,"minecraft:dandelion":2,"minecraft:bone":6,"minecraft:gravel":1,"minecraft:cobbled_deepslate":22,"minecraft:raw_copper":9,"minecraft:composter":2,"minecraft:raw_iron":3,"minecraft:pointed_dripstone":2,"minecraft:rotten_flesh":2,"minecraft:grindstone":4,"minecraft:carrot":38,"minecraft:flint_and_steel":1,"minecraft:filled_map":1,"minecraft:spruce_planks":30,"minecraft:andesite":10,"minecraft:sandstone":39,"minecraft:arrow":1,"minecraft:bow":1,"minecraft:beef":25}},"DataVersion":3465}