{"stats":{"minecraft:broken":{"minecraft:iron_shovel":1,"minecraft:stone_axe":1,"minecraft:stone_sword":1,"minecraft:iron_pickaxe":1},"minecraft:dropped":{"minecraft:porkchop":68,"minecraft:raw_copper":9,"minecraft:cobblestone":112,"minecraft:leather":43,"minecraft:carrot":38,"minecraft:golden_apple":1,"minecraft:dirt":146,"minecraft:beef":25,"jdcoin:jd_coin":8,"minecraft:dandelion":2},"minecraft:used":{"minecraft:stone_sword":196,"minecraft:iron_shovel":238,"minecraft:spruce_slab":3,"minecraft:oak_planks":5,"minecraft:spruce_planks":8,"minecraft:shield":8,"minecraft:bell":1,"minecraft:torch":6,"minecraft:dirt":9,"minecraft:crafting_table":2,"minecraft:carrot":46,"minecraft:shulker_box":4,"minecraft:lever":1,"minecraft:iron_axe":53,"minecraft:iron_pickaxe":257,"minecraft:lectern":10,"minecraft:gravel":1,"minecraft:stone_axe":129,"minecraft:cobblestone":8,"minecraft:furnace":1},"minecraft:killed":{"minecraft:pig":37,"minecraft:iron_golem":1,"minecraft:phantom":2,"minecraft:skeleton":2,"minecraft:zombie":4,"minecraft:cow":46},"minecraft:custom":{"minecraft:interact_with_smithing_table":1,"minecraft:interact_with_furnace":2,"minecraft:interact_with_anvil":1,"minecraft:mob_kills":92,"minecraft:interact_with_crafting_table":8,"minecraft:open_shulker_box":5,"minecraft:bell_ring":7,"minecraft:leave_game":1,"minecraft:time_since_death":13275,"minecraft:time_since_rest":13299,"minecraft:sprint_one_cm":261563,"minecraft:damage_taken":3114,"minecraft:walk_one_cm":268878,"minecraft:damage_blocked_by_shield":55,"minecraft:drop":21,"minecraft:damage_dealt":11742,"minecraft:talked_to_villager":9,"minecraft:swim_one_cm":18440,"minecraft:fly_one_cm":234423,"minecraft:open_chest":7,"minecraft:crouch_one_cm":2716,"minecraft:play_time":80973,"minecraft:deaths":9,"minecraft:sneak_time":1484,"minecraft:walk_under_water_one_cm":3361,"minecraft:boat_one_cm":13915,"minecraft:jump":1515,"minecraft:walk_on_water_one_cm":18635,"minecraft:total_world_time":80973,"minecraft:fall_one_cm":35833},"minecraft:killed_by":{"minecraft:player":6,"alexsmobs:crocodile":1,"minecraft:creeper":1,"minecraft:enderman":1},"minecraft:picked_up":{"minecraft:charcoal":6,"minecraft:leather":43,"minecraft:smithing_table":1,"minecraft:oak_log":15,"minecraft:dirt":255,"minecraft:paper":1,"minecraft:raw_copper":17,"minecraft:bone":2,"minecraft:wheat_seeds":13,"minecraft:bell":1,"minecraft:iron_ingot":3,"minecraft:beef":89,"minecraft:poppy":1,"minecraft:spruce_slab":2,"minecraft:lectern":9,"jdcoin:jd_coin":10,"minecraft:book":18,"minecraft:raw_iron":8,"minecraft:torch":66,"minecraft:dandelion":2,"minecraft:gravel":1,"minecraft:porkchop":68,"minecraft:spruce_log":2,"minecraft:shulker_box":5,"minecraft:arrow":2,"minecraft:rotten_flesh":2,"minecraft:lever":1,"minecraft:golden_apple":1,"minecraft:coal":9,"minecraft:cobblestone":205},"minecraft:mined":{"minecraft:smithing_table":1,"minecraft:dandelion":2,"minecraft:shulker_box":4,"minecraft:grass_block":15,"minecraft:lectern":9,"minecraft:campfire":3,"minecraft:tall_grass":51,"minecraft:copper_ore":5,"minecraft:spruce_leaves":1,"minecraft:wall_torch":2,"minecraft:iron_ore":8,"minecraft:spruce_log":2,"biomesoplenty:maple_leaves":2,"minecraft:bell":1,"minecraft:grass":54,"minecraft:bookshelf":6,"minecraft:coal_ore":9,"minecraft:oak_log":15,"minecraft:dirt_path":7,"minecraft:gravel":1,"minecraft:dirt":226,"biomesoplenty:stringy_cobweb":1,"minecraft:stone":205,"minecraft:spruce_slab":2,"minecraft:fern":1},"minecraft:crafted":{"minecraft:oak_planks":60,"minecraft:crafting_table":2,"minecraft:spruce_planks":40,"minecraft:furnace":1,"minecraft:stone_axe":1,"minecraft:bookshelf":1,"minecraft:air":0,"minecraft:lectern":1,"minecraft:shield":1,"minecraft:iron_axe":1,"minecraft:spruce_slab":12,"minecraft:stick":8,"minecraft:iron_ingot":8,"minecraft:iron_pickaxe":1}},"DataVersion":3465}