{"stats":{"minecraft:mined":{"minecraft:dark_oak_planks":2,"minecraft:spruce_planks":10,"minecraft:shulker_box":7,"minecraft:spruce_trapdoor":1,"minecraft:lever":2,"minecraft:granite":18,"minecraft:grass_block":15,"minecraft:spruce_leaves":10,"minecraft:composter":2,"minecraft:sandstone":3,"minecraft:large_fern":1,"minecraft:furnace":1,"minecraft:iron_ore":8,"minecraft:andesite":10,"minecraft:bell":1,"minecraft:bookshelf":6,"minecraft:deepslate_iron_ore":3,"minecraft:dirt_path":7,"minecraft:stone":419,"minecraft:spruce_slab":5,"minecraft:smithing_table":2,"minecraft:dandelion":2,"minecraft:crafting_table":2,"minecraft:torch":1,"minecraft:chest":2,"minecraft:lectern":14,"minecraft:campfire":4,"minecraft:spruce_wall_sign":1,"minecraft:tall_grass":51,"minecraft:copper_ore":6,"minecraft:cobblestone":10,"minecraft:grindstone":4,"minecraft:sugar_cane":1,"minecraft:diorite":39,"minecraft:blue_bed":1,"minecraft:wall_torch":3,"minecraft:spruce_stairs":4,"minecraft:purple_bed":6,"minecraft:spruce_log":2,"biomesoplenty:maple_leaves":2,"biomesoplenty:fir_log":1,"minecraft:grass":55,"minecraft:oak_log":15,"minecraft:coal_ore":9,"minecraft:sand":4,"minecraft:gravel":1,"minecraft:dirt":235,"biomesoplenty:stringy_cobweb":1,"minecraft:infested_stone":5,"minecraft:deepslate":22,"minecraft:fern":1},"minecraft:custom":{"minecraft:interact_with_smithing_table":1,"minecraft:mob_kills":113,"minecraft:interact_with_anvil":3,"minecraft:interact_with_crafting_table":15,"minecraft:open_shulker_box":20,"minecraft:bell_ring":10,"minecraft:leave_game":4,"minecraft:time_since_death":6290,"minecraft:sprint_one_cm":502928,"minecraft:walk_one_cm":524998,"minecraft:damage_blocked_by_shield":450,"minecraft:drop":367,"minecraft:talked_to_villager":31,"minecraft:play_time":201055,"minecraft:deaths":20,"minecraft:sneak_time":2827,"minecraft:walk_under_water_one_cm":7780,"minecraft:boat_one_cm":13915,"minecraft:jump":2503,"minecraft:walk_on_water_one_cm":31130,"minecraft:total_world_time":201055,"minecraft:interact_with_furnace":5,"minecraft:sleep_in_bed":6,"minecraft:time_since_rest":6340,"minecraft:damage_taken":4919,"minecraft:damage_dealt":14600,"minecraft:swim_one_cm":37168,"minecraft:fly_one_cm":409032,"minecraft:open_chest":36,"minecraft:crouch_one_cm":4964,"minecraft:fall_one_cm":61006},"minecraft:killed_by":{"minecraft:player":7,"minecraft:creeper":2,"minecraft:enderman":1,"alexsmobs:crocodile":1,"minecraft:zombie":1},"minecraft:dropped":{"minecraft:porkchop":68,"minecraft:smithing_table":1,"biomesoplenty:chiseled_brimstone_bricks":1,"minecraft:cobblestone":238,"minecraft:leather":43,"minecraft:granite":18,"minecraft:golden_apple":1,"minecraft:dirt":244,"minecraft:diorite":37,"tacz:modern_kinetic_gun":4,"minecraft:iron_axe":1,"minecraft:paper":2,"minecraft:string":12,"jdcoin:jd_coin":200,"minecraft:dandelion":2,"minecraft:cobbled_deepslate":22,"minecraft:raw_copper":9,"minecraft:composter":2,"minecraft:raw_iron":3,"minecraft:rotten_flesh":2,"minecraft:grindstone":4,"minecraft:carrot":38,"minecraft:andesite":10,"minecraft:beef":25},"minecraft:broken":{"minecraft:iron_shovel":1,"minecraft:stone_sword":1,"minecraft:iron_boots":1,"minecraft:iron_axe":1,"minecraft:stone_axe":1,"minecraft:iron_pickaxe":2,"minecraft:iron_helmet":1},"minecraft:killed":{"minecraft:spider":1,"minecraft:phantom":2,"minecraft:skeleton":6,"minecraft:silverfish":10,"minecraft:pig":37,"minecraft:iron_golem":2,"minecraft:creeper":2,"minecraft:zombie":6,"minecraft:villager":1,"minecraft:cow":46},"minecraft:picked_up":{"minecraft:charcoal":8,"minecraft:crafting_table":2,"minecraft:smithing_table":2,"minecraft:raw_copper":22,"minecraft:iron_axe":1,"tacz:ammo":180,"minecraft:cobbled_deepslate":22,"minecraft:spruce_planks":10,"minecraft:beef":89,"minecraft:spruce_slab":5,"minecraft:poppy":3,"minecraft:iron_pickaxe":1,"minecraft:lectern":14,"minecraft:sugar_cane":2,"minecraft:chest":2,"minecraft:spruce_trapdoor":1,"minecraft:egg":1,"minecraft:furnace":1,"minecraft:stick":1,"minecraft:raw_iron":11,"minecraft:sandstone":3,"minecraft:composter":2,"minecraft:torch":68,"minecraft:spruce_stairs":4,"biomesoplenty:chiseled_brimstone_bricks":1,"sophisticatedbackpacks:backpack":1,"minecraft:porkchop":68,"minecraft:pointed_dripstone":1,"minecraft:diorite":39,"minecraft:dark_oak_planks":2,"minecraft:rotten_flesh":5,"minecraft:arrow":4,"minecraft:cobblestone":428,"minecraft:andesite":10,"minecraft:leather":43,"biomesoplenty:fir_log":1,"minecraft:oak_log":15,"minecraft:paper":3,"minecraft:blue_bed":1,"minecraft:dirt":263,"minecraft:bone":5,"minecraft:bow":1,"minecraft:wheat_seeds":13,"minecraft:bell":1,"minecraft:grindstone":4,"minecraft:iron_ingot":6,"jdcoin:jd_coin":394,"minecraft:book":18,"minecraft:dandelion":2,"minecraft:dripstone_block":10,"minecraft:gravel":1,"minecraft:sand":4,"minecraft:spruce_log":2,"minecraft:shulker_box":8,"minecraft:purple_bed":6,"tacz:modern_kinetic_gun":8,"minecraft:lever":3,"minecraft:granite":18,"minecraft:golden_apple":1,"minecraft:spruce_sign":1,"minecraft:coal":13},"minecraft:used":{"minecraft:stone_sword":196,"minecraft:iron_shovel":238,"minecraft:spruce_slab":13,"minecraft:chest":2,"minecraft:spruce_planks":22,"minecraft:shield":28,"minecraft:bell":1,"minecraft:iron_chestplate":1,"minecraft:torch":18,"minecraft:dirt":15,"minecraft:carrot":86,"minecraft:shulker_box":8,"minecraft:obsidian":7,"minecraft:iron_axe":173,"minecraft:furnace":2,"minecraft:egg":1,"minecraft:potato":1,"minecraft:oak_planks":5,"minecraft:blue_bed":1,"minecraft:crafting_table":4,"minecraft:dripstone_block":7,"minecraft:lever":2,"minecraft:apple":1,"minecraft:iron_pickaxe":596,"minecraft:lectern":15,"minecraft:gravel":1,"minecraft:stone_axe":129,"minecraft:cobblestone":67,"minecraft:purple_bed":6},"minecraft:crafted":{"minecraft:oak_planks":60,"minecraft:furnace":1,"minecraft:bookshelf":1,"minecraft:iron_axe":2,"minecraft:spruce_slab":12,"minecraft:red_dye":2,"minecraft:crafting_table":3,"minecraft:spruce_planks":40,"minecraft:stone_axe":1,"minecraft:air":0,"biomesoplenty:fir_planks":4,"minecraft:lectern":1,"minecraft:shield":1,"minecraft:stick":12,"minecraft:iron_ingot":8,"minecraft:iron_pickaxe":1,"minecraft:iron_leggings":1}},"DataVersion":3465}