{"stats":{"minecraft:broken":{"minecraft:stone_axe":1,"minecraft:stone_sword":1,"minecraft:iron_pickaxe":1},"minecraft:dropped":{"minecraft:porkchop":68,"minecraft:raw_copper":9,"minecraft:cobblestone":112,"minecraft:leather":43,"minecraft:carrot":38,"minecraft:golden_apple":1,"minecraft:dirt":146,"minecraft:beef":25,"jdcoin:jd_coin":8,"minecraft:dandelion":2},"minecraft:used":{"minecraft:stone_sword":196,"minecraft:iron_shovel":158,"minecraft:oak_planks":2,"minecraft:spruce_planks":8,"minecraft:shield":8,"minecraft:torch":6,"minecraft:dirt":5,"minecraft:crafting_table":1,"minecraft:carrot":46,"minecraft:shulker_box":1,"minecraft:lever":1,"minecraft:iron_axe":8,"minecraft:iron_pickaxe":247,"minecraft:gravel":1,"minecraft:stone_axe":129,"minecraft:cobblestone":8,"minecraft:furnace":1},"minecraft:killed":{"minecraft:pig":37,"minecraft:phantom":2,"minecraft:skeleton":2,"minecraft:zombie":4,"minecraft:cow":46},"minecraft:custom":{"minecraft:interact_with_furnace":2,"minecraft:interact_with_anvil":1,"minecraft:mob_kills":91,"minecraft:interact_with_crafting_table":5,"minecraft:open_shulker_box":1,"minecraft:leave_game":1,"minecraft:time_since_death":1275,"minecraft:time_since_rest":1299,"minecraft:sprint_one_cm":233274,"minecraft:damage_taken":3094,"minecraft:walk_one_cm":220801,"minecraft:damage_blocked_by_shield":55,"minecraft:drop":21,"minecraft:damage_dealt":10730,"minecraft:swim_one_cm":11295,"minecraft:fly_one_cm":224026,"minecraft:open_chest":3,"minecraft:crouch_one_cm":2355,"minecraft:play_time":68973,"minecraft:deaths":9,"minecraft:sneak_time":1313,"minecraft:walk_under_water_one_cm":2795,"minecraft:boat_one_cm":13915,"minecraft:jump":1429,"minecraft:walk_on_water_one_cm":17690,"minecraft:total_world_time":68973,"minecraft:fall_one_cm":33708},"minecraft:killed_by":{"minecraft:player":6,"alexsmobs:crocodile":1,"minecraft:creeper":1,"minecraft:enderman":1},"minecraft:picked_up":{"minecraft:leather":43,"minecraft:oak_log":15,"minecraft:dirt":152,"minecraft:paper":1,"minecraft:raw_copper":17,"minecraft:bone":2,"minecraft:wheat_seeds":13,"minecraft:beef":89,"jdcoin:jd_coin":10,"minecraft:raw_iron":8,"minecraft:torch":66,"minecraft:dandelion":2,"minecraft:gravel":1,"minecraft:porkchop":68,"minecraft:spruce_log":2,"minecraft:shulker_box":2,"minecraft:arrow":2,"minecraft:rotten_flesh":2,"minecraft:lever":1,"minecraft:golden_apple":1,"minecraft:coal":9,"minecraft:cobblestone":205},"minecraft:mined":{"minecraft:dandelion":2,"minecraft:shulker_box":1,"minecraft:grass_block":6,"minecraft:tall_grass":51,"minecraft:copper_ore":5,"minecraft:wall_torch":2,"minecraft:iron_ore":8,"minecraft:spruce_log":2,"biomesoplenty:maple_leaves":2,"minecraft:grass":54,"minecraft:coal_ore":9,"minecraft:oak_log":15,"minecraft:gravel":1,"minecraft:dirt":139,"biomesoplenty:stringy_cobweb":1,"minecraft:stone":205,"minecraft:fern":1},"minecraft:crafted":{"minecraft:oak_planks":60,"minecraft:crafting_table":1,"minecraft:spruce_planks":8,"minecraft:furnace":1,"minecraft:stone_axe":1,"minecraft:air":0,"minecraft:shield":1,"minecraft:iron_axe":1,"minecraft:stick":8,"minecraft:iron_ingot":8,"minecraft:iron_pickaxe":1}},"DataVersion":3465}