{"stats":{"minecraft:broken":{"minecraft:stone_sword":1,"minecraft:stone_axe":1},"minecraft:picked_up":{"biomesoplenty:black_sandstone":2,"minecraft:leather":72,"minecraft:oak_log":1,"minecraft:gunpowder":3,"minecraft:gray_concrete":6,"minecraft:dirt":29,"minecraft:string":1,"minecraft:paper":2,"biomesoplenty:umbran_sign":1,"minecraft:bone":5,"minecraft:stone_bricks":2,"minecraft:wheat_seeds":10,"minecraft:spruce_planks":1,"minecraft:beef":172,"minecraft:poppy":1,"jdcoin:jd_coin":769,"minecraft:spruce_trapdoor":1,"minecraft:glow_item_frame":1,"minecraft:dandelion":4,"biomesoplenty:chiseled_brimstone_bricks":2,"minecraft:porkchop":92,"minecraft:carrot":61,"minecraft:shulker_box":2,"minecraft:spider_eye":3,"alexsmobs:animal_dictionary":1,"minecraft:arrow":2,"minecraft:rotten_flesh":3,"minecraft:black_concrete":1,"tacz:modern_kinetic_gun":1,"minecraft:lever":2,"minecraft:writable_book":2,"minecraft:iron_block":2,"mcwdoors:garage_black_door":8,"minecraft:cobblestone":14},"minecraft:mined":{"minecraft:spruce_planks":1,"minecraft:gray_concrete":6,"minecraft:dandelion":1,"minecraft:shulker_box":1,"biomesoplenty:black_sandstone":5,"minecraft:poppy":1,"minecraft:tall_grass":14,"minecraft:fire":4,"minecraft:black_concrete":1,"minecraft:grass":28,"minecraft:oak_log":1,"minecraft:dirt":1,"minecraft:stone_bricks":2,"minecraft:stone":52,"minecraft:iron_block":2},"minecraft:killed_by":{"minecraft:player":2},"minecraft:used":{"minecraft:writable_book":49,"minecraft:stone_sword":148,"minecraft:spruce_planks":1,"biomesoplenty:umbran_sign":1,"minecraft:dirt":25,"minecraft:carrot":31,"minecraft:shulker_box":1,"biomesoplenty:chiseled_brimstone_bricks":1,"minecraft:gray_concrete":6,"biomesoplenty:black_sandstone":2,"minecraft:oak_log":1,"mcwdoors:garage_black_door":8,"minecraft:lever":2,"minecraft:black_concrete":1,"minecraft:bread":5,"minecraft:iron_pickaxe":72,"minecraft:spruce_trapdoor":1,"minecraft:stone_bricks":2,"minecraft:stone_axe":77,"minecraft:cobblestone":2,"immersive_aircraft:biplane":1},"minecraft:killed":{"minecraft:pig":48,"minecraft:spider":1,"minecraft:creeper":1,"minecraft:skeleton":1,"minecraft:zombie":3,"minecraft:cow":82},"minecraft:custom":{"minecraft:mob_kills":136,"minecraft:open_shulker_box":7,"minecraft:leave_game":7,"minecraft:time_since_death":6690,"minecraft:time_since_rest":6801,"minecraft:sprint_one_cm":298262,"minecraft:damage_taken":1288,"minecraft:walk_one_cm":232781,"minecraft:drop":52,"minecraft:damage_dealt":14112,"minecraft:player_kills":1,"minecraft:fly_one_cm":336496,"minecraft:open_chest":19,"minecraft:crouch_one_cm":6563,"minecraft:play_time":97611,"minecraft:deaths":3,"minecraft:sneak_time":2739,"minecraft:jump":2042,"minecraft:walk_on_water_one_cm":254,"minecraft:total_world_time":97611,"minecraft:fall_one_cm":27989},"minecraft:dropped":{"alexsmobs:animal_dictionary":2,"minecraft:rotten_flesh":3,"biomesoplenty:chiseled_brimstone_bricks":1,"minecraft:glow_item_frame":1,"minecraft:carrot":64,"minecraft:poppy":1,"minecraft:dirt":4,"minecraft:gunpowder":3,"tacz:modern_kinetic_gun":1,"minecraft:writable_book":1,"minecraft:spider_eye":2,"minecraft:arrow":2,"minecraft:paper":2,"minecraft:string":1,"jdcoin:jd_coin":1472,"minecraft:dandelion":4,"minecraft:bone":3}},"DataVersion":3465}