{"stats":{"minecraft:broken":{"minecraft:stone_sword":1,"minecraft:stone_axe":1},"minecraft:picked_up":{"biomesoplenty:black_sandstone":2,"minecraft:leather":72,"minecraft:dandelion":4,"biomesoplenty:chiseled_brimstone_bricks":2,"minecraft:porkchop":92,"minecraft:carrot":61,"minecraft:gunpowder":3,"minecraft:gray_concrete":6,"minecraft:string":1,"minecraft:spider_eye":3,"alexsmobs:animal_dictionary":1,"minecraft:dirt":28,"minecraft:shulker_box":2,"minecraft:paper":2,"biomesoplenty:umbran_sign":1,"minecraft:arrow":2,"minecraft:bone":5,"minecraft:rotten_flesh":2,"minecraft:wheat_seeds":9,"minecraft:lever":2,"minecraft:writable_book":1,"minecraft:spruce_planks":1,"minecraft:beef":172,"mcwdoors:garage_black_door":8,"minecraft:poppy":1,"minecraft:spruce_trapdoor":1,"minecraft:cobblestone":2},"minecraft:mined":{"minecraft:spruce_planks":1,"minecraft:gray_concrete":6,"minecraft:dandelion":1,"minecraft:shulker_box":1,"minecraft:grass":28,"minecraft:poppy":1,"minecraft:tall_grass":14},"minecraft:killed_by":{"minecraft:player":2},"minecraft:used":{"mcwdoors:garage_black_door":8,"minecraft:lever":2,"minecraft:writable_book":46,"minecraft:stone_sword":148,"minecraft:bread":5,"minecraft:iron_pickaxe":8,"minecraft:spruce_planks":1,"minecraft:spruce_trapdoor":1,"minecraft:stone_axe":77,"minecraft:dirt":24,"minecraft:carrot":20,"minecraft:shulker_box":1,"minecraft:gray_concrete":6,"biomesoplenty:chiseled_brimstone_bricks":1,"biomesoplenty:black_sandstone":2},"minecraft:killed":{"minecraft:skeleton":1,"minecraft:zombie":2,"minecraft:pig":48,"minecraft:spider":1,"minecraft:creeper":1,"minecraft:cow":82},"minecraft:custom":{"minecraft:time_since_rest":28369,"minecraft:sprint_one_cm":222424,"minecraft:damage_taken":911,"minecraft:walk_one_cm":160112,"minecraft:mob_kills":135,"minecraft:drop":22,"minecraft:damage_dealt":13689,"minecraft:fly_one_cm":232329,"minecraft:open_chest":12,"minecraft:crouch_one_cm":4480,"minecraft:play_time":61611,"minecraft:open_shulker_box":7,"minecraft:deaths":2,"minecraft:sneak_time":1625,"minecraft:jump":1303,"minecraft:leave_game":7,"minecraft:time_since_death":28335,"minecraft:total_world_time":61611,"minecraft:fall_one_cm":20426},"minecraft:dropped":{"minecraft:poppy":1,"minecraft:dirt":4,"minecraft:gunpowder":3,"alexsmobs:animal_dictionary":2,"biomesoplenty:chiseled_brimstone_bricks":1,"minecraft:rotten_flesh":2,"minecraft:spider_eye":2,"minecraft:arrow":2,"minecraft:paper":2,"minecraft:string":1,"minecraft:carrot":61,"jdcoin:jd_coin":64,"minecraft:dandelion":3,"minecraft:bone":3}},"DataVersion":3465}