{"stats":{"minecraft:custom":{"minecraft:interact_with_anvil":1,"minecraft:mob_kills":136,"minecraft:open_shulker_box":114,"minecraft:leave_game":9,"minecraft:time_since_death":35949,"minecraft:time_since_rest":35974,"minecraft:sprint_one_cm":388609,"minecraft:damage_taken":2118,"minecraft:walk_one_cm":327563,"minecraft:drop":137,"minecraft:damage_dealt":14159,"minecraft:swim_one_cm":389,"minecraft:fly_one_cm":443045,"minecraft:player_kills":1,"minecraft:open_chest":44,"minecraft:play_time":162660,"minecraft:crouch_one_cm":9990,"minecraft:deaths":6,"minecraft:sneak_time":3753,"minecraft:walk_under_water_one_cm":536,"minecraft:jump":2910,"minecraft:walk_on_water_one_cm":1700,"minecraft:total_world_time":162660,"minecraft:fall_one_cm":34482},"minecraft:used":{"minecraft:writable_book":51,"minecraft:stone_sword":148,"minecraft:yellow_shulker_box":6,"minecraft:spruce_planks":1,"minecraft:white_shulker_box":3,"framedblocks:framed_cube":1,"biomesoplenty:umbran_sign":1,"minecraft:dirt":25,"minecraft:carrot":45,"minecraft:painting":1,"minecraft:shulker_box":6,"minecraft:gray_concrete":6,"minecraft:lime_shulker_box":10,"biomesoplenty:chiseled_brimstone_bricks":1,"biomesoplenty:black_sandstone":2,"minecraft:redstone_torch":2,"minecraft:oak_log":1,"mcwdoors:garage_black_door":8,"minecraft:lever":2,"minecraft:black_concrete":1,"minecraft:bread":5,"minecraft:iron_pickaxe":101,"minecraft:spruce_trapdoor":1,"minecraft:stone_bricks":2,"minecraft:stone_axe":77,"minecraft:cobblestone":3,"minecraft:pink_shulker_box":1,"immersive_aircraft:biplane":1},"minecraft:broken":{"minecraft:stone_sword":1,"minecraft:stone_axe":1},"minecraft:killed_by":{"minecraft:player":4},"minecraft:killed":{"minecraft:pig":48,"minecraft:spider":1,"minecraft:creeper":1,"minecraft:skeleton":1,"minecraft:zombie":3,"minecraft:cow":82},"minecraft:mined":{"minecraft:pink_shulker_box":1,"minecraft:spruce_planks":1,"minecraft:gray_concrete":6,"minecraft:dandelion":1,"minecraft:shulker_box":6,"biomesoplenty:black_sandstone":5,"minecraft:poppy":1,"minecraft:tall_grass":14,"minecraft:lime_shulker_box":12,"minecraft:fire":4,"minecraft:black_concrete":2,"minecraft:grass":28,"minecraft:oak_log":1,"minecraft:dirt":2,"minecraft:white_shulker_box":2,"minecraft:stone":54,"minecraft:stone_bricks":2,"minecraft:iron_block":4,"minecraft:yellow_shulker_box":4,"minecraft:redstone_wall_torch":1},"minecraft:dropped":{"minecraft:porkchop":92,"minecraft:wheat_seeds":14,"alexsmobs:animal_dictionary":2,"minecraft:lime_shulker_box":2,"minecraft:rotten_flesh":3,"minecraft:cobblestone":11,"biomesoplenty:chiseled_brimstone_bricks":1,"minecraft:glow_item_frame":1,"minecraft:leather":72,"minecraft:shulker_box":2,"minecraft:carrot":64,"jdcoin:reliquia_de_jd_coin":128,"jdcoin:tarjeta_de_credito":5,"minecraft:iron_block":4,"minecraft:poppy":1,"minecraft:dirt":5,"minecraft:gunpowder":3,"minecraft:wooden_axe":1,"minecraft:pink_shulker_box":1,"minecraft:spider_eye":4,"minecraft:writable_book":2,"tacz:modern_kinetic_gun":1,"minecraft:painting":5,"minecraft:slime_ball":448,"minecraft:arrow":7,"minecraft:beef":172,"minecraft:paper":2,"minecraft:string":1,"jdcoin:jd_coin":2817,"minecraft:dandelion":4,"minecraft:bone":6},"minecraft:picked_up":{"minecraft:wooden_axe":1,"biomesoplenty:black_sandstone":2,"minecraft:yellow_shulker_box":9,"minecraft:leather":72,"jdcoin:tarjeta_de_credito":6,"minecraft:oak_log":1,"minecraft:gunpowder":3,"minecraft:gray_concrete":6,"minecraft:dirt":30,"minecraft:string":1,"minecraft:paper":2,"biomesoplenty:umbran_sign":1,"minecraft:bone":6,"minecraft:pink_shulker_box":2,"minecraft:stone_bricks":2,"framedblocks:framed_cube":1,"minecraft:wheat_seeds":14,"minecraft:spruce_planks":1,"minecraft:beef":172,"minecraft:redstone_torch":2,"minecraft:poppy":1,"jdcoin:jd_coin":5889,"minecraft:spruce_trapdoor":1,"minecraft:lime_shulker_box":14,"minecraft:glow_item_frame":1,"minecraft:dandelion":4,"biomesoplenty:chiseled_brimstone_bricks":2,"minecraft:porkchop":156,"minecraft:carrot":61,"jdcoin:vip":1,"alexsmobs:animal_dictionary":1,"minecraft:shulker_box":9,"minecraft:spider_eye":4,"minecraft:arrow":7,"minecraft:rotten_flesh":3,"minecraft:slime_ball":190,"minecraft:black_concrete":1,"tacz:modern_kinetic_gun":1,"minecraft:lever":2,"minecraft:writable_book":2,"minecraft:iron_block":4,"minecraft:painting":6,"mcwdoors:garage_black_door":8,"jdcoin:reliquia_de_jd_coin":448,"minecraft:white_shulker_box":4,"minecraft:cobblestone":14}},"DataVersion":3465}