{"stats":{"minecraft:mined":{"minecraft:spruce_planks":1},"minecraft:custom":{"minecraft:time_since_rest":5899,"minecraft:open_chest":3,"minecraft:crouch_one_cm":953,"minecraft:open_shulker_box":2,"minecraft:sprint_one_cm":70191,"minecraft:play_time":20131,"minecraft:damage_taken":278,"minecraft:deaths":1,"minecraft:walk_one_cm":53474,"minecraft:sneak_time":464,"minecraft:drop":4,"minecraft:jump":243,"minecraft:damage_dealt":10,"minecraft:leave_game":1,"minecraft:time_since_death":5872,"minecraft:total_world_time":20131,"minecraft:fall_one_cm":3787,"minecraft:fly_one_cm":48120},"minecraft:killed_by":{"minecraft:player":1},"minecraft:dropped":{"alexsmobs:animal_dictionary":2,"minecraft:paper":1,"jdcoin:jd_coin":64},"minecraft:picked_up":{"minecraft:writable_book":1,"minecraft:spruce_planks":1,"minecraft:gunpowder":1,"minecraft:shulker_box":1,"alexsmobs:animal_dictionary":1,"minecraft:paper":1},"minecraft:used":{"minecraft:writable_book":3,"minecraft:bread":1,"minecraft:spruce_planks":1}},"DataVersion":3465}