{"stats":{"minecraft:killed":{"minecraft:pig":48,"minecraft:spider":1,"minecraft:creeper":1,"minecraft:skeleton":1,"minecraft:zombie":3,"minecraft:cow":82},"minecraft:dropped":{"minecraft:porkchop":92,"minecraft:wheat_seeds":14,"alexsmobs:animal_dictionary":2,"minecraft:lime_shulker_box":2,"minecraft:rotten_flesh":3,"biomesoplenty:chiseled_brimstone_bricks":1,"minecraft:cobblestone":11,"minecraft:glow_item_frame":1,"minecraft:leather":72,"minecraft:shulker_box":2,"minecraft:carrot":64,"jdcoin:reliquia_de_jd_coin":128,"minecraft:poppy":1,"minecraft:iron_block":4,"minecraft:dirt":5,"jdcoin:tarjeta_de_credito":6,"minecraft:gunpowder":3,"minecraft:wooden_axe":1,"minecraft:pink_shulker_box":1,"minecraft:writable_book":2,"minecraft:spider_eye":4,"tacz:modern_kinetic_gun":1,"minecraft:painting":5,"minecraft:slime_ball":448,"minecraft:arrow":7,"minecraft:beef":172,"minecraft:paper":2,"minecraft:string":1,"jdcoin:jd_coin":2817,"minecraft:dandelion":4,"minecraft:bone":6},"minecraft:picked_up":{"minecraft:wooden_axe":1,"biomesoplenty:black_sandstone":2,"minecraft:yellow_shulker_box":9,"minecraft:leather":72,"jdcoin:tarjeta_de_credito":7,"minecraft:oak_log":1,"minecraft:gunpowder":3,"minecraft:gray_concrete":6,"minecraft:dirt":30,"minecraft:string":1,"minecraft:paper":2,"minecraft:iron_axe":1,"biomesoplenty:umbran_sign":1,"minecraft:bone":6,"minecraft:pink_shulker_box":2,"minecraft:stone_bricks":2,"framedblocks:framed_cube":1,"minecraft:wheat_seeds":14,"minecraft:spruce_planks":1,"minecraft:beef":172,"minecraft:redstone_torch":2,"minecraft:poppy":1,"jdcoin:jd_coin":5889,"minecraft:iron_sword":1,"minecraft:spruce_trapdoor":1,"minecraft:lime_shulker_box":14,"minecraft:glow_item_frame":1,"minecraft:dandelion":4,"biomesoplenty:chiseled_brimstone_bricks":2,"minecraft:porkchop":156,"sophisticatedbackpacks:iron_backpack":1,"minecraft:carrot":61,"jdcoin:vip":1,"minecraft:spider_eye":4,"minecraft:shulker_box":9,"alexsmobs:animal_dictionary":1,"minecraft:arrow":7,"minecraft:rotten_flesh":3,"minecraft:slime_ball":190,"minecraft:black_concrete":1,"tacz:modern_kinetic_gun":1,"minecraft:lever":2,"minecraft:writable_book":2,"minecraft:iron_block":4,"minecraft:painting":6,"mcwdoors:garage_black_door":8,"jdcoin:reliquia_de_jd_coin":448,"minecraft:white_shulker_box":4,"minecraft:cobblestone":14},"minecraft:used":{"minecraft:writable_book":51,"minecraft:stone_sword":148,"minecraft:yellow_shulker_box":6,"minecraft:spruce_planks":1,"minecraft:white_shulker_box":3,"framedblocks:framed_cube":1,"biomesoplenty:umbran_sign":1,"minecraft:dirt":25,"minecraft:painting":1,"minecraft:carrot":65,"minecraft:gray_concrete":6,"minecraft:shulker_box":6,"minecraft:lime_shulker_box":10,"biomesoplenty:chiseled_brimstone_bricks":1,"biomesoplenty:black_sandstone":2,"minecraft:redstone_torch":2,"minecraft:oak_log":1,"mcwdoors:garage_black_door":8,"minecraft:lever":2,"minecraft:black_concrete":1,"minecraft:bread":5,"minecraft:iron_pickaxe":101,"minecraft:spruce_trapdoor":1,"minecraft:stone_bricks":2,"minecraft:stone_axe":77,"minecraft:cobblestone":3,"minecraft:pink_shulker_box":1,"immersive_aircraft:biplane":1},"minecraft:broken":{"minecraft:stone_sword":1,"minecraft:stone_axe":1,"minecraft:iron_helmet":1},"minecraft:mined":{"refurbished_furniture:light_ceiling_light":1,"minecraft:pink_shulker_box":1,"minecraft:spruce_planks":1,"minecraft:gray_concrete":6,"minecraft:dandelion":1,"minecraft:shulker_box":6,"biomesoplenty:black_sandstone":5,"minecraft:poppy":1,"minecraft:tall_grass":15,"minecraft:lime_shulker_box":12,"minecraft:fire":4,"minecraft:black_concrete":2,"minecraft:grass":28,"minecraft:oak_log":1,"minecraft:dirt":2,"minecraft:white_shulker_box":2,"minecraft:stone_bricks":2,"minecraft:stone":54,"minecraft:iron_block":4,"minecraft:yellow_shulker_box":4,"minecraft:redstone_wall_torch":1},"minecraft:custom":{"minecraft:interact_with_furnace":1,"minecraft:mob_kills":137,"minecraft:interact_with_anvil":1,"minecraft:open_shulker_box":114,"minecraft:damage_dealt_resisted":7,"minecraft:leave_game":9,"minecraft:time_since_death":9218,"minecraft:time_since_rest":9241,"minecraft:sprint_one_cm":490290,"minecraft:damage_taken":3807,"minecraft:walk_one_cm":362207,"minecraft:drop":138,"minecraft:damage_dealt":14786,"minecraft:swim_one_cm":389,"minecraft:fly_one_cm":702281,"minecraft:player_kills":1,"minecraft:open_chest":44,"minecraft:play_time":188400,"minecraft:crouch_one_cm":13418,"minecraft:deaths":10,"minecraft:sneak_time":4610,"minecraft:walk_under_water_one_cm":536,"minecraft:jump":3837,"minecraft:walk_on_water_one_cm":2361,"minecraft:total_world_time":188400,"minecraft:fall_one_cm":51285},"minecraft:killed_by":{"minecraft:player":8}},"DataVersion":3465}