{"stats":{"minecraft:picked_up":{"biomesoplenty:black_sandstone":2,"minecraft:leather":36,"biomesoplenty:chiseled_brimstone_bricks":2,"minecraft:carrot":61,"minecraft:gunpowder":1,"minecraft:spider_eye":2,"alexsmobs:animal_dictionary":1,"minecraft:dirt":12,"minecraft:shulker_box":2,"minecraft:paper":2,"biomesoplenty:umbran_sign":1,"minecraft:arrow":2,"minecraft:bone":3,"minecraft:rotten_flesh":2,"minecraft:wheat_seeds":3,"minecraft:writable_book":1,"minecraft:spruce_planks":1,"minecraft:beef":74,"mcwdoors:garage_black_door":8,"minecraft:spruce_trapdoor":1,"minecraft:cobblestone":2},"minecraft:mined":{"minecraft:spruce_planks":1,"minecraft:shulker_box":1,"minecraft:grass":6,"minecraft:tall_grass":6},"minecraft:killed_by":{"minecraft:player":2},"minecraft:used":{"mcwdoors:garage_black_door":8,"minecraft:writable_book":3,"minecraft:bread":5,"minecraft:iron_pickaxe":1,"minecraft:spruce_planks":1,"minecraft:spruce_trapdoor":1,"minecraft:stone_axe":54,"minecraft:dirt":8,"minecraft:carrot":3,"minecraft:shulker_box":1,"biomesoplenty:chiseled_brimstone_bricks":1,"biomesoplenty:black_sandstone":2},"minecraft:killed":{"minecraft:skeleton":1,"minecraft:zombie":1,"minecraft:spider":1,"minecraft:cow":36},"minecraft:custom":{"minecraft:time_since_rest":4369,"minecraft:sprint_one_cm":144297,"minecraft:damage_taken":790,"minecraft:walk_one_cm":106080,"minecraft:mob_kills":39,"minecraft:drop":13,"minecraft:damage_dealt":3994,"minecraft:fly_one_cm":140511,"minecraft:open_chest":10,"minecraft:crouch_one_cm":2740,"minecraft:play_time":37611,"minecraft:open_shulker_box":7,"minecraft:deaths":2,"minecraft:sneak_time":943,"minecraft:jump":651,"minecraft:leave_game":7,"minecraft:time_since_death":4335,"minecraft:total_world_time":37611,"minecraft:fall_one_cm":11164},"minecraft:dropped":{"minecraft:dirt":4,"alexsmobs:animal_dictionary":2,"biomesoplenty:chiseled_brimstone_bricks":1,"minecraft:rotten_flesh":2,"minecraft:spider_eye":2,"minecraft:paper":2,"minecraft:carrot":61,"jdcoin:jd_coin":64,"minecraft:bone":1}},"DataVersion":3465}