{"stats":{"minecraft:mined":{"minecraft:spruce_planks":1,"minecraft:shulker_box":1,"minecraft:tall_grass":3},"minecraft:custom":{"minecraft:time_since_rest":15068,"minecraft:sprint_one_cm":110813,"minecraft:damage_taken":583,"minecraft:walk_one_cm":81963,"minecraft:drop":10,"minecraft:damage_dealt":10,"minecraft:fly_one_cm":92682,"minecraft:open_chest":10,"minecraft:crouch_one_cm":2616,"minecraft:play_time":29300,"minecraft:open_shulker_box":7,"minecraft:deaths":1,"minecraft:sneak_time":922,"minecraft:jump":435,"minecraft:leave_game":2,"minecraft:time_since_death":15041,"minecraft:total_world_time":29300,"minecraft:fall_one_cm":7400},"minecraft:killed_by":{"minecraft:player":1},"minecraft:dropped":{"minecraft:dirt":4,"alexsmobs:animal_dictionary":2,"biomesoplenty:chiseled_brimstone_bricks":1,"minecraft:rotten_flesh":2,"minecraft:paper":2,"jdcoin:jd_coin":64,"minecraft:bone":1},"minecraft:picked_up":{"biomesoplenty:black_sandstone":2,"biomesoplenty:chiseled_brimstone_bricks":2,"minecraft:gunpowder":1,"alexsmobs:animal_dictionary":1,"minecraft:shulker_box":2,"minecraft:dirt":12,"minecraft:paper":2,"biomesoplenty:umbran_sign":1,"minecraft:bone":1,"minecraft:rotten_flesh":2,"minecraft:wheat_seeds":2,"minecraft:writable_book":1,"minecraft:spruce_planks":1,"mcwdoors:garage_black_door":8,"minecraft:spruce_trapdoor":1,"minecraft:cobblestone":2},"minecraft:used":{"mcwdoors:garage_black_door":8,"minecraft:writable_book":3,"minecraft:bread":5,"minecraft:iron_pickaxe":1,"minecraft:spruce_planks":1,"minecraft:spruce_trapdoor":1,"minecraft:dirt":8,"minecraft:carrot":2,"minecraft:shulker_box":1,"biomesoplenty:chiseled_brimstone_bricks":1,"biomesoplenty:black_sandstone":2}},"DataVersion":3465}