{"stats":{"minecraft:broken":{"minecraft:stone_sword":1,"minecraft:stone_axe":1},"minecraft:picked_up":{"biomesoplenty:black_sandstone":2,"minecraft:leather":72,"minecraft:oak_log":1,"minecraft:gunpowder":3,"minecraft:gray_concrete":6,"minecraft:dirt":29,"minecraft:string":1,"minecraft:paper":2,"biomesoplenty:umbran_sign":1,"minecraft:bone":6,"minecraft:stone_bricks":2,"minecraft:wheat_seeds":14,"minecraft:spruce_planks":1,"minecraft:beef":172,"minecraft:redstone_torch":2,"minecraft:poppy":1,"jdcoin:jd_coin":769,"minecraft:spruce_trapdoor":1,"minecraft:lime_shulker_box":4,"minecraft:glow_item_frame":1,"minecraft:dandelion":4,"biomesoplenty:chiseled_brimstone_bricks":2,"minecraft:porkchop":156,"minecraft:carrot":61,"minecraft:shulker_box":3,"minecraft:spider_eye":3,"alexsmobs:animal_dictionary":1,"minecraft:arrow":3,"minecraft:rotten_flesh":3,"minecraft:slime_ball":190,"minecraft:black_concrete":1,"tacz:modern_kinetic_gun":1,"minecraft:lever":2,"minecraft:writable_book":2,"minecraft:iron_block":2,"minecraft:painting":6,"mcwdoors:garage_black_door":8,"minecraft:cobblestone":14},"minecraft:mined":{"minecraft:spruce_planks":1,"minecraft:gray_concrete":6,"minecraft:dandelion":1,"minecraft:shulker_box":2,"biomesoplenty:black_sandstone":5,"minecraft:poppy":1,"minecraft:tall_grass":14,"minecraft:lime_shulker_box":2,"minecraft:fire":4,"minecraft:black_concrete":1,"minecraft:grass":28,"minecraft:oak_log":1,"minecraft:dirt":1,"minecraft:stone_bricks":2,"minecraft:stone":52,"minecraft:iron_block":2,"minecraft:redstone_wall_torch":1},"minecraft:killed_by":{"minecraft:player":3},"minecraft:used":{"minecraft:writable_book":49,"minecraft:stone_sword":148,"minecraft:spruce_planks":1,"biomesoplenty:umbran_sign":1,"minecraft:dirt":25,"minecraft:carrot":34,"minecraft:shulker_box":2,"minecraft:lime_shulker_box":2,"minecraft:painting":1,"biomesoplenty:chiseled_brimstone_bricks":1,"minecraft:gray_concrete":6,"biomesoplenty:black_sandstone":2,"minecraft:redstone_torch":2,"minecraft:oak_log":1,"mcwdoors:garage_black_door":8,"minecraft:lever":2,"minecraft:black_concrete":1,"minecraft:bread":5,"minecraft:iron_pickaxe":75,"minecraft:spruce_trapdoor":1,"minecraft:stone_bricks":2,"minecraft:stone_axe":77,"minecraft:cobblestone":3,"immersive_aircraft:biplane":1},"minecraft:killed":{"minecraft:pig":48,"minecraft:spider":1,"minecraft:creeper":1,"minecraft:skeleton":1,"minecraft:zombie":3,"minecraft:cow":82},"minecraft:custom":{"minecraft:mob_kills":136,"minecraft:open_shulker_box":27,"minecraft:leave_game":8,"minecraft:time_since_death":4569,"minecraft:time_since_rest":4599,"minecraft:sprint_one_cm":332101,"minecraft:damage_taken":1682,"minecraft:walk_one_cm":272139,"minecraft:drop":62,"minecraft:damage_dealt":14128,"minecraft:player_kills":1,"minecraft:fly_one_cm":365913,"minecraft:open_chest":44,"minecraft:crouch_one_cm":8923,"minecraft:play_time":108277,"minecraft:deaths":5,"minecraft:sneak_time":3235,"minecraft:jump":2543,"minecraft:walk_on_water_one_cm":254,"minecraft:total_world_time":108277,"minecraft:fall_one_cm":28674},"minecraft:dropped":{"minecraft:porkchop":92,"alexsmobs:animal_dictionary":2,"minecraft:cobblestone":11,"minecraft:rotten_flesh":3,"biomesoplenty:chiseled_brimstone_bricks":1,"minecraft:glow_item_frame":1,"minecraft:leather":72,"minecraft:carrot":64,"minecraft:iron_block":2,"minecraft:poppy":1,"minecraft:dirt":4,"minecraft:gunpowder":3,"tacz:modern_kinetic_gun":1,"minecraft:writable_book":1,"minecraft:spider_eye":2,"minecraft:painting":5,"minecraft:arrow":2,"minecraft:beef":172,"minecraft:paper":2,"minecraft:string":1,"jdcoin:jd_coin":1472,"minecraft:dandelion":4,"minecraft:bone":3}},"DataVersion":3465}