{"stats":{"minecraft:used":{"minecraft:writable_book":1,"minecraft:bread":1,"minecraft:spruce_planks":1},"minecraft:killed_by":{"minecraft:player":1},"minecraft:picked_up":{"minecraft:writable_book":1,"minecraft:spruce_planks":1,"minecraft:gunpowder":1,"alexsmobs:animal_dictionary":1,"minecraft:shulker_box":1,"minecraft:paper":1},"minecraft:custom":{"minecraft:time_since_rest":2296,"minecraft:open_chest":1,"minecraft:crouch_one_cm":479,"minecraft:play_time":16528,"minecraft:sprint_one_cm":58549,"minecraft:open_shulker_box":2,"minecraft:deaths":1,"minecraft:damage_taken":278,"minecraft:walk_one_cm":36610,"minecraft:sneak_time":95,"minecraft:drop":4,"minecraft:jump":195,"minecraft:damage_dealt":10,"minecraft:leave_game":1,"minecraft:time_since_death":2269,"minecraft:total_world_time":16528,"minecraft:fall_one_cm":2208,"minecraft:fly_one_cm":37747},"minecraft:dropped":{"alexsmobs:animal_dictionary":2,"minecraft:paper":1,"jdcoin:jd_coin":64},"minecraft:mined":{"minecraft:spruce_planks":1}},"DataVersion":3465}