{"stats":{"minecraft:used":{"minecraft:writable_book":4,"minecraft:stone_sword":9,"minecraft:iron_shovel":218,"minecraft:poppy":3,"minecraft:chest":2,"minecraft:stone":2,"securitycraft:keypad_door_item":2,"minecraft:rotten_flesh":1,"minecraft:orange_bed":2,"minecraft:dirt":84,"minecraft:carrot":29,"minecraft:shulker_box":5,"minecraft:iron_helmet":1,"minecraft:beef":27,"alexsmobs:banana":1,"minecraft:light_blue_shulker_box":3,"minecraft:oak_planks":1,"framedblocks:framed_cube":9,"minecraft:white_wool":1,"minecraft:glow_item_frame":2,"minecraft:oak_slab":4,"minecraft:crafting_table":1,"minecraft:redstone_torch":1,"minecraft:black_wool":1,"minecraft:iron_pickaxe":162,"minecraft:iron_door":1,"minecraft:stone_axe":100,"minecraft:green_shulker_box":1,"minecraft:cobblestone":1,"alexsmobs:animal_dictionary":1,"minecraft:dandelion":1},"minecraft:killed_by":{"minecraft:player":4},"minecraft:killed":{"alexsmobs:raccoon":1,"minecraft:phantom":1,"minecraft:skeleton":1,"minecraft:zombie":2},"minecraft:custom":{"minecraft:mob_kills":6,"minecraft:interact_with_anvil":1,"minecraft:interact_with_crafting_table":6,"minecraft:open_shulker_box":35,"minecraft:leave_game":2,"minecraft:time_since_death":496,"minecraft:climb_one_cm":348,"minecraft:sprint_one_cm":293281,"minecraft:walk_one_cm":460127,"minecraft:drop":391,"minecraft:play_time":122203,"minecraft:deaths":9,"minecraft:sneak_time":804,"minecraft:walk_under_water_one_cm":6395,"minecraft:boat_one_cm":31050,"minecraft:jump":2326,"minecraft:walk_on_water_one_cm":17060,"minecraft:total_world_time":122203,"minecraft:sleep_in_bed":2,"minecraft:time_since_rest":520,"minecraft:damage_taken":3114,"minecraft:damage_dealt":1161,"minecraft:swim_one_cm":16480,"minecraft:fly_one_cm":439584,"minecraft:player_kills":1,"minecraft:open_chest":49,"minecraft:crouch_one_cm":2767,"minecraft:fall_one_cm":38170},"minecraft:picked_up":{"minecraft:clay_ball":8,"framedblocks:framed_door":33,"minecraft:moss_carpet":2,"framedblocks:framed_cube":10,"minecraft:cobbled_deepslate":1,"alexsmobs:banana":5,"minecraft:beef":64,"minecraft:redstone_torch":1,"minecraft:azalea":8,"minecraft:poppy":3,"minecraft:iron_pickaxe":1,"minecraft:blue_shulker_box":1,"minecraft:phantom_membrane":1,"minecraft:raw_iron":1,"minecraft:stick":8,"minecraft:stone":3,"minecraft:glow_item_frame":2,"minecraft:big_dripleaf":24,"minecraft:carrot":89,"minecraft:redstone":4,"minecraft:orange_bed":2,"minecraft:rotten_flesh":4,"minecraft:arrow":2,"minecraft:glow_berries":5,"securitycraft:keypad_door_item":2,"minecraft:white_wool":1,"minecraft:cobblestone":41,"minecraft:stripped_oak_log":1,"minecraft:iron_door":1,"minecraft:lilac":1,"minecraft:salmon":2,"minecraft:flint":1,"minecraft:tuff":2,"minecraft:oak_log":74,"minecraft:green_shulker_box":2,"minecraft:dirt":174,"minecraft:bone":5,"minecraft:wheat_seeds":24,"minecraft:raw_gold":1,"minecraft:glowstone_dust":2,"minecraft:moss_block":12,"jdcoin:jd_coin":424,"minecraft:oak_planks":105,"minecraft:flowering_azalea":11,"minecraft:oak_slab":4,"minecraft:pumpkin":1,"minecraft:dandelion":1,"minecraft:dripstone_block":1,"minecraft:gravel":11,"minecraft:light_blue_shulker_box":3,"minecraft:shulker_box":5,"alexsmobs:animal_dictionary":3,"minecraft:slime_ball":128,"minecraft:diamond":10,"minecraft:stone_axe":1,"minecraft:writable_book":3,"minecraft:black_wool":1},"minecraft:dropped":{"minecraft:wheat_seeds":12,"minecraft:oak_log":28,"minecraft:lilac":1,"minecraft:cobblestone":2,"framedblocks:framed_cube":2,"minecraft:stick":8,"minecraft:dirt":14,"immersive_aircraft:airship":1,"minecraft:writable_book":2,"minecraft:iron_pickaxe":1,"jdcoin:jd_coin":322,"minecraft:bone":2,"minecraft:stone_axe":1,"alexsmobs:animal_dictionary":4,"minecraft:rotten_flesh":3,"minecraft:oak_planks":1,"minecraft:clay_ball":4,"minecraft:glowstone_dust":2,"minecraft:salmon":1,"minecraft:carrot":83,"man_of_many_planes:scarlet_biplane":1,"minecraft:arrow":2,"alexsmobs:banana":3,"immersive_aircraft:cargo_airship":1},"minecraft:mined":{"minecraft:tuff":2,"minecraft:shulker_box":4,"minecraft:cave_vines_plant":7,"minecraft:grass_block":114,"minecraft:moss_block":15,"minecraft:glowstone":1,"biomesoplenty:violet":1,"minecraft:pumpkin":2,"minecraft:moss_carpet":2,"minecraft:big_dripleaf_stem":3,"minecraft:cave_vines":16,"minecraft:deepslate_iron_ore":2,"minecraft:vine":3,"minecraft:stripped_oak_log":1,"minecraft:azalea":10,"minecraft:stone":41,"minecraft:white_wool":1,"minecraft:orange_bed":2,"minecraft:redstone_wall_torch":2,"minecraft:deepslate_redstone_ore":1,"minecraft:oak_slab":5,"framedblocks:framed_door":1,"minecraft:light_blue_shulker_box":2,"minecraft:flowering_azalea":11,"minecraft:dandelion":1,"minecraft:clay":2,"minecraft:poppy":3,"minecraft:chest":1,"framedblocks:framed_cube":10,"minecraft:tall_grass":65,"minecraft:cobblestone":1,"minecraft:deepslate_gold_ore":1,"minecraft:oak_planks":1,"minecraft:big_dripleaf":12,"minecraft:green_shulker_box":1,"minecraft:redstone_torch":1,"minecraft:lilac":1,"biomesoplenty:maple_leaves":1,"minecraft:black_wool":1,"minecraft:grass":110,"minecraft:oak_log":46,"minecraft:sunflower":1,"minecraft:gravel":12,"minecraft:dripstone_block":1,"minecraft:dirt":66,"minecraft:small_dripleaf":6,"minecraft:oak_leaves":1,"minecraft:deepslate":1,"minecraft:fern":5},"minecraft:crafted":{"minecraft:oak_planks":64,"minecraft:chest":2,"minecraft:crafting_table":1,"framedblocks:framed_cube":4,"minecraft:stick":8}},"DataVersion":3465}