{"stats":{"minecraft:picked_up":{"minecraft:iron_door":1,"minecraft:dandelion":1,"minecraft:light_blue_shulker_box":2,"minecraft:carrot":3,"minecraft:shulker_box":3,"alexsmobs:animal_dictionary":3,"minecraft:dirt":7,"minecraft:orange_bed":2,"minecraft:slime_ball":64,"minecraft:bone":1,"minecraft:arrow":2,"minecraft:rotten_flesh":4,"minecraft:wheat_seeds":12,"minecraft:writable_book":2,"minecraft:beef":64,"minecraft:redstone_torch":1,"minecraft:poppy":3,"minecraft:glowstone_dust":2,"minecraft:black_wool":1,"jdcoin:jd_coin":392,"securitycraft:keypad_door_item":2,"minecraft:white_wool":1},"minecraft:mined":{"minecraft:light_blue_shulker_box":1,"minecraft:glowstone":1,"minecraft:redstone_torch":1,"minecraft:dandelion":1,"minecraft:shulker_box":2,"minecraft:black_wool":1,"minecraft:grass":42,"minecraft:grass_block":4,"minecraft:poppy":3,"minecraft:chest":1,"minecraft:dirt":3,"minecraft:tall_grass":50,"minecraft:white_wool":1,"minecraft:orange_bed":2,"minecraft:redstone_wall_torch":1},"minecraft:killed_by":{"minecraft:player":4},"minecraft:used":{"minecraft:redstone_torch":1,"minecraft:writable_book":3,"minecraft:light_blue_shulker_box":1,"minecraft:black_wool":1,"minecraft:poppy":3,"securitycraft:keypad_door_item":2,"minecraft:iron_door":1,"minecraft:orange_bed":2,"minecraft:rotten_flesh":1,"minecraft:white_wool":1,"minecraft:dirt":4,"minecraft:beef":3,"minecraft:carrot":3,"minecraft:shulker_box":2,"alexsmobs:animal_dictionary":1,"minecraft:dandelion":1},"minecraft:killed":{"minecraft:zombie":1},"minecraft:custom":{"minecraft:time_since_rest":5037,"minecraft:sprint_one_cm":105931,"minecraft:damage_taken":1913,"minecraft:walk_one_cm":218005,"minecraft:mob_kills":1,"minecraft:drop":157,"minecraft:damage_dealt":362,"minecraft:player_kills":1,"minecraft:fly_one_cm":190991,"minecraft:open_chest":23,"minecraft:open_shulker_box":5,"minecraft:crouch_one_cm":2000,"minecraft:play_time":54992,"minecraft:deaths":7,"minecraft:sneak_time":493,"minecraft:jump":1020,"minecraft:leave_game":1,"minecraft:time_since_death":13889,"minecraft:sleep_in_bed":1,"minecraft:total_world_time":54992,"minecraft:fall_one_cm":9778},"minecraft:dropped":{"minecraft:dirt":3,"minecraft:wheat_seeds":10,"alexsmobs:animal_dictionary":4,"immersive_aircraft:airship":1,"man_of_many_planes:scarlet_biplane":1,"minecraft:writable_book":1,"minecraft:rotten_flesh":3,"minecraft:glowstone_dust":2,"minecraft:arrow":2,"immersive_aircraft:cargo_airship":1,"jdcoin:jd_coin":130,"minecraft:bone":1}},"DataVersion":3465}