{"stats":{"minecraft:killed":{"alexsmobs:raccoon":1,"minecraft:spider":1,"minecraft:phantom":1,"minecraft:skeleton":6,"minecraft:chicken":1,"minecraft:zombie":8},"minecraft:dropped":{"minecraft:blue_shulker_box":1,"minecraft:wheat_seeds":12,"minecraft:oak_log":28,"minecraft:lilac":1,"minecraft:cobblestone":5,"framedblocks:framed_cube":3,"minecraft:green_shulker_box":1,"minecraft:stick":22,"minecraft:dirt":18,"immersive_aircraft:airship":1,"minecraft:writable_book":3,"minecraft:iron_pickaxe":1,"jdcoin:jd_coin":322,"minecraft:bone":2,"minecraft:stone_axe":1,"minecraft:stone_sword":1,"alexsmobs:animal_dictionary":4,"minecraft:rotten_flesh":3,"minecraft:clay_ball":4,"minecraft:oak_planks":28,"minecraft:glowstone_dust":2,"minecraft:salmon":1,"minecraft:carrot":83,"minecraft:diamond_sword":1,"man_of_many_planes:scarlet_biplane":1,"minecraft:spider_eye":1,"minecraft:arrow":2,"minecraft:raw_gold":1,"alexsmobs:banana":3,"immersive_aircraft:cargo_airship":1,"framedblocks:framed_screwdriver":1},"minecraft:picked_up":{"minecraft:clay_ball":8,"framedblocks:framed_door":63,"minecraft:diamond_sword":1,"minecraft:moss_carpet":2,"framedblocks:framed_cube":11,"alexsmobs:banana":5,"minecraft:cobbled_deepslate":6,"cfm:oak_bedside_cabinet":1,"minecraft:beef":64,"minecraft:redstone_torch":1,"minecraft:azalea":8,"minecraft:poppy":3,"minecraft:iron_pickaxe":1,"minecraft:blue_shulker_box":1,"minecraft:phantom_membrane":1,"minecraft:stick":8,"minecraft:raw_iron":1,"minecraft:stone":3,"minecraft:glow_item_frame":2,"minecraft:big_dripleaf":24,"minecraft:torch":17,"minecraft:pointed_dripstone":1,"minecraft:carrot":130,"minecraft:redstone":53,"minecraft:cauldron":1,"minecraft:orange_bed":2,"minecraft:stone_sword":1,"minecraft:arrow":5,"minecraft:rotten_flesh":9,"minecraft:iron_block":7,"minecraft:glow_berries":5,"securitycraft:keypad_door_item":2,"minecraft:white_wool":1,"minecraft:cobblestone":110,"minecraft:stripped_oak_log":1,"minecraft:lilac":1,"minecraft:iron_door":1,"minecraft:salmon":2,"minecraft:flint":1,"minecraft:tuff":2,"minecraft:oak_log":78,"minecraft:green_shulker_box":2,"minecraft:dirt":199,"minecraft:bone":11,"minecraft:wheat_seeds":27,"minecraft:raw_gold":6,"minecraft:glowstone_dust":2,"minecraft:moss_block":12,"jdcoin:jd_coin":808,"minecraft:flowering_azalea":11,"minecraft:oak_planks":144,"minecraft:oak_slab":4,"minecraft:pumpkin":1,"minecraft:dandelion":1,"minecraft:dripstone_block":1,"minecraft:gravel":11,"minecraft:lava_bucket":1,"minecraft:light_blue_shulker_box":3,"alexsmobs:animal_dictionary":3,"minecraft:spider_eye":1,"minecraft:shulker_box":5,"minecraft:slime_ball":128,"minecraft:diamond":10,"minecraft:stone_axe":1,"minecraft:writable_book":4,"minecraft:coal":5,"minecraft:black_wool":1},"minecraft:used":{"minecraft:moss_block":6,"minecraft:writable_book":5,"minecraft:stone_sword":9,"minecraft:iron_shovel":220,"minecraft:poppy":3,"minecraft:chest":4,"minecraft:shield":15,"minecraft:stone":2,"securitycraft:keypad_door_item":2,"minecraft:stone_hoe":31,"minecraft:rotten_flesh":1,"minecraft:orange_bed":2,"minecraft:torch":22,"minecraft:dirt":125,"minecraft:carrot":60,"minecraft:shulker_box":5,"minecraft:lava_bucket":14,"cfm:oak_bedside_cabinet":3,"minecraft:iron_helmet":2,"minecraft:iron_boots":3,"minecraft:diamond_chestplate":1,"minecraft:beef":27,"alexsmobs:banana":1,"minecraft:cobbled_deepslate":1,"minecraft:iron_leggings":1,"minecraft:water_bucket":5,"minecraft:light_blue_shulker_box":3,"framedblocks:framed_door":2,"minecraft:oak_planks":35,"framedblocks:framed_cube":11,"minecraft:cauldron":1,"minecraft:white_wool":1,"minecraft:glow_item_frame":2,"minecraft:oak_slab":4,"minecraft:crafting_table":1,"minecraft:redstone_torch":1,"minecraft:black_wool":1,"minecraft:iron_pickaxe":281,"minecraft:iron_door":1,"minecraft:stone_axe":116,"minecraft:diamond_sword":45,"minecraft:green_shulker_box":1,"minecraft:cobblestone":1,"minecraft:bucket":19,"alexsmobs:animal_dictionary":1,"minecraft:dandelion":1},"minecraft:mined":{"minecraft:tuff":2,"minecraft:shulker_box":4,"minecraft:cave_vines_plant":7,"minecraft:grass_block":122,"minecraft:moss_block":15,"minecraft:spawner":1,"minecraft:glowstone":1,"minecraft:cobbled_deepslate":1,"biomesoplenty:violet":1,"minecraft:pumpkin":2,"minecraft:moss_carpet":2,"minecraft:big_dripleaf_stem":3,"minecraft:pointed_dripstone":1,"minecraft:cave_vines":16,"minecraft:deepslate_iron_ore":2,"minecraft:vine":3,"minecraft:stripped_oak_log":1,"minecraft:azalea":10,"minecraft:stone":110,"minecraft:iron_block":7,"minecraft:white_wool":1,"minecraft:redstone_wall_torch":2,"minecraft:orange_bed":2,"minecraft:deepslate_redstone_ore":12,"minecraft:oak_slab":5,"framedblocks:framed_door":1,"minecraft:light_blue_shulker_box":2,"minecraft:flowering_azalea":11,"minecraft:dandelion":1,"minecraft:clay":2,"minecraft:torch":7,"minecraft:poppy":3,"minecraft:chest":1,"framedblocks:framed_cube":13,"minecraft:tall_grass":74,"minecraft:cobblestone":1,"minecraft:deepslate_gold_ore":6,"minecraft:oak_planks":4,"minecraft:wall_torch":10,"minecraft:big_dripleaf":12,"minecraft:cauldron":1,"minecraft:green_shulker_box":1,"minecraft:redstone_torch":1,"minecraft:lilac":1,"biomesoplenty:maple_leaves":1,"minecraft:grass":114,"minecraft:black_wool":1,"minecraft:coal_ore":5,"minecraft:oak_log":50,"minecraft:sunflower":1,"minecraft:gravel":12,"minecraft:dripstone_block":1,"minecraft:dirt":82,"biomesoplenty:stringy_cobweb":1,"minecraft:small_dripleaf":6,"cfm:oak_bedside_cabinet":1,"minecraft:oak_leaves":1,"minecraft:deepslate":5,"minecraft:fern":5},"minecraft:custom":{"minecraft:interact_with_anvil":1,"minecraft:mob_kills":20,"minecraft:interact_with_crafting_table":20,"minecraft:fill_cauldron":3,"minecraft:open_shulker_box":72,"minecraft:leave_game":6,"minecraft:time_since_death":8833,"minecraft:climb_one_cm":348,"minecraft:sprint_one_cm":437654,"minecraft:walk_one_cm":693609,"minecraft:damage_blocked_by_shield":610,"minecraft:drop":419,"minecraft:play_time":220358,"minecraft:sneak_time":1077,"minecraft:deaths":15,"minecraft:walk_under_water_one_cm":14474,"minecraft:boat_one_cm":31050,"minecraft:jump":3280,"minecraft:walk_on_water_one_cm":33773,"minecraft:total_world_time":220358,"minecraft:interact_with_furnace":6,"minecraft:sleep_in_bed":3,"minecraft:time_since_rest":9697,"minecraft:damage_taken":5247,"minecraft:damage_dealt":3882,"minecraft:player_kills":1,"minecraft:swim_one_cm":25887,"minecraft:fly_one_cm":584867,"minecraft:open_chest":93,"minecraft:crouch_one_cm":4577,"minecraft:fall_one_cm":60904,"minecraft:use_cauldron":2},"minecraft:killed_by":{"minecraft:player":5,"minecraft:zombie":1},"minecraft:crafted":{"minecraft:oak_planks":188,"minecraft:iron_boots":1,"framedblocks:framed_screwdriver":1,"minecraft:chest":4,"minecraft:stone_hoe":1,"minecraft:diamond_sword":1,"minecraft:crafting_table":1,"minecraft:iron_helmet":1,"framedblocks:framed_cube":4,"minecraft:shield":1,"minecraft:stick":40,"minecraft:iron_ingot":64,"cfm:oak_bedside_cabinet":2,"minecraft:iron_leggings":1,"minecraft:torch":20,"minecraft:diamond_chestplate":1}},"DataVersion":3465}