{"stats":{"minecraft:picked_up":{"minecraft:iron_door":1,"framedblocks:framed_door":1,"minecraft:oak_log":44,"minecraft:dirt":21,"minecraft:bone":2,"minecraft:wheat_seeds":14,"minecraft:beef":64,"minecraft:redstone_torch":1,"minecraft:poppy":3,"minecraft:glowstone_dust":2,"jdcoin:jd_coin":392,"minecraft:stone":1,"minecraft:dandelion":1,"minecraft:light_blue_shulker_box":3,"minecraft:carrot":67,"alexsmobs:animal_dictionary":3,"minecraft:shulker_box":5,"minecraft:orange_bed":2,"minecraft:arrow":2,"minecraft:rotten_flesh":4,"minecraft:slime_ball":64,"minecraft:stone_axe":1,"minecraft:writable_book":2,"minecraft:black_wool":1,"securitycraft:keypad_door_item":2,"minecraft:white_wool":1,"minecraft:cobblestone":3},"minecraft:mined":{"framedblocks:framed_door":1,"minecraft:light_blue_shulker_box":2,"minecraft:dandelion":1,"minecraft:shulker_box":4,"minecraft:grass_block":9,"minecraft:poppy":3,"minecraft:chest":1,"minecraft:tall_grass":50,"minecraft:glowstone":1,"minecraft:redstone_torch":1,"biomesoplenty:violet":1,"biomesoplenty:maple_leaves":1,"minecraft:grass":45,"minecraft:black_wool":1,"minecraft:oak_log":44,"minecraft:dirt":15,"minecraft:stone":4,"minecraft:white_wool":1,"minecraft:fern":1,"minecraft:orange_bed":2,"minecraft:redstone_wall_torch":2},"minecraft:killed_by":{"minecraft:player":4},"minecraft:used":{"minecraft:light_blue_shulker_box":3,"minecraft:writable_book":4,"minecraft:stone_sword":8,"minecraft:iron_shovel":16,"minecraft:poppy":3,"minecraft:stone":1,"securitycraft:keypad_door_item":2,"minecraft:rotten_flesh":1,"minecraft:orange_bed":2,"minecraft:white_wool":1,"minecraft:dirt":7,"minecraft:carrot":5,"minecraft:shulker_box":5,"minecraft:redstone_torch":1,"minecraft:black_wool":1,"minecraft:iron_pickaxe":11,"minecraft:iron_helmet":1,"minecraft:iron_door":1,"minecraft:stone_axe":52,"minecraft:beef":19,"alexsmobs:animal_dictionary":1,"minecraft:dandelion":1},"minecraft:killed":{"minecraft:skeleton":1,"minecraft:zombie":2},"minecraft:custom":{"minecraft:mob_kills":3,"minecraft:open_shulker_box":16,"minecraft:leave_game":1,"minecraft:time_since_death":33549,"minecraft:sleep_in_bed":2,"minecraft:time_since_rest":7727,"minecraft:sprint_one_cm":167900,"minecraft:damage_taken":2200,"minecraft:walk_one_cm":255577,"minecraft:drop":162,"minecraft:damage_dealt":691,"minecraft:swim_one_cm":9841,"minecraft:fly_one_cm":300214,"minecraft:player_kills":1,"minecraft:open_chest":38,"minecraft:crouch_one_cm":2095,"minecraft:play_time":74652,"minecraft:deaths":7,"minecraft:sneak_time":504,"minecraft:walk_under_water_one_cm":1268,"minecraft:boat_one_cm":31050,"minecraft:jump":1475,"minecraft:walk_on_water_one_cm":6020,"minecraft:total_world_time":74652,"minecraft:fall_one_cm":15293},"minecraft:dropped":{"minecraft:stone_axe":1,"minecraft:wheat_seeds":12,"alexsmobs:animal_dictionary":4,"minecraft:cobblestone":2,"minecraft:rotten_flesh":3,"minecraft:glowstone_dust":2,"minecraft:carrot":64,"minecraft:dirt":14,"immersive_aircraft:airship":1,"man_of_many_planes:scarlet_biplane":1,"minecraft:writable_book":1,"minecraft:arrow":2,"immersive_aircraft:cargo_airship":1,"jdcoin:jd_coin":130,"minecraft:bone":1}},"DataVersion":3465}