{"stats":{"minecraft:picked_up":{"minecraft:iron_door":1,"minecraft:rotten_flesh":4,"minecraft:wheat_seeds":1,"minecraft:poppy":1,"minecraft:carrot":3,"jdcoin:jd_coin":256,"minecraft:dirt":3,"alexsmobs:animal_dictionary":3},"minecraft:mined":{"minecraft:grass":7,"minecraft:grass_block":3,"minecraft:poppy":1,"minecraft:tall_grass":12},"minecraft:killed_by":{"minecraft:player":1},"minecraft:used":{"minecraft:rotten_flesh":1,"minecraft:poppy":1,"minecraft:carrot":3,"alexsmobs:animal_dictionary":1,"minecraft:iron_door":1},"minecraft:killed":{"minecraft:zombie":1},"minecraft:custom":{"minecraft:open_chest":1,"minecraft:time_since_rest":755,"minecraft:crouch_one_cm":1167,"minecraft:play_time":11458,"minecraft:sprint_one_cm":46753,"minecraft:deaths":2,"minecraft:damage_taken":590,"minecraft:walk_one_cm":49834,"minecraft:sneak_time":221,"minecraft:mob_kills":1,"minecraft:drop":71,"minecraft:jump":326,"minecraft:damage_dealt":228,"minecraft:time_since_death":709,"minecraft:total_world_time":11458,"minecraft:fall_one_cm":2628,"minecraft:fly_one_cm":69147},"minecraft:dropped":{"minecraft:rotten_flesh":3,"alexsmobs:animal_dictionary":4,"jdcoin:jd_coin":64}},"DataVersion":3465}