{"stats":{"minecraft:dropped":{"minecraft:wheat_seeds":4,"minecraft:sandstone_slab":1,"minecraft:feather":1,"minecraft:cobblestone":6,"minecraft:jungle_planks":2,"minecraft:stick":5,"alexsmobs:leafcutter_ant_chamber":8,"minecraft:rabbit":1,"minecraft:fire_charge":1,"minecraft:glistering_melon_slice":10,"minecraft:coarse_dirt":2,"alexsmobs:animal_dictionary":2,"minecraft:cocoa_beans":4,"minecraft:rotten_flesh":2,"minecraft:white_bed":1,"minecraft:rabbit_hide":2,"minecraft:diamond_pickaxe":1,"minecraft:spider_eye":1,"minecraft:sandstone":2,"radiation_zone:desolate_axe":2,"minecraft:wooden_pickaxe":1,"minecraft:egg":1},"minecraft:used":{"alexsmobs:emu_egg":1,"minecraft:stone_sword":38,"minecraft:wooden_shovel":15,"minecraft:rotten_flesh":1,"alexsmobs:shield_of_the_deep":25,"minecraft:dirt":5,"minecraft:tuff":18,"minecraft:diamond_chestplate":11,"minecraft:beef":3,"minecraft:egg":2,"minecraft:cobbled_deepslate":17,"minecraft:bamboo_planks":2,"minecraft:diorite":4,"minecraft:amethyst_block":22,"minecraft:stone_pickaxe":2,"minecraft:ender_pearl":1,"minecraft:wooden_pickaxe":14,"quark:ancient_fence":1,"radiation_zone:irradiated_eggplant":19,"radiation_zone:desolate_axe":233,"minecraft:golden_hoe":7,"minecraft:sand":5,"minecraft:crafting_table":4,"biomesoplenty:wildflower":1,"alexsmobs:rocky_chestplate":11,"minecraft:diamond_pickaxe":219,"minecraft:bread":11,"minecraft:melon_slice":24,"alexsmobs:kangaroo_meat":1,"minecraft:cobblestone":64,"minecraft:porkchop":7,"alexsmobs:animal_dictionary":1,"alexsmobs:leafcutter_ant_chamber":20,"quark:azalea_planks_slab":1},"minecraft:killed_by":{"minecraft:player":3,"minecraft:creeper":3,"alexsmobs:cachalot_whale":2,"minecraft:skeleton":2,"slasher:slasher":3,"minecraft:zombie":1},"minecraft:broken":{"minecraft:diamond_helmet":1,"minecraft:diamond_boots":1,"alexsmobs:shield_of_the_deep":1},"minecraft:custom":{"minecraft:mob_kills":56,"minecraft:interact_with_anvil":1,"minecraft:interact_with_crafting_table":3,"minecraft:damage_dealt_resisted":17,"minecraft:leave_game":6,"minecraft:time_since_death":13377,"minecraft:climb_one_cm":14992,"minecraft:sprint_one_cm":438665,"minecraft:walk_one_cm":246121,"minecraft:damage_blocked_by_shield":1011,"minecraft:drop":28,"minecraft:play_time":127574,"minecraft:deaths":19,"minecraft:sneak_time":622,"minecraft:walk_under_water_one_cm":58660,"minecraft:jump":3187,"minecraft:walk_on_water_one_cm":86744,"minecraft:total_world_time":127574,"minecraft:time_since_rest":13415,"minecraft:damage_taken":12035,"minecraft:damage_dealt":12027,"minecraft:swim_one_cm":173967,"minecraft:fly_one_cm":549611,"minecraft:player_kills":3,"minecraft:open_chest":6,"minecraft:crouch_one_cm":399,"minecraft:fall_one_cm":106049},"minecraft:killed":{"slasher:slasher":2,"minecraft:spider":6,"alexsmobs:seagull":1,"minecraft:skeleton":10,"alexsmobs:leafcutter_ant":5,"minecraft:chicken":1,"alexsmobs:capuchin_monkey":1,"alexsmobs:kangaroo":1,"minecraft:husk":1,"minecraft:pig":6,"minecraft:rabbit":1,"alexsmobs:seal":1,"alexsmobs:emu":1,"minecraft:zombie":12,"minecraft:cow":3,"minecraft:enderman":1},"minecraft:picked_up":{"minecraft:cocoa_beans":8,"minecraft:crafting_table":2,"minecraft:coarse_dirt":2,"minecraft:sandstone_slab":1,"minecraft:chicken":1,"minecraft:wooden_pickaxe":1,"minecraft:amethyst_block":43,"radiation_zone:desolate_axe":3,"minecraft:flint_and_steel":1,"alexsmobs:shield_of_the_deep":1,"minecraft:diamond_leggings":1,"minecraft:cobbled_deepslate":40,"minecraft:beef":3,"minecraft:melon_slice":72,"biomesoplenty:wildflower":1,"minecraft:chest":15,"minecraft:egg":3,"alexsmobs:leafcutter_ant_chamber":28,"minecraft:stick":12,"minecraft:raw_iron":64,"minecraft:sandstone":2,"minecraft:fire_charge":1,"minecraft:porkchop":8,"minecraft:diorite":8,"alexsmobs:leafcutter_ant_pupa":6,"minecraft:diamond_chestplate":1,"minecraft:rotten_flesh":3,"minecraft:stone_sword":1,"minecraft:arrow":7,"minecraft:shears":1,"minecraft:diamond_boots":1,"minecraft:hay_block":7,"alexsmobs:emu_egg":1,"minecraft:glistering_melon_slice":10,"minecraft:obsidian":1,"alexsmobs:kangaroo_meat":1,"minecraft:cobblestone":79,"minecraft:feather":1,"minecraft:glow_ink_sac":1,"minecraft:jungle_log":7,"minecraft:leather":2,"minecraft:tuff":18,"minecraft:dirt":6,"radiation_zone:natural_uranium":7,"minecraft:bow":1,"minecraft:wheat_seeds":4,"minecraft:raw_gold":58,"minecraft:rabbit_hide":2,"minecraft:stone_pickaxe":1,"minecraft:iron_ingot":58,"luckytntmod:uranium_ingot":15,"radiation_zone:irradiated_eggplant":46,"minecraft:diamond_helmet":1,"minecraft:rabbit":1,"alexsmobs:rocky_chestplate":1,"quark:ancient_fence":1,"minecraft:bamboo_planks":2,"minecraft:gravel":2,"minecraft:jungle_planks":15,"minecraft:sand":27,"minecraft:white_bed":1,"alexsmobs:animal_dictionary":1,"minecraft:spider_eye":1,"alexsmobs:centipede_leggings":1,"minecraft:diamond":47,"quark:azalea_planks_slab":1,"minecraft:bread":3,"minecraft:diamond_pickaxe":2,"minecraft:ender_pearl":4},"minecraft:crafted":{"minecraft:stone_pickaxe":1,"minecraft:wooden_shovel":1,"minecraft:crafting_table":3,"minecraft:wooden_pickaxe":1,"minecraft:jungle_planks":28,"minecraft:stick":12,"minecraft:stone_sword":1},"minecraft:mined":{"minecraft:tuff":18,"minecraft:deepslate_diamond_ore":2,"alexsmobs:leafcutter_anthill":1,"biomesoplenty:desert_grass":1,"alexsmobs:rainbow_glass":2,"minecraft:granite":4,"quark:azalea_planks_slab":1,"minecraft:grass_block":5,"minecraft:jungle_log":7,"alexsmobs:leafcutter_ant_chamber":33,"minecraft:sandstone":10,"biomesoplenty:dune_grass":1,"minecraft:spawner":1,"minecraft:hay_block":7,"minecraft:peony":1,"minecraft:deepslate_iron_ore":6,"minecraft:vine":6,"minecraft:stone":66,"quark:chiseled_andesite_bricks":1,"minecraft:sandstone_slab":1,"biomesoplenty:wildflower":1,"minecraft:crafting_table":2,"minecraft:melon":13,"biomesoplenty:mahogany_planks":1,"minecraft:chest":1,"minecraft:dead_bush":1,"minecraft:rose_bush":1,"minecraft:tall_grass":5,"minecraft:cobblestone":7,"minecraft:deepslate_gold_ore":4,"minecraft:diorite":31,"minecraft:amethyst_block":1,"minecraft:seagrass":1,"minecraft:coarse_dirt":2,"minecraft:bamboo_planks":2,"minecraft:grass":38,"minecraft:cocoa":1,"minecraft:sand":26,"minecraft:dirt":5,"minecraft:cobweb":29,"quark:ancient_fence":1,"minecraft:oak_leaves":1,"minecraft:deepslate":44,"minecraft:fern":13}},"DataVersion":3465}