{"stats":{"minecraft:killed":{"alexsmobs:raccoon":1,"minecraft:spider":1,"minecraft:phantom":1,"minecraft:skeleton":2,"minecraft:chicken":1,"minecraft:zombie":4},"minecraft:dropped":{"minecraft:blue_shulker_box":1,"minecraft:wheat_seeds":12,"minecraft:oak_log":28,"minecraft:lilac":1,"minecraft:cobblestone":5,"framedblocks:framed_cube":3,"minecraft:green_shulker_box":1,"minecraft:stick":22,"minecraft:dirt":18,"immersive_aircraft:airship":1,"minecraft:writable_book":3,"minecraft:iron_pickaxe":1,"jdcoin:jd_coin":322,"minecraft:bone":2,"minecraft:stone_axe":1,"minecraft:stone_sword":1,"alexsmobs:animal_dictionary":4,"minecraft:rotten_flesh":3,"minecraft:clay_ball":4,"minecraft:oak_planks":28,"minecraft:glowstone_dust":2,"minecraft:salmon":1,"minecraft:carrot":83,"minecraft:diamond_sword":1,"man_of_many_planes:scarlet_biplane":1,"minecraft:spider_eye":1,"minecraft:arrow":2,"minecraft:raw_gold":1,"alexsmobs:banana":3,"immersive_aircraft:cargo_airship":1,"framedblocks:framed_screwdriver":1},"minecraft:picked_up":{"minecraft:clay_ball":8,"framedblocks:framed_door":63,"minecraft:diamond_sword":1,"minecraft:moss_carpet":2,"framedblocks:framed_cube":11,"alexsmobs:banana":5,"minecraft:cobbled_deepslate":1,"cfm:oak_bedside_cabinet":1,"minecraft:beef":64,"minecraft:redstone_torch":1,"minecraft:azalea":8,"minecraft:poppy":3,"minecraft:iron_pickaxe":1,"minecraft:blue_shulker_box":1,"minecraft:phantom_membrane":1,"minecraft:stick":8,"minecraft:raw_iron":1,"minecraft:stone":3,"minecraft:glow_item_frame":2,"minecraft:big_dripleaf":24,"minecraft:torch":1,"minecraft:carrot":130,"minecraft:redstone":4,"minecraft:cauldron":1,"minecraft:orange_bed":2,"minecraft:rotten_flesh":4,"minecraft:stone_sword":1,"minecraft:arrow":2,"minecraft:iron_block":7,"minecraft:glow_berries":5,"securitycraft:keypad_door_item":2,"minecraft:white_wool":1,"minecraft:cobblestone":110,"minecraft:stripped_oak_log":1,"minecraft:lilac":1,"minecraft:iron_door":1,"minecraft:salmon":2,"minecraft:flint":1,"minecraft:tuff":2,"minecraft:oak_log":78,"minecraft:green_shulker_box":2,"minecraft:dirt":186,"minecraft:bone":5,"minecraft:wheat_seeds":27,"minecraft:raw_gold":1,"minecraft:glowstone_dust":2,"minecraft:moss_block":12,"jdcoin:jd_coin":808,"minecraft:oak_planks":135,"minecraft:flowering_azalea":11,"minecraft:oak_slab":4,"minecraft:pumpkin":1,"minecraft:dandelion":1,"minecraft:lava_bucket":1,"minecraft:dripstone_block":1,"minecraft:gravel":11,"minecraft:light_blue_shulker_box":3,"alexsmobs:animal_dictionary":3,"minecraft:shulker_box":5,"minecraft:spider_eye":1,"minecraft:slime_ball":128,"minecraft:diamond":10,"minecraft:stone_axe":1,"minecraft:writable_book":4,"minecraft:black_wool":1},"minecraft:used":{"minecraft:writable_book":5,"minecraft:stone_sword":9,"minecraft:iron_shovel":220,"minecraft:poppy":3,"minecraft:chest":2,"minecraft:shield":7,"minecraft:stone":2,"securitycraft:keypad_door_item":2,"minecraft:rotten_flesh":1,"minecraft:orange_bed":2,"minecraft:torch":1,"minecraft:dirt":119,"minecraft:carrot":37,"minecraft:shulker_box":5,"minecraft:lava_bucket":3,"cfm:oak_bedside_cabinet":3,"minecraft:iron_helmet":1,"minecraft:diamond_chestplate":1,"minecraft:beef":27,"alexsmobs:banana":1,"minecraft:cobbled_deepslate":1,"minecraft:light_blue_shulker_box":3,"framedblocks:framed_door":2,"minecraft:oak_planks":35,"framedblocks:framed_cube":11,"minecraft:cauldron":1,"minecraft:white_wool":1,"minecraft:glow_item_frame":2,"minecraft:oak_slab":4,"minecraft:crafting_table":1,"minecraft:redstone_torch":1,"minecraft:black_wool":1,"minecraft:iron_pickaxe":253,"minecraft:iron_door":1,"minecraft:stone_axe":111,"minecraft:diamond_sword":18,"minecraft:green_shulker_box":1,"minecraft:cobblestone":1,"minecraft:bucket":2,"alexsmobs:animal_dictionary":1,"minecraft:dandelion":1},"minecraft:mined":{"minecraft:tuff":2,"minecraft:shulker_box":4,"minecraft:cave_vines_plant":7,"minecraft:grass_block":114,"minecraft:moss_block":15,"minecraft:glowstone":1,"minecraft:cobbled_deepslate":1,"biomesoplenty:violet":1,"minecraft:pumpkin":2,"minecraft:moss_carpet":2,"minecraft:big_dripleaf_stem":3,"minecraft:cave_vines":16,"minecraft:deepslate_iron_ore":2,"minecraft:vine":3,"minecraft:stripped_oak_log":1,"minecraft:azalea":10,"minecraft:stone":110,"minecraft:iron_block":7,"minecraft:white_wool":1,"minecraft:redstone_wall_torch":2,"minecraft:orange_bed":2,"minecraft:deepslate_redstone_ore":1,"minecraft:oak_slab":5,"framedblocks:framed_door":1,"minecraft:light_blue_shulker_box":2,"minecraft:flowering_azalea":11,"minecraft:dandelion":1,"minecraft:clay":2,"minecraft:poppy":3,"minecraft:chest":1,"framedblocks:framed_cube":13,"minecraft:tall_grass":73,"minecraft:cobblestone":1,"minecraft:deepslate_gold_ore":1,"minecraft:oak_planks":4,"minecraft:wall_torch":1,"minecraft:big_dripleaf":12,"minecraft:cauldron":1,"minecraft:green_shulker_box":1,"minecraft:redstone_torch":1,"minecraft:lilac":1,"biomesoplenty:maple_leaves":1,"minecraft:grass":111,"minecraft:black_wool":1,"minecraft:oak_log":50,"minecraft:sunflower":1,"minecraft:gravel":12,"minecraft:dripstone_block":1,"minecraft:dirt":76,"minecraft:small_dripleaf":6,"cfm:oak_bedside_cabinet":1,"minecraft:oak_leaves":1,"minecraft:deepslate":1,"minecraft:fern":5},"minecraft:custom":{"minecraft:mob_kills":11,"minecraft:interact_with_anvil":1,"minecraft:interact_with_crafting_table":16,"minecraft:fill_cauldron":3,"minecraft:open_shulker_box":64,"minecraft:leave_game":5,"minecraft:time_since_death":1969,"minecraft:climb_one_cm":348,"minecraft:sprint_one_cm":376452,"minecraft:walk_one_cm":611289,"minecraft:damage_blocked_by_shield":380,"minecraft:drop":419,"minecraft:play_time":191024,"minecraft:deaths":13,"minecraft:sneak_time":985,"minecraft:walk_under_water_one_cm":6395,"minecraft:boat_one_cm":31050,"minecraft:jump":2892,"minecraft:walk_on_water_one_cm":17777,"minecraft:total_world_time":191024,"minecraft:interact_with_furnace":5,"minecraft:sleep_in_bed":2,"minecraft:time_since_rest":2000,"minecraft:damage_taken":4301,"minecraft:damage_dealt":2394,"minecraft:swim_one_cm":16480,"minecraft:fly_one_cm":529399,"minecraft:player_kills":1,"minecraft:open_chest":69,"minecraft:crouch_one_cm":3958,"minecraft:use_cauldron":2,"minecraft:fall_one_cm":47033},"minecraft:killed_by":{"minecraft:player":5,"minecraft:zombie":1},"minecraft:crafted":{"minecraft:oak_planks":108,"framedblocks:framed_screwdriver":1,"minecraft:chest":2,"minecraft:diamond_sword":1,"minecraft:crafting_table":1,"framedblocks:framed_cube":4,"minecraft:shield":1,"minecraft:stick":24,"minecraft:iron_ingot":1,"cfm:oak_bedside_cabinet":2,"minecraft:diamond_chestplate":1}},"DataVersion":3465}