{"stats":{"minecraft:picked_up":{"minecraft:iron_door":1,"minecraft:dandelion":1,"minecraft:light_blue_shulker_box":3,"minecraft:carrot":3,"minecraft:dirt":10,"minecraft:shulker_box":5,"alexsmobs:animal_dictionary":3,"minecraft:orange_bed":2,"minecraft:bone":1,"minecraft:arrow":2,"minecraft:slime_ball":64,"minecraft:rotten_flesh":4,"minecraft:wheat_seeds":14,"minecraft:writable_book":2,"minecraft:beef":64,"minecraft:redstone_torch":1,"minecraft:poppy":3,"minecraft:glowstone_dust":2,"minecraft:black_wool":1,"jdcoin:jd_coin":392,"securitycraft:keypad_door_item":2,"minecraft:white_wool":1,"minecraft:cobblestone":1},"minecraft:mined":{"minecraft:light_blue_shulker_box":2,"minecraft:glowstone":1,"minecraft:redstone_torch":1,"minecraft:dandelion":1,"minecraft:shulker_box":4,"minecraft:black_wool":1,"minecraft:grass":42,"minecraft:grass_block":6,"minecraft:poppy":3,"minecraft:chest":1,"minecraft:dirt":4,"minecraft:tall_grass":50,"minecraft:stone":1,"minecraft:white_wool":1,"minecraft:redstone_wall_torch":1,"minecraft:orange_bed":2},"minecraft:killed_by":{"minecraft:player":4},"minecraft:used":{"minecraft:redstone_torch":1,"minecraft:light_blue_shulker_box":2,"minecraft:writable_book":3,"minecraft:black_wool":1,"minecraft:iron_shovel":1,"minecraft:iron_pickaxe":6,"minecraft:poppy":3,"minecraft:iron_helmet":1,"securitycraft:keypad_door_item":2,"minecraft:iron_door":1,"minecraft:rotten_flesh":1,"minecraft:white_wool":1,"minecraft:dirt":7,"minecraft:orange_bed":2,"minecraft:beef":8,"minecraft:carrot":3,"minecraft:shulker_box":4,"alexsmobs:animal_dictionary":1,"minecraft:dandelion":1},"minecraft:killed":{"minecraft:zombie":1},"minecraft:custom":{"minecraft:time_since_rest":12697,"minecraft:sprint_one_cm":128553,"minecraft:damage_taken":1933,"minecraft:walk_one_cm":227792,"minecraft:mob_kills":1,"minecraft:drop":159,"minecraft:damage_dealt":362,"minecraft:fly_one_cm":247912,"minecraft:player_kills":1,"minecraft:open_chest":38,"minecraft:open_shulker_box":10,"minecraft:crouch_one_cm":2026,"minecraft:play_time":62652,"minecraft:deaths":7,"minecraft:sneak_time":495,"minecraft:jump":1197,"minecraft:leave_game":1,"minecraft:time_since_death":21549,"minecraft:sleep_in_bed":1,"minecraft:total_world_time":62652,"minecraft:fall_one_cm":12559},"minecraft:dropped":{"minecraft:dirt":3,"minecraft:wheat_seeds":12,"alexsmobs:animal_dictionary":4,"immersive_aircraft:airship":1,"man_of_many_planes:scarlet_biplane":1,"minecraft:rotten_flesh":3,"minecraft:writable_book":1,"minecraft:glowstone_dust":2,"minecraft:arrow":2,"minecraft:carrot":64,"immersive_aircraft:cargo_airship":1,"jdcoin:jd_coin":130,"minecraft:bone":1}},"DataVersion":3465}