{"stats":{"minecraft:picked_up":{"minecraft:iron_door":1,"minecraft:dandelion":1,"minecraft:carrot":3,"alexsmobs:animal_dictionary":3,"minecraft:dirt":5,"minecraft:bone":1,"minecraft:arrow":2,"minecraft:rotten_flesh":4,"minecraft:wheat_seeds":10,"minecraft:poppy":3,"minecraft:glowstone_dust":2,"minecraft:black_wool":1,"jdcoin:jd_coin":391,"minecraft:white_wool":1},"minecraft:mined":{"minecraft:glowstone":1,"minecraft:dandelion":1,"minecraft:black_wool":1,"minecraft:grass":40,"minecraft:grass_block":4,"minecraft:poppy":3,"minecraft:dirt":1,"minecraft:tall_grass":36,"minecraft:white_wool":1},"minecraft:killed_by":{"minecraft:player":4},"minecraft:used":{"minecraft:black_wool":1,"minecraft:poppy":3,"minecraft:iron_door":1,"minecraft:rotten_flesh":1,"minecraft:white_wool":1,"minecraft:dirt":2,"minecraft:carrot":3,"alexsmobs:animal_dictionary":1,"minecraft:dandelion":1},"minecraft:killed":{"minecraft:zombie":1},"minecraft:custom":{"minecraft:time_since_rest":2815,"minecraft:sprint_one_cm":65783,"minecraft:damage_taken":1617,"minecraft:walk_one_cm":92609,"minecraft:mob_kills":1,"minecraft:drop":77,"minecraft:damage_dealt":300,"minecraft:fly_one_cm":138494,"minecraft:open_chest":7,"minecraft:crouch_one_cm":1644,"minecraft:play_time":35458,"minecraft:deaths":6,"minecraft:sneak_time":276,"minecraft:jump":682,"minecraft:time_since_death":2782,"minecraft:total_world_time":35458,"minecraft:fall_one_cm":7245},"minecraft:dropped":{"minecraft:dirt":3,"minecraft:wheat_seeds":1,"alexsmobs:animal_dictionary":4,"immersive_aircraft:airship":1,"man_of_many_planes:scarlet_biplane":1,"minecraft:rotten_flesh":3,"immersive_aircraft:cargo_airship":1,"jdcoin:jd_coin":65}},"DataVersion":3465}