{"stats":{"minecraft:picked_up":{"minecraft:birch_log":2,"minecraft:cocoa_beans":1,"minecraft:stick":18,"minecraft:crafting_table":2,"minecraft:cooked_beef":5,"minecraft:jungle_log":2,"minecraft:torch":1,"minecraft:wooden_pickaxe":1,"pointblank:gunmetal_nugget":5,"minecraft:dirt":4,"minecraft:rotten_flesh":1,"minecraft:iron_ingot":10,"minecraft:cobblestone":9},"minecraft:killed":{"minecraft:zombie":2},"minecraft:mined":{"minecraft:birch_log":2,"minecraft:crafting_table":2,"minecraft:torch":2,"minecraft:grass_block":2,"minecraft:vine":2,"minecraft:jungle_log":2,"minecraft:dead_bush":24,"minecraft:dirt":2,"minecraft:stone":9,"minecraft:oak_leaves":1},"minecraft:crafted":{"minecraft:crafting_table":2,"minecraft:stone_pickaxe":1,"minecraft:stone_sword":1,"minecraft:birch_planks":8,"minecraft:stone_axe":1},"minecraft:used":{"minecraft:stone_sword":12,"minecraft:wooden_pickaxe":22,"minecraft:stone_axe":1,"minecraft:torch":1,"minecraft:dirt":3,"minecraft:cobblestone":1,"minecraft:crafting_table":2,"minecraft:cooked_beef":2},"minecraft:custom":{"minecraft:time_since_rest":10251,"minecraft:sprint_one_cm":19821,"minecraft:damage_taken":220,"minecraft:walk_one_cm":47573,"minecraft:mob_kills":2,"minecraft:damage_dealt":530,"minecraft:player_kills":1,"minecraft:interact_with_crafting_table":2,"minecraft:fly_one_cm":13313,"minecraft:crouch_one_cm":175,"minecraft:play_time":10251,"minecraft:sneak_time":50,"minecraft:jump":140,"minecraft:time_since_death":10251,"minecraft:total_world_time":10251,"minecraft:climb_one_cm":562,"minecraft:fall_one_cm":2711}},"DataVersion":3465}