{"stats":{"minecraft:broken":{"minecraft:stone_pickaxe":1},"minecraft:dropped":{"minecraft:gravel":2,"minecraft:light_gray_terracotta":2,"minecraft:cobblestone":3,"minecraft:arrow":2,"pointblank:doom_bfg9000":1},"minecraft:picked_up":{"minecraft:birch_log":2,"minecraft:cocoa_beans":1,"minecraft:crafting_table":2,"minecraft:feather":3,"minecraft:cooked_beef":5,"minecraft:chicken":1,"minecraft:jungle_log":34,"minecraft:wooden_pickaxe":1,"pointblank:doom_gausscannon":1,"minecraft:flint":1,"minecraft:lapis_lazuli":14,"minecraft:dirt":32,"minecraft:string":3,"minecraft:orange_terracotta":13,"minecraft:bone":1,"chiselsandbits:chiseled_block":2,"minecraft:iron_ingot":10,"minecraft:stick":27,"minecraft:raw_iron":6,"pointblank:doom_bfg9000":2,"minecraft:torch":3,"minecraft:gravel":2,"pointblank:gunmetal_nugget":8,"minecraft:white_bed":1,"minecraft:red_terracotta":10,"scp:lingotedemango":11,"minecraft:light_gray_terracotta":7,"minecraft:cactus":1,"minecraft:arrow":2,"minecraft:rotten_flesh":9,"minecraft:yellow_terracotta":1,"minecraft:white_terracotta":7,"minecraft:terracotta":66,"minecraft:mutton":6,"minecraft:white_wool":4,"minecraft:cobblestone":79},"minecraft:killed":{"minecraft:spider":1,"minecraft:skeleton":1,"minecraft:sheep":4,"minecraft:zombie":8,"minecraft:chicken":2},"minecraft:mined":{"minecraft:white_bed":2,"scp:mineraldementa":11,"minecraft:orange_terracotta":13,"minecraft:crafting_table":2,"minecraft:torch":2,"minecraft:light_gray_terracotta":8,"minecraft:grass_block":2,"minecraft:dead_bush":35,"minecraft:jungle_log":34,"minecraft:lapis_ore":2,"minecraft:wall_torch":2,"minecraft:white_terracotta":7,"minecraft:cactus":1,"minecraft:red_terracotta":10,"minecraft:birch_log":2,"minecraft:iron_ore":6,"minecraft:vine":4,"minecraft:gravel":4,"minecraft:dirt":22,"minecraft:terracotta":58,"minecraft:stone":87,"minecraft:oak_leaves":2},"minecraft:killed_by":{"doppelgangermod:dp_creeper":1,"midnightlurker:midnight_lurker_backturned":1,"minecraft:player":3,"minecraft:skeleton":1,"doppelgangermod:dpchicken":1},"minecraft:crafted":{"minecraft:crafting_table":2,"minecraft:furnace":1,"minecraft:birch_planks":8,"minecraft:stone_axe":1,"minecraft:jungle_planks":4,"chiselsandbits:chisel_iron":1,"minecraft:stone_pickaxe":2,"minecraft:stone_sword":1,"minecraft:white_bed":1},"minecraft:used":{"minecraft:stone_sword":90,"chiselsandbits:chiseled_block":2,"minecraft:stone_pickaxe":199,"minecraft:wooden_pickaxe":22,"minecraft:white_terracotta":4,"minecraft:torch":2,"minecraft:dirt":26,"minecraft:terracotta":58,"minecraft:crafting_table":3,"minecraft:light_gray_terracotta":5,"minecraft:white_bed":2,"minecraft:red_terracotta":8,"minecraft:stone_axe":35,"minecraft:cobblestone":1,"minecraft:furnace":1,"minecraft:cooked_beef":5},"minecraft:custom":{"minecraft:interact_with_furnace":2,"minecraft:mob_kills":17,"minecraft:interact_with_crafting_table":12,"minecraft:leave_game":1,"minecraft:time_since_death":488,"minecraft:sleep_in_bed":10,"minecraft:climb_one_cm":3661,"minecraft:time_since_rest":516,"minecraft:sprint_one_cm":95803,"minecraft:damage_taken":6245,"minecraft:walk_one_cm":200813,"minecraft:drop":7,"minecraft:damage_dealt":3570,"minecraft:swim_one_cm":6437,"minecraft:fly_one_cm":86758,"minecraft:player_kills":2,"minecraft:crouch_one_cm":2121,"minecraft:play_time":56691,"minecraft:deaths":13,"minecraft:sneak_time":993,"minecraft:walk_under_water_one_cm":2261,"minecraft:jump":712,"minecraft:walk_on_water_one_cm":3727,"minecraft:total_world_time":56691,"minecraft:fall_one_cm":50022}},"DataVersion":3465}