{
  "radiation_zone:wtrz": {
    "criteria": {
      "wtrz": "2024-05-20 20:57:31 +0000"
    },
    "done": true
  },
  "minecraft:adventure/adventuring_time": {
    "criteria": {
      "minecraft:eroded_badlands": "2024-05-21 19:10:33 +0000",
      "minecraft:wooded_badlands": "2024-05-20 20:58:36 +0000",
      "minecraft:badlands": "2024-05-21 19:03:09 +0000",
      "minecraft:beach": "2024-05-21 14:37:06 +0000",
      "minecraft:dark_forest": "2024-05-21 15:55:13 +0000",
      "minecraft:sparse_jungle": "2024-05-20 20:57:33 +0000",
      "minecraft:river": "2024-05-20 21:01:40 +0000",
      "minecraft:lukewarm_ocean": "2024-05-21 14:33:57 +0000",
      "minecraft:dripstone_caves": "2024-05-21 19:11:29 +0000",
      "minecraft:lush_caves": "2024-05-21 15:55:14 +0000",
      "minecraft:desert": "2024-05-20 20:58:22 +0000",
      "minecraft:jungle": "2024-05-21 15:10:36 +0000",
      "minecraft:warm_ocean": "2024-05-21 14:28:04 +0000",
      "minecraft:deep_lukewarm_ocean": "2024-05-21 14:33:59 +0000",
      "minecraft:old_growth_birch_forest": "2024-05-21 15:53:10 +0000",
      "minecraft:plains": "2024-05-21 14:38:39 +0000"
    },
    "done": false
  },
  "alexsmobs:alexsmobs/root": {
    "criteria": {
      "useitem": "2024-05-20 20:57:47 +0000"
    },
    "done": true
  },
  "minecraft:husbandry/root": {
    "criteria": {
      "consumed_item": "2024-05-20 20:57:47 +0000"
    },
    "done": true
  },
  "biomesoplenty:biomesoplenty/all_biomes": {
    "criteria": {
      "woodland": "2024-05-21 14:32:53 +0000",
      "floodplain": "2024-05-21 14:30:25 +0000",
      "lush_savanna": "2024-05-21 14:39:22 +0000",
      "mystic_grove": "2024-05-21 15:50:04 +0000",
      "old_growth_woodland": "2024-05-21 14:38:07 +0000",
      "dryland": "2024-05-20 21:02:53 +0000",
      "wasteland": "2024-05-21 14:30:13 +0000",
      "lush_desert": "2024-05-20 21:01:48 +0000",
      "rainforest": "2024-05-21 14:37:39 +0000"
    },
    "done": false
  },
  "biomesoplenty:biomesoplenty/root": {
    "criteria": {
      "lush_desert": "2024-05-20 21:01:48 +0000"
    },
    "done": true
  },
  "minecraft:adventure/root": {
    "criteria": {
      "killed_by_something": "2024-05-21 14:16:39 +0000"
    },
    "done": true
  },
  "radiation_zone:mdaf": {
    "criteria": {
      "mdaf": "2024-05-21 14:17:44 +0000"
    },
    "done": true
  },
  "minecraft:husbandry/balanced_diet": {
    "criteria": {
      "cooked_mutton": "2024-05-21 15:15:39 +0000",
      "cooked_beef": "2024-05-21 14:19:31 +0000",
      "baked_potato": "2024-05-21 19:21:54 +0000",
      "spider_eye": "2024-05-21 15:58:44 +0000",
      "potato": "2024-05-21 15:30:54 +0000",
      "bread": "2024-05-21 16:05:04 +0000",
      "golden_apple": "2024-05-21 15:22:28 +0000",
      "rotten_flesh": "2024-05-21 15:25:13 +0000",
      "melon_slice": "2024-05-21 16:09:59 +0000",
      "cooked_chicken": "2024-05-21 15:54:59 +0000",
      "carrot": "2024-05-21 14:19:09 +0000"
    },
    "done": false
  },
  "minecraft:story/smelt_iron": {
    "criteria": {
      "iron": "2024-05-21 14:19:16 +0000"
    },
    "done": true
  },
  "minecraft:adventure/kill_all_mobs": {
    "criteria": {
      "minecraft:skeleton": "2024-05-21 14:33:11 +0000",
      "minecraft:spider": "2024-05-21 14:43:23 +0000",
      "minecraft:creeper": "2024-05-21 15:01:28 +0000",
      "quark:forgotten": "2024-05-21 15:32:43 +0000",
      "minecraft:witch": "2024-05-21 15:31:35 +0000",
      "minecraft:husk": "2024-05-21 14:43:32 +0000",
      "minecraft:cave_spider": "2024-05-21 15:31:15 +0000",
      "minecraft:enderman": "2024-05-21 15:46:57 +0000",
      "minecraft:zombie": "2024-05-21 14:19:18 +0000"
    },
    "done": false
  },
  "minecraft:adventure/kill_a_mob": {
    "criteria": {
      "minecraft:zombie": "2024-05-21 14:19:18 +0000"
    },
    "done": true
  },
  "minecraft:story/mine_diamond": {
    "criteria": {
      "diamond": "2024-05-21 14:19:49 +0000"
    },
    "done": true
  },
  "radiation_zone:bgf": {
    "criteria": {
      "bgf": "2024-05-21 14:23:05 +0000"
    },
    "done": true
  },
  "radiation_zone:rc": {
    "criteria": {
      "rc": "2024-05-21 14:23:08 +0000"
    },
    "done": true
  },
  "radiation_zone:e": {
    "criteria": {
      "e": "2024-05-21 14:23:14 +0000"
    },
    "done": true
  },
  "alexsmobs:alexsmobs/emu": {
    "criteria": {
      "killed_by": "2024-05-21 14:40:19 +0000"
    },
    "done": true
  },
  "minecraft:story/obtain_armor": {
    "criteria": {
      "iron_boots": "2024-05-21 14:41:48 +0000"
    },
    "done": true
  },
  "alexsmobs:alexsmobs/kangaroo": {
    "criteria": {
      "killed_by": "2024-05-21 14:45:24 +0000"
    },
    "done": true
  },
  "alexsmobs:alexsmobs/rattlesnake": {
    "criteria": {
      "killed": "2024-05-21 14:48:50 +0000"
    },
    "done": true
  },
  "minecraft:story/form_obsidian": {
    "criteria": {
      "obsidian": "2024-05-21 14:50:17 +0000"
    },
    "done": true
  },
  "alexsmobs:alexsmobs/seagull_steal": {
    "criteria": {
      "ex": "2024-05-21 14:50:40 +0000"
    },
    "done": true
  },
  "minecraft:story/mine_stone": {
    "criteria": {
      "get_stone": "2024-05-21 14:56:11 +0000"
    },
    "done": true
  },
  "quark:mine_toretoise": {
    "criteria": {
      "mine_toretoise": "2024-05-21 14:59:13 +0000"
    },
    "done": true
  },
  "quark:get_forgotten_hat": {
    "criteria": {
      "get_forgotten_hat": "2024-05-21 15:32:48 +0000"
    },
    "done": true
  },
  "minecraft:husbandry/axolotl_in_a_bucket": {
    "criteria": {
      "axolotl_bucket": "2024-05-21 15:56:25 +0000"
    },
    "done": true
  },
  "alexsmobs:alexsmobs/murmur": {
    "criteria": {
      "killed_by": "2024-05-21 15:59:02 +0000"
    },
    "done": true
  },
  "alexsmobs:alexsmobs/guster": {
    "criteria": {
      "killed_by": "2024-05-21 16:28:18 +0000"
    },
    "done": true
  },
  "minecraft:story/root": {
    "criteria": {
      "crafting_table": "2024-05-21 16:40:59 +0000"
    },
    "done": true
  },
  "DataVersion": 3465
}