{
  "radiation_zone:wtrz": {
    "criteria": {
      "wtrz": "2024-05-20 20:56:55 +0000"
    },
    "done": true
  },
  "minecraft:adventure/adventuring_time": {
    "criteria": {
      "minecraft:wooded_badlands": "2024-05-21 15:16:35 +0000",
      "minecraft:beach": "2024-05-21 14:48:30 +0000",
      "minecraft:dark_forest": "2024-05-21 14:46:09 +0000",
      "minecraft:sparse_jungle": "2024-05-20 20:56:57 +0000",
      "minecraft:lukewarm_ocean": "2024-05-21 14:49:52 +0000",
      "minecraft:river": "2024-05-21 14:48:55 +0000",
      "minecraft:desert": "2024-05-20 20:58:16 +0000",
      "minecraft:jungle": "2024-05-21 15:26:43 +0000",
      "minecraft:ocean": "2024-05-21 14:45:59 +0000",
      "minecraft:warm_ocean": "2024-05-20 20:58:18 +0000",
      "minecraft:old_growth_birch_forest": "2024-05-21 14:46:14 +0000",
      "minecraft:plains": "2024-05-21 14:49:26 +0000"
    },
    "done": false
  },
  "minecraft:husbandry/froglights": {
    "criteria": {
      "froglights": "2024-05-21 16:55:05 +0000"
    },
    "done": true
  },
  "quark:throw_pickarang": {
    "criteria": {
      "throw_pickarang": "2024-05-21 14:16:53 +0000"
    },
    "done": true
  },
  "minecraft:story/shiny_gear": {
    "criteria": {
      "diamond_chestplate": "2024-05-21 17:45:04 +0000"
    },
    "done": true
  },
  "minecraft:husbandry/balanced_diet": {
    "criteria": {
      "cooked_beef": "2024-05-21 15:31:50 +0000"
    },
    "done": false
  },
  "alexsmobs:alexsmobs/rainbow_glass": {
    "criteria": {
      "gustmaker": "2024-05-21 14:15:58 +0000"
    },
    "done": true
  },
  "minecraft:story/obtain_armor": {
    "criteria": {
      "iron_helmet": "2024-05-21 15:03:29 +0000"
    },
    "done": true
  },
  "minecraft:story/mine_stone": {
    "criteria": {
      "get_stone": "2024-05-21 14:17:03 +0000"
    },
    "done": true
  },
  "biomesoplenty:biomesoplenty/all_biomes": {
    "criteria": {
      "woodland": "2024-05-21 18:06:16 +0000",
      "lush_savanna": "2024-05-21 14:48:24 +0000",
      "old_growth_woodland": "2024-05-21 14:44:53 +0000",
      "lush_desert": "2024-05-21 14:48:23 +0000",
      "grassland": "2024-05-21 14:45:52 +0000",
      "rainforest": "2024-05-21 14:48:19 +0000"
    },
    "done": false
  },
  "radiation_zone:e": {
    "criteria": {
      "e": "2024-05-21 17:44:24 +0000"
    },
    "done": true
  },
  "minecraft:story/lava_bucket": {
    "criteria": {
      "lava_bucket": "2024-05-21 19:09:43 +0000"
    },
    "done": true
  },
  "minecraft:husbandry/root": {
    "criteria": {
      "consumed_item": "2024-05-21 15:31:50 +0000"
    },
    "done": true
  },
  "minecraft:adventure/root": {
    "criteria": {
      "killed_something": "2024-05-21 14:17:02 +0000"
    },
    "done": true
  },
  "minecraft:adventure/kill_all_mobs": {
    "criteria": {
      "minecraft:skeleton": "2024-05-21 17:03:30 +0000",
      "minecraft:creeper": "2024-05-21 15:55:37 +0000",
      "minecraft:witch": "2024-05-21 15:31:32 +0000",
      "minecraft:cave_spider": "2024-05-21 15:31:37 +0000",
      "minecraft:enderman": "2024-05-21 16:56:26 +0000",
      "minecraft:zombie": "2024-05-21 15:31:41 +0000"
    },
    "done": false
  },
  "minecraft:story/mine_diamond": {
    "criteria": {
      "diamond": "2024-05-21 17:43:43 +0000"
    },
    "done": true
  },
  "minecraft:story/upgrade_tools": {
    "criteria": {
      "stone_pickaxe": "2024-05-21 14:17:03 +0000"
    },
    "done": true
  },
  "quark:get_diamond_heart": {
    "criteria": {
      "get_diamond_heart": "2024-05-21 14:13:20 +0000"
    },
    "done": true
  },
  "alexsmobs:alexsmobs/blood_sprayer": {
    "criteria": {
      "blood_sprayer": "2024-05-21 19:10:23 +0000"
    },
    "done": true
  },
  "minecraft:adventure/throw_trident": {
    "criteria": {
      "shot_trident": "2024-05-21 17:56:45 +0000"
    },
    "done": true
  },
  "alexsmobs:alexsmobs/banana": {
    "criteria": {
      "banana": "2024-05-21 14:51:47 +0000"
    },
    "done": true
  },
  "biomesoplenty:biomesoplenty/root": {
    "criteria": {
      "old_growth_woodland": "2024-05-21 14:44:53 +0000"
    },
    "done": true
  },
  "minecraft:story/root": {
    "criteria": {
      "crafting_table": "2024-05-21 14:12:56 +0000"
    },
    "done": true
  },
  "minecraft:story/form_obsidian": {
    "criteria": {
      "obsidian": "2024-05-21 15:30:23 +0000"
    },
    "done": true
  },
  "minecraft:adventure/kill_a_mob": {
    "criteria": {
      "minecraft:witch": "2024-05-21 15:31:32 +0000"
    },
    "done": true
  },
  "minecraft:nether/netherite_armor": {
    "criteria": {
      "netherite_armor": "2024-05-21 15:55:49 +0000"
    },
    "done": true
  },
  "minecraft:story/smelt_iron": {
    "criteria": {
      "iron": "2024-05-21 17:46:17 +0000"
    },
    "done": true
  },
  "DataVersion": 3465
}