{
  "minecraft:recipes/decorations/crafting_table": {
    "criteria": {
      "unlock_right_away": "2024-10-26 16:24:29 +0000"
    },
    "done": true
  },
  "minecraft:adventure/adventuring_time": {
    "criteria": {
      "minecraft:stony_shore": "2024-10-27 11:32:36 +0000",
      "minecraft:forest": "2024-10-26 16:24:30 +0000",
      "minecraft:savanna": "2024-10-26 23:49:02 +0000",
      "minecraft:plains": "2024-10-27 11:32:33 +0000"
    },
    "done": false
  },
  "minecraft:adventure/root": {
    "criteria": {
      "killed_by_something": "2024-10-26 16:43:27 +0000"
    },
    "done": true
  },
  "parcool:grant_parcool_guide": {
    "criteria": {
      "tick": "2024-10-26 23:48:07 +0000"
    },
    "done": true
  },
  "DataVersion": 3465
}