{
  "minecraft:recipes/tools/fishing_rod": {
    "criteria": {
      "has_string": "2024-09-13 16:00:08 +0000"
    },
    "done": true
  },
  "minecraft:recipes/food/cooked_porkchop_from_campfire_cooking": {
    "criteria": {
      "has_porkchop": "2024-09-13 15:48:34 +0000"
    },
    "done": true
  },
  "minecraft:recipes/redstone/lever": {
    "criteria": {
      "has_cobblestone": "2024-09-13 16:22:16 +0000"
    },
    "done": true
  },
  "minecraft:recipes/building_blocks/granite_stairs": {
    "criteria": {
      "has_granite": "2024-09-13 16:22:16 +0000"
    },
    "done": true
  },
  "minecraft:recipes/building_blocks/cobblestone_stairs_from_cobblestone_stonecutting": {
    "criteria": {
      "has_cobblestone": "2024-09-13 16:22:16 +0000"
    },
    "done": true
  },
  "minecraft:recipes/building_blocks/stone_bricks": {
    "criteria": {
      "has_stone": "2024-09-13 16:31:18 +0000"
    },
    "done": true
  },
  "minecraft:recipes/building_blocks/stone_bricks_from_stone_stonecutting": {
    "criteria": {
      "has_stone": "2024-09-13 16:31:18 +0000"
    },
    "done": true
  },
  "minecraft:recipes/decorations/loom": {
    "criteria": {
      "has_string": "2024-09-13 16:00:08 +0000"
    },
    "done": true
  },
  "minecraft:recipes/building_blocks/cracked_polished_blackstone_bricks": {
    "criteria": {
      "has_blackstone_bricks": "2024-09-13 16:56:28 +0000"
    },
    "done": true
  },
  "minecraft:recipes/combat/leather_helmet": {
    "criteria": {
      "has_leather": "2024-09-13 15:47:34 +0000"
    },
    "done": true
  },
  "minecraft:recipes/building_blocks/polished_blackstone_brick_slab": {
    "criteria": {
      "has_polished_blackstone_bricks": "2024-09-13 16:56:28 +0000"
    },
    "done": true
  },
  "jujutsucraft:skill_cursed_technique_lapse_blue": {
    "criteria": {
      "skill_cursed_technique_lapse_blue": "2024-09-13 16:00:04 +0000"
    },
    "done": true
  },
  "minecraft:recipes/building_blocks/smooth_stone": {
    "criteria": {
      "has_stone": "2024-09-13 16:31:18 +0000"
    },
    "done": true
  },
  "minecraft:recipes/decorations/chest": {
    "criteria": {
      "has_lots_of_items": "2024-09-13 16:10:40 +0000"
    },
    "done": true
  },
  "jujutsucraft:observation_of_the_soul": {
    "criteria": {
      "observation_of_the_soul": "2024-09-13 15:46:45 +0000"
    },
    "done": true
  },
  "minecraft:recipes/building_blocks/stone_slab_from_stone_stonecutting": {
    "criteria": {
      "has_stone": "2024-09-13 16:31:18 +0000"
    },
    "done": true
  },
  "minecraft:recipes/building_blocks/chiseled_stone_bricks_stone_from_stonecutting": {
    "criteria": {
      "has_stone": "2024-09-13 16:31:18 +0000"
    },
    "done": true
  },
  "minecraft:recipes/building_blocks/stone_slab": {
    "criteria": {
      "has_stone": "2024-09-13 16:31:18 +0000"
    },
    "done": true
  },
  "minecraft:recipes/decorations/polished_blackstone_brick_wall": {
    "criteria": {
      "has_polished_blackstone_bricks": "2024-09-13 16:56:28 +0000"
    },
    "done": true
  },
  "minecraft:recipes/building_blocks/stone_brick_slab_from_stone_stonecutting": {
    "criteria": {
      "has_stone": "2024-09-13 16:31:18 +0000"
    },
    "done": true
  },
  "minecraft:recipes/misc/iron_ingot_from_blasting": {
    "criteria": {
      "has_iron_ore": "2024-09-13 16:35:31 +0000"
    },
    "done": true
  },
  "minecraft:recipes/transportation/spruce_boat": {
    "criteria": {
      "in_water": "2024-09-13 16:00:55 +0000"
    },
    "done": true
  },
  "minecraft:recipes/building_blocks/polished_blackstone_brick_slab_from_polished_blackstone_bricks_stonecutting": {
    "criteria": {
      "has_polished_blackstone_bricks": "2024-09-13 16:56:28 +0000"
    },
    "done": true
  },
  "jujutsucraft:skill_gojo": {
    "criteria": {
      "skill_gojo": "2024-09-13 16:00:04 +0000"
    },
    "done": true
  },
  "minecraft:recipes/tools/stone_shovel": {
    "criteria": {
      "has_cobblestone": "2024-09-13 16:22:16 +0000"
    },
    "done": true
  },
  "minecraft:recipes/building_blocks/oak_planks": {
    "criteria": {
      "has_logs": "2024-09-13 19:43:17 +0000"
    },
    "done": true
  },
  "minecraft:recipes/building_blocks/granite_slab_from_granite_stonecutting": {
    "criteria": {
      "has_granite": "2024-09-13 16:22:16 +0000"
    },
    "done": true
  },
  "jujutsucraft:skill_mahito": {
    "criteria": {
      "skill_mahito": "2024-09-13 15:57:24 +0000"
    },
    "done": true
  },
  "minecraft:recipes/building_blocks/polished_granite_from_granite_stonecutting": {
    "criteria": {
      "has_granite": "2024-09-13 16:22:16 +0000"
    },
    "done": true
  },
  "minecraft:husbandry/balanced_diet": {
    "criteria": {
      "beef": "2024-09-13 16:10:51 +0000"
    },
    "done": false
  },
  "minecraft:recipes/building_blocks/cobblestone_slab": {
    "criteria": {
      "has_cobblestone": "2024-09-13 16:22:16 +0000"
    },
    "done": true
  },
  "minecraft:recipes/redstone/tripwire_hook": {
    "criteria": {
      "has_string": "2024-09-13 16:00:08 +0000"
    },
    "done": true
  },
  "minecraft:recipes/building_blocks/cobblestone_stairs": {
    "criteria": {
      "has_cobblestone": "2024-09-13 16:22:16 +0000"
    },
    "done": true
  },
  "jujutsucraft:start_jujutsu_craft": {
    "criteria": {
      "start_jujutsu_craft": "2024-09-13 15:43:39 +0000"
    },
    "done": true
  },
  "minecraft:recipes/decorations/granite_wall": {
    "criteria": {
      "has_granite": "2024-09-13 16:22:16 +0000"
    },
    "done": true
  },
  "minecraft:recipes/building_blocks/oak_wood": {
    "criteria": {
      "has_log": "2024-09-13 19:43:17 +0000"
    },
    "done": true
  },
  "minecraft:recipes/redstone/stone_button": {
    "criteria": {
      "has_stone": "2024-09-13 16:31:18 +0000"
    },
    "done": true
  },
  "minecraft:recipes/combat/crossbow": {
    "criteria": {
      "has_string": "2024-09-13 16:00:08 +0000"
    },
    "done": true
  },
  "jujutsucraft:advancement_insect": {
    "criteria": {
      "advancement_insect": "2024-09-13 16:12:46 +0000"
    },
    "done": true
  },
  "minecraft:recipes/food/cooked_porkchop_from_smoking": {
    "criteria": {
      "has_porkchop": "2024-09-13 15:48:34 +0000"
    },
    "done": true
  },
  "jujutsucraft:jujutsu_craft_skills": {
    "criteria": {
      "jujutsu_craft_skills": "2024-09-13 15:43:39 +0000"
    },
    "done": true
  },
  "minecraft:recipes/building_blocks/granite_stairs_from_granite_stonecutting": {
    "criteria": {
      "has_granite": "2024-09-13 16:22:16 +0000"
    },
    "done": true
  },
  "minecraft:recipes/misc/leather_horse_armor": {
    "criteria": {
      "has_leather": "2024-09-13 15:47:34 +0000"
    },
    "done": true
  },
  "minecraft:recipes/combat/leather_leggings": {
    "criteria": {
      "has_leather": "2024-09-13 15:47:34 +0000"
    },
    "done": true
  },
  "minecraft:recipes/decorations/white_glazed_terracotta": {
    "criteria": {
      "has_white_terracotta": "2024-09-13 16:56:33 +0000"
    },
    "done": true
  },
  "minecraft:recipes/combat/bow": {
    "criteria": {
      "has_string": "2024-09-13 16:00:08 +0000"
    },
    "done": true
  },
  "jujutsucraft:sukuna_finger_20": {
    "criteria": {
      "sukuna_finger_20": "2024-09-13 15:47:55 +0000"
    },
    "done": true
  },
  "minecraft:recipes/combat/leather_chestplate": {
    "criteria": {
      "has_leather": "2024-09-13 15:47:34 +0000"
    },
    "done": true
  },
  "minecraft:adventure/kill_a_mob": {
    "criteria": {
      "minecraft:spider": "2024-09-13 15:57:38 +0000"
    },
    "done": true
  },
  "minecraft:recipes/building_blocks/stone_stairs_from_stone_stonecutting": {
    "criteria": {
      "has_stone": "2024-09-13 16:31:18 +0000"
    },
    "done": true
  },
  "minecraft:recipes/misc/iron_ingot": {
    "criteria": {
      "has_iron_ore": "2024-09-13 16:35:31 +0000"
    },
    "done": true
  },
  "kimetsunoyaiba:demon_slayer_corps": {
    "criteria": {
      "demon_slayer_corps": "2024-09-13 15:56:36 +0000"
    },
    "done": true
  },
  "minecraft:story/mine_stone": {
    "criteria": {
      "get_stone": "2024-09-13 16:22:16 +0000"
    },
    "done": true
  },
  "minecraft:recipes/building_blocks/stone": {
    "criteria": {
      "has_cobblestone": "2024-09-13 16:22:16 +0000"
    },
    "done": true
  },
  "minecraft:recipes/decorations/furnace": {
    "criteria": {
      "has_cobblestone": "2024-09-13 16:22:16 +0000"
    },
    "done": true
  },
  "minecraft:recipes/decorations/stonecutter": {
    "criteria": {
      "has_stone": "2024-09-13 16:31:18 +0000"
    },
    "done": true
  },
  "minecraft:recipes/food/cooked_beef": {
    "criteria": {
      "has_beef": "2024-09-13 15:59:11 +0000"
    },
    "done": true
  },
  "minecraft:recipes/brewing/cauldron": {
    "criteria": {
      "has_water_bucket": "2024-09-13 16:34:12 +0000"
    },
    "done": true
  },
  "minecraft:adventure/adventuring_time": {
    "criteria": {
      "minecraft:forest": "2024-09-13 15:54:48 +0000",
      "minecraft:taiga": "2024-09-13 16:24:57 +0000",
      "minecraft:taiga_hills": "2024-09-13 16:54:54 +0000",
      "minecraft:beach": "2024-09-13 16:07:43 +0000",
      "minecraft:river": "2024-09-13 16:07:43 +0000",
      "minecraft:wooded_hills": "2024-09-13 15:48:22 +0000",
      "minecraft:plains": "2024-09-13 15:43:39 +0000"
    },
    "done": false
  },
  "minecraft:recipes/misc/charcoal": {
    "criteria": {
      "has_log": "2024-09-13 19:43:17 +0000"
    },
    "done": true
  },
  "minecraft:recipes/building_blocks/cobblestone_slab_from_cobblestone_stonecutting": {
    "criteria": {
      "has_cobblestone": "2024-09-13 16:22:16 +0000"
    },
    "done": true
  },
  "jujutsucraft:sukuna_finger_10": {
    "criteria": {
      "sukuna_finger_10": "2024-09-13 15:47:46 +0000"
    },
    "done": true
  },
  "minecraft:husbandry/root": {
    "criteria": {
      "consumed_item": "2024-09-13 15:46:45 +0000"
    },
    "done": true
  },
  "jujutsucraft:sukuna_finger_11": {
    "criteria": {
      "sukuna_finger_11": "2024-09-13 15:47:47 +0000"
    },
    "done": true
  },
  "jujutsucraft:battle_advancements": {
    "criteria": {
      "battle_advancements": "2024-09-13 15:43:39 +0000"
    },
    "done": true
  },
  "jujutsucraft:sukuna_finger_12": {
    "criteria": {
      "sukuna_finger_12": "2024-09-13 15:47:48 +0000"
    },
    "done": true
  },
  "jujutsucraft:sukuna_finger_13": {
    "criteria": {
      "sukuna_finger_13": "2024-09-13 15:47:49 +0000"
    },
    "done": true
  },
  "minecraft:recipes/transportation/birch_boat": {
    "criteria": {
      "in_water": "2024-09-13 16:00:55 +0000"
    },
    "done": true
  },
  "jujutsucraft:sukuna_finger_14": {
    "criteria": {
      "sukuna_finger_14": "2024-09-13 15:47:50 +0000"
    },
    "done": true
  },
  "jujutsucraft:sukuna_finger_15": {
    "criteria": {
      "sukuna_finger_15": "2024-09-13 15:47:51 +0000"
    },
    "done": true
  },
  "minecraft:recipes/combat/stone_sword": {
    "criteria": {
      "has_cobblestone": "2024-09-13 16:22:16 +0000"
    },
    "done": true
  },
  "jujutsucraft:sukuna_finger_1": {
    "criteria": {
      "sukuna_finger_1": "2024-09-13 15:46:45 +0000"
    },
    "done": true
  },
  "jujutsucraft:sukuna_finger_16": {
    "criteria": {
      "sukuna_finger_16": "2024-09-13 15:47:52 +0000"
    },
    "done": true
  },
  "jujutsucraft:sukuna_finger_2": {
    "criteria": {
      "sukuna_finger_2": "2024-09-13 15:47:37 +0000"
    },
    "done": true
  },
  "jujutsucraft:sukuna_finger_17": {
    "criteria": {
      "sukuna_finger_17": "2024-09-13 15:47:52 +0000"
    },
    "done": true
  },
  "minecraft:recipes/decorations/cobblestone_wall": {
    "criteria": {
      "has_cobblestone": "2024-09-13 16:22:16 +0000"
    },
    "done": true
  },
  "minecraft:recipes/building_blocks/polished_granite_slab_from_granite_stonecutting": {
    "criteria": {
      "has_granite": "2024-09-13 16:22:16 +0000"
    },
    "done": true
  },
  "jujutsucraft:sukuna_finger_3": {
    "criteria": {
      "sukuna_finger_3": "2024-09-13 15:47:40 +0000"
    },
    "done": true
  },
  "jujutsucraft:sukuna_finger_18": {
    "criteria": {
      "sukuna_finger_18": "2024-09-13 15:47:53 +0000"
    },
    "done": true
  },
  "jujutsucraft:sukuna_finger_4": {
    "criteria": {
      "sukuna_finger_4": "2024-09-13 15:47:41 +0000"
    },
    "done": true
  },
  "jujutsucraft:sukuna_finger_19": {
    "criteria": {
      "sukuna_finger_19": "2024-09-13 15:47:54 +0000"
    },
    "done": true
  },
  "jujutsucraft:sukuna_finger_5": {
    "criteria": {
      "sukuna_finger_5": "2024-09-13 15:47:42 +0000"
    },
    "done": true
  },
  "minecraft:recipes/transportation/acacia_boat": {
    "criteria": {
      "in_water": "2024-09-13 16:00:55 +0000"
    },
    "done": true
  },
  "minecraft:recipes/tools/stone_pickaxe": {
    "criteria": {
      "has_cobblestone": "2024-09-13 16:22:16 +0000"
    },
    "done": true
  },
  "jujutsucraft:fame_2": {
    "criteria": {
      "fame_2": "2024-09-13 16:21:47 +0000"
    },
    "done": true
  },
  "jujutsucraft:fame_3": {
    "criteria": {
      "fame_3": "2024-09-13 16:03:10 +0000"
    },
    "done": true
  },
  "minecraft:adventure/root": {
    "criteria": {
      "killed_something": "2024-09-13 15:47:33 +0000"
    },
    "done": true
  },
  "kimetsunoyaiba:mizunoto": {
    "criteria": {
      "mizunoto": "2024-09-13 15:56:36 +0000"
    },
    "done": true
  },
  "minecraft:recipes/redstone/stone_pressure_plate": {
    "criteria": {
      "has_stone": "2024-09-13 16:31:18 +0000"
    },
    "done": true
  },
  "minecraft:recipes/combat/leather_boots": {
    "criteria": {
      "has_leather": "2024-09-13 15:47:34 +0000"
    },
    "done": true
  },
  "minecraft:recipes/transportation/jungle_boat": {
    "criteria": {
      "in_water": "2024-09-13 16:00:55 +0000"
    },
    "done": true
  },
  "jujutsucraft:fame_4": {
    "criteria": {
      "fame_4": "2024-09-13 16:03:10 +0000"
    },
    "done": true
  },
  "minecraft:recipes/decorations/cobblestone_wall_from_cobblestone_stonecutting": {
    "criteria": {
      "has_cobblestone": "2024-09-13 16:22:16 +0000"
    },
    "done": true
  },
  "minecraft:recipes/decorations/stone_brick_walls_from_stone_stonecutting": {
    "criteria": {
      "has_stone": "2024-09-13 16:31:18 +0000"
    },
    "done": true
  },
  "minecraft:recipes/decorations/item_frame": {
    "criteria": {
      "has_leather": "2024-09-13 15:47:34 +0000"
    },
    "done": true
  },
  "minecraft:recipes/building_blocks/stone_brick_stairs_from_stone_stonecutting": {
    "criteria": {
      "has_stone": "2024-09-13 16:31:18 +0000"
    },
    "done": true
  },
  "minecraft:recipes/building_blocks/white_wool_from_string": {
    "criteria": {
      "has_string": "2024-09-13 16:00:08 +0000"
    },
    "done": true
  },
  "minecraft:recipes/tools/stone_hoe": {
    "criteria": {
      "has_cobblestone": "2024-09-13 16:22:16 +0000"
    },
    "done": true
  },
  "minecraft:recipes/building_blocks/polished_blackstone_brick_stairs": {
    "criteria": {
      "has_polished_blackstone_bricks": "2024-09-13 16:56:28 +0000"
    },
    "done": true
  },
  "minecraft:recipes/transportation/dark_oak_boat": {
    "criteria": {
      "in_water": "2024-09-13 16:00:55 +0000"
    },
    "done": true
  },
  "jujutsucraft:mastery_simple_domain": {
    "criteria": {
      "mastery_simple_domain": "2024-09-13 16:23:24 +0000"
    },
    "done": true
  },
  "minecraft:adventure/kill_all_mobs": {
    "criteria": {
      "minecraft:spider": "2024-09-13 15:57:38 +0000",
      "minecraft:creeper": "2024-09-13 16:19:49 +0000",
      "minecraft:enderman": "2024-09-13 16:08:24 +0000",
      "minecraft:zombie": "2024-09-13 16:22:01 +0000"
    },
    "done": false
  },
  "jujutsucraft:sukuna_finger_6": {
    "criteria": {
      "sukuna_finger_6": "2024-09-13 15:47:43 +0000"
    },
    "done": true
  },
  "jujutsucraft:sukuna_finger_7": {
    "criteria": {
      "sukuna_finger_7": "2024-09-13 15:47:44 +0000"
    },
    "done": true
  },
  "jujutsucraft:sukuna_finger_8": {
    "criteria": {
      "sukuna_finger_8": "2024-09-13 15:47:45 +0000"
    },
    "done": true
  },
  "minecraft:recipes/building_blocks/polished_granite": {
    "criteria": {
      "has_stone": "2024-09-13 16:22:16 +0000"
    },
    "done": true
  },
  "jujutsucraft:sukuna_finger_9": {
    "criteria": {
      "sukuna_finger_9": "2024-09-13 15:47:45 +0000"
    },
    "done": true
  },
  "minecraft:recipes/building_blocks/granite_slab": {
    "criteria": {
      "has_granite": "2024-09-13 16:22:16 +0000"
    },
    "done": true
  },
  "minecraft:recipes/food/cooked_beef_from_smoking": {
    "criteria": {
      "has_beef": "2024-09-13 15:59:11 +0000"
    },
    "done": true
  },
  "minecraft:recipes/building_blocks/stone_stairs": {
    "criteria": {
      "has_stone": "2024-09-13 16:31:18 +0000"
    },
    "done": true
  },
  "jujutsucraft:sorcerer_grade_4": {
    "criteria": {
      "sorcerer_grade_4": "2024-09-13 16:01:22 +0000"
    },
    "done": true
  },
  "kimetsunoyaiba:mizunoe": {
    "criteria": {
      "mizunoe": "2024-09-13 16:20:05 +0000"
    },
    "done": true
  },
  "minecraft:recipes/decorations/granite_wall_from_granite_stonecutting": {
    "criteria": {
      "has_granite": "2024-09-13 16:22:16 +0000"
    },
    "done": true
  },
  "jujutsucraft:skill_ten_shadows_technique": {
    "criteria": {
      "skill_ten_shadows_technique": "2024-09-13 15:49:38 +0000"
    },
    "done": true
  },
  "minecraft:recipes/food/cooked_beef_from_campfire_cooking": {
    "criteria": {
      "has_beef": "2024-09-13 15:59:11 +0000"
    },
    "done": true
  },
  "jujutsucraft:sorcerer_grade_3": {
    "criteria": {
      "sorcerer_grade_3": "2024-09-13 16:21:47 +0000"
    },
    "done": true
  },
  "jujutsucraft:skill_divine_dogs": {
    "criteria": {
      "skill_divine_dogs": "2024-09-13 15:49:38 +0000"
    },
    "done": true
  },
  "minecraft:recipes/building_blocks/polished_granite_stairs_from_granite_stonecutting": {
    "criteria": {
      "has_granite": "2024-09-13 16:22:16 +0000"
    },
    "done": true
  },
  "minecraft:recipes/building_blocks/polished_blackstone_brick_stairs_from_polished_blackstone_bricks_stonecutting": {
    "criteria": {
      "has_polished_blackstone_bricks": "2024-09-13 16:56:28 +0000"
    },
    "done": true
  },
  "minecraft:recipes/decorations/polished_blackstone_brick_wall_from_polished_blackstone_bricks_stonecutting": {
    "criteria": {
      "has_polished_blackstone_bricks": "2024-09-13 16:56:28 +0000"
    },
    "done": true
  },
  "minecraft:recipes/transportation/oak_boat": {
    "criteria": {
      "in_water": "2024-09-13 16:00:55 +0000"
    },
    "done": true
  },
  "minecraft:recipes/tools/stone_axe": {
    "criteria": {
      "has_cobblestone": "2024-09-13 16:22:16 +0000"
    },
    "done": true
  },
  "minecraft:recipes/food/cooked_porkchop": {
    "criteria": {
      "has_porkchop": "2024-09-13 15:48:34 +0000"
    },
    "done": true
  },
  "kimetsunoyaiba:demon_slayer": {
    "criteria": {
      "demon_slayer": "2024-09-13 15:43:39 +0000"
    },
    "done": true
  },
  "kimetsunoyaiba:cruel": {
    "criteria": {
      "cruel": "2024-09-13 15:43:39 +0000"
    },
    "done": true
  },
  "minecraft:husbandry/tame_an_animal": {
    "criteria": {
      "tamed_animal": "2024-09-13 15:56:36 +0000"
    },
    "done": true
  },
  "DataVersion": 2586
}