{
  "radiation_zone:wtrz": {
    "criteria": {
      "wtrz": "2024-05-20 20:58:20 +0000"
    },
    "done": true
  },
  "minecraft:adventure/adventuring_time": {
    "criteria": {
      "minecraft:wooded_badlands": "2024-05-21 15:24:10 +0000",
      "minecraft:beach": "2024-05-21 15:26:19 +0000",
      "minecraft:sparse_jungle": "2024-05-20 20:58:21 +0000",
      "minecraft:lukewarm_ocean": "2024-05-21 15:40:47 +0000",
      "minecraft:river": "2024-05-21 15:26:38 +0000",
      "minecraft:desert": "2024-05-20 20:58:49 +0000",
      "minecraft:jungle": "2024-05-21 15:26:40 +0000",
      "minecraft:warm_ocean": "2024-05-20 20:59:18 +0000"
    },
    "done": false
  },
  "minecraft:story/shiny_gear": {
    "criteria": {
      "diamond_helmet": "2024-05-21 15:37:04 +0000"
    },
    "done": true
  },
  "minecraft:story/obtain_armor": {
    "criteria": {
      "iron_chestplate": "2024-05-21 15:35:50 +0000"
    },
    "done": true
  },
  "biomesoplenty:biomesoplenty/all_biomes": {
    "criteria": {
      "rainforest": "2024-05-21 15:27:02 +0000"
    },
    "done": false
  },
  "minecraft:adventure/sleep_in_bed": {
    "criteria": {
      "slept_in_bed": "2024-05-21 15:39:26 +0000"
    },
    "done": true
  },
  "minecraft:adventure/root": {
    "criteria": {
      "killed_something": "2024-05-21 15:24:45 +0000"
    },
    "done": true
  },
  "minecraft:adventure/kill_all_mobs": {
    "criteria": {
      "minecraft:spider": "2024-05-21 15:24:45 +0000"
    },
    "done": false
  },
  "minecraft:story/mine_diamond": {
    "criteria": {
      "diamond": "2024-05-21 15:35:38 +0000"
    },
    "done": true
  },
  "biomesoplenty:biomesoplenty/root": {
    "criteria": {
      "rainforest": "2024-05-21 15:27:02 +0000"
    },
    "done": true
  },
  "minecraft:story/iron_tools": {
    "criteria": {
      "iron_pickaxe": "2024-05-21 15:36:22 +0000"
    },
    "done": true
  },
  "minecraft:story/root": {
    "criteria": {
      "crafting_table": "2024-05-21 15:36:48 +0000"
    },
    "done": true
  },
  "minecraft:adventure/kill_a_mob": {
    "criteria": {
      "minecraft:spider": "2024-05-21 15:24:45 +0000"
    },
    "done": true
  },
  "DataVersion": 3465
}